title,street,city,state,phone,website,category,group_key
St Matthew Catholic School,400 W Sunset Rd,El Paso,Texas,(915) 581-8801,http://www.stmatthewelpaso.org/,Catholic school,catholic
Blessed Sacrament Parish,9025 Diana Dr,El Paso,Texas,(915) 755-7658,http://www.epblessedsacrament.org/,Catholic church,catholic
St. Luke Catholic Church,930 E Redd Rd,El Paso,Texas,(915) 585-0255,http://www.stlukeelpaso.org/,Catholic church,catholic
Christ the Savior Catholic Church,5301 Wadsworth Ave,El Paso,Texas,(915) 821-3766,http://elpaso.church/,Catholic church,catholic
St. Francis of Assisi Catholic Church,5750 Doniphan Dr,El Paso,Texas,(915) 584-7130,http://www.sanfranciscoelpaso.com/,Catholic church,catholic
Most Holy Trinity Catholic Church,10000 Pheasant Rd,El Paso,Texas,(915) 301-0517,http://mostholytrinity.org/,Catholic church,catholic
Saint Matthew Catholic Church,400 W Sunset Rd,El Paso,Texas,(915) 584-3461,http://www.stmatthewcatholicchurch.org/,Catholic church,catholic
Our Lady of Assumption Church,4805 Byron St,El Paso,Texas,(915) 566-4040,http://www.olaep.org/,Catholic church,catholic
Queen of Peace Catholic Church,1551 Belvidere St,El Paso,Texas,(915) 584-5817,https://www.queenofpeaceparishep.org/,Catholic church,catholic
St Sharbel Maronite Catholic Mission - El Paso,851 Thorn Ave,El Paso,Texas,(915) 234-2303,http://stsharbelelpaso.org/,Catholic church,catholic
Ysleta Mission,131 S Zaragoza Rd,El Paso,Texas,(915) 233-3672,https://www.ysletamission.org/about/,Catholic church,catholic
Santa Teresita Mission,3401 Zapal Ave,El Paso,Texas,(915) 584-6412,,Catholic church,catholic
All Saints Catholic Church,1415 Dakota St,El Paso,Texas,(915) 566-9711,http://www.allsaintselpaso.org/,Catholic church,catholic
Our Lady of the Light Church,4700 Delta Dr,El Paso,Texas,(915) 532-1757,,Catholic church,catholic
St. Joseph Catholic Church,3729 Hueco Ave,El Paso,Texas,(915) 566-9396,https://kofc638.weebly.com/st-josephs-church.html,Catholic church,catholic
St. Pius X School,1007 Geronimo Dr,El Paso,Texas,(915) 262-4846,http://elpasostpiusx.org/,Catholic school,catholic
Saint Paul The Apostle Catholic Church,7424 Mimosa Ave,El Paso,Texas,(915) 778-5304,https://www.parishesonline.com/organization/st-paul-the-apostle-church-79915,Catholic church,catholic
Our Lady of Guadalupe Church,2709 Alabama St,El Paso,Texas,(915) 562-4304,https://olgelpaso.org/,Catholic church,catholic
Immaculate Conception Catholic Church,118 N Campbell St,El Paso,Texas,(915) 533-3427,https://www.fsspelpaso.com/,Catholic church,catholic
St. Pius X Catholic Church,1050 N Clark Dr,El Paso,Texas,(915) 772-3226,https://stpiusxelpaso.org/,Catholic church,catholic
San Juan Bautista Catholic Church,5649 Dailey Ave,El Paso,Texas,(915) 779-1583,,Catholic church,catholic
Guardian Angel Catholic Church,3021 Frutas Ave,El Paso,Texas,(915) 533-2077,https://masstime.us/guardian-angel-catholic-church-el-paso-texas/,Catholic church,catholic
"Office of Education, Diocese El Paso",499 St Matthews St,El Paso,Texas,(915) 872-8426,http://elpasocatholicschools.org/,Catholic school,catholic
St. Thomas Aquinas Roman Catholic Church,10970 Bywood Dr,El Paso,Texas,(915) 592-1313,http://stthomas-elpaso.com/,Catholic church,catholic
St. Mark Catholic Church,11700 Pebble Hills Blvd,El Paso,Texas,(915) 300-2800,https://www.smccep.org/,Catholic church,catholic
Corpus Christi Catholic Church,9205 N Loop Dr,El Paso,Texas,(915) 858-0488,http://www.corpuschristicc.com/,Catholic church,catholic
St. Stephen Deacon & Martyr Church,1700 George Dieter Dr,El Paso,Texas,(915) 855-1661,http://ststephenelpaso.org/,Catholic church,catholic
St Raphael Catholic Church,2301 Zanzibar Rd,El Paso,Texas,(915) 598-3431,http://www.straphaelelpaso.com/,Catholic church,catholic
St. Francis Xavier Catholic Church & Parish,519 S Latta St,El Paso,Texas,(915) 532-2761,https://www.stfrancisxaviercatholicchurch.com/,Catholic church,catholic
St. Frances Xavier Cabrini Catholic Church,12200 Vista del Sol Dr,El Paso,Texas,(915) 857-1263,http://www.stfrancesxaviercabrini.org/,Catholic church,catholic
Santo Nino De Atocha Church,210 S Clark Dr,El Paso,Texas,(915) 779-3164,,Catholic church,catholic
Cristo Rey Catholic Church,8011 Williamette Ave,El Paso,Texas,(915) 591-0688,http://cristo-church.poi.place/,Catholic church,catholic
San Antonio Catholic Church,503 Hunter Dr,El Paso,Texas,(915) 598-1457,http://san-church.poi.place/,Catholic church,catholic
Our Lady of the Valley Catholic Church,8600 Winchester Rd,El Paso,Texas,(915) 859-7939,http://www.olvchurcheptx.org/?fbclid=IwVERDUAQ_hyVleHRuA2FlbQIxMABzcnRjBmFwcF9pZAo2NjI4NTY4Mzc5AAEeRHG-6z0-nzKSb-dsKoSV9W5D4QgQUHBCIWxftbgqbscTaMonr1mCQIetWe4_aem_rHvCStaheu1IaUTwYuNZbA,Catholic church,catholic
Little Flower Catholic Church,171 Polo Inn Rd,El Paso,Texas,(915) 772-1285,https://masstime.us/little-flower-catholic-church-el-paso-texas/,Catholic church,catholic
Our Lady of Mount Carmel Catholic Church,131 S Zaragoza Rd,El Paso,Texas,(915) 859-9848,https://www.ysletamission.org/,Catholic church,catholic
Our Lady of Mt Carmel Catholic Church,9101 Socorro Rd,El Paso,Texas,,,Catholic church,catholic
Our Lady of Sorrows Catholic,7712 S Rosedale St,El Paso,Texas,(915) 433-8694,,Catholic church,catholic
St. John Paul II,518 Gallagher St,El Paso,Texas,(915) 592-5245,https://www.parishesonline.com/find/st-john-paul-ii-79915,Catholic church,catholic
San Pedro de Jesus Maldonado Catholic Church,3000 Tim Foster St,El Paso,Texas,(915) 271-8060,https://sites.google.com/sanpedromaldonado.org/spjm-parish,Catholic church,catholic
Sacred Heart Catholic Church,602 S Oregon St A,El Paso,Texas,(915) 532-5447,http://www.sacredheartelpaso.org/,Catholic church,catholic
Marriage & Family Life Catholic Diocese of El Paso,499 St Matthews St Building B,El Paso,Texas,(915) 872-8401,https://www.elpasodiocese.org/marriage-and-family-life.html,Catholic church,catholic
Centro San Juan Diego,901 W Main Dr,El Paso,Texas,(915) 262-4700,http://officeofreligiousformation.com/,Catholic school,catholic
Capilla del Sagrado Corazón at Roger Beacon,2400 Marr St,El Paso,Texas,(915) 565-2921,https://sites.google.com/view/rogerbaconcollege/home,Catholic church,catholic
St. Raphael Catholic School,2310 Woodside Dr,El Paso,Texas,(915) 598-2241,http://www.straphaelelpaso.org/,Catholic school,catholic
St. Raphael Religious Formation,2301 Zanzibar Rd,El Paso,Texas,(915) 593-1901,https://straphaelparish.wixsite.com/parish,Parish,catholic
Chapel of Our Lady of Light,355 Dolan St,El Paso,Texas,(915) 532-1757,https://ourladyofthelight.wixsite.com/website,Catholic church,catholic
Praise Temple Full Gospel Baptist Church,6230 Dyer St,El Paso,Texas,(915) 694-3569,,Baptist church,baptist
Coronado Baptist Church,501 Thunderbird Dr,El Paso,Texas,(915) 584-3912,http://www.cbcelp.com/,Baptist church,baptist
Sun City Christian Fellowship Baptist Church,9135 Stahala Dr,El Paso,Texas,(915) 757-1719,https://www.mysuncitychristian.org/,Baptist church,baptist
Hillcrest Baptist Church,4710 Hercules Ave,El Paso,Texas,(915) 755-0400,http://www.hillcrestbaptist.cc/,Baptist church,baptist
Sun City Baptist Church,1060 Doniphan Park Cir ste e,El Paso,Texas,,https://www.suncitybaptist.com/,Baptist church,baptist
Sunrise Baptist Church,4225 Volcanic Ave,El Paso,Texas,(915) 755-6363,,Baptist church,baptist
Apollo Heights Baptist Church,10450 Kenworthy St,El Paso,Texas,(915) 821-7352,http://apolloheights.org/,Baptist church,baptist
Unity Missionary Baptist Church,4601 Maxwell Ave,El Paso,Texas,(915) 757-0426,http://www.unitymissionary.org/,Baptist church,baptist
Mc Combs Baptist Church,10601 McCombs St,El Paso,Texas,(915) 821-5144,https://www.mccombsbaptist.org/,Baptist church,baptist
Sun Valley Baptist Church,9901 McCombs St,El Paso,Texas,(915) 755-7232,http://www.sunvalleybaptist.com/contact/,Baptist church,baptist
Iglesia Bautista Colina Alta,4846 Titanic Ave,El Paso,Texas,(915) 751-5944,,Baptist church,baptist
Iglesia Bautista Hispana,6041 Woodrow Bean Transmountain,El Paso,Texas,(915) 751-1872,,Baptist church,baptist
Iglesia Bautista International,4100 Hondo Pass Dr,El Paso,Texas,(915) 309-3397,,Baptist church,baptist
Iglesia Bautista El Camino,3900 Fillmore Ave,El Paso,Texas,(915) 562-3633,,Baptist church,baptist
Iglesia Bautista El Buen,6420 Venusiano St,El Paso,Texas,(915) 777-6716,,Baptist church,baptist
Chapel of the North Hills,4501 Jon Cunningham Blvd,El Paso,Texas,(915) 356-9775,https://cnhelpaso.org/,Baptist church,baptist
Grandview Baptist Church,3331 Idalia Ave,El Paso,Texas,(915) 565-1419,http://www.grandviewonline.info/,Baptist church,baptist
El Paso Grace Chinese Baptist Church,1000 Montana Ave,El Paso,Texas,(915) 383-4858,https://www.epgcbc.org/,Baptist church,baptist
First Baptist Church,805 Montana Ave,El Paso,Texas,(915) 533-1465,http://www.fbcep.com/,Baptist church,baptist
Mount Zion Baptist Church,3400 Wyoming Ave,El Paso,Texas,(915) 566-2827,,Baptist church,baptist
First Mexican Baptist Church / Primera Iglesia Bautista,1212 N Stevens St,El Paso,Texas,(915) 565-7047,https://www.pibmelpaso.org/,Baptist church,baptist
Iglesia Bautista Nueva Jerusalen,2728 Porter Ave,El Paso,Texas,,,Baptist church,baptist
Faith Baptist Church,10622 Montwood Dr Suite A,El Paso,Texas,(915) 591-8168,http://www.faithbaptistelpaso.org/,Baptist church,baptist
Shiloh Baptist Church,3201 Frutas Ave,El Paso,Texas,(915) 533-1795,http://www.shilohbaptistep.org/,Baptist church,baptist
Friendship Baptist Church,7615 Matamoros Dr,El Paso,Texas,(915) 598-9657,,Baptist church,baptist
Community Baptist Church,7801 Phoenix Ave,El Paso,Texas,(915) 598-7778,http://communitybaptistep.org/church/,Baptist church,baptist
Greater Mount Olive Baptist Church,718 La Paz Dr,El Paso,Texas,(915) 591-5244,http://www.gmobcelpaso.org/,Baptist church,baptist
First Baptist Church,11985 Pellicano Dr,El Paso,Texas,(903) 215-8224,,Baptist church,baptist
New Heights Baptist Church,11500 Pellicano Dr,El Paso,Texas,(915) 545-3456,http://www.newheightselpaso.com/contact/,Baptist church,baptist
La Verdad Community Church,7721 N Loop Dr,El Paso,Texas,(915) 591-3305,,Baptist church,baptist
Valley Baptist Church,269 Chanticleer Pl,El Paso,Texas,(915) 345-9208,http://www.valleybaptistelpaso.com/,Baptist church,baptist
Iglesia Bautista Filadelfia,2400 George Dieter Dr,El Paso,Texas,(915) 422-1765,,Baptist church,baptist
"Jehová Nissi, El Paso",5300 Doniphan Dr Suite 8,El Paso,Texas,(915) 262-7450,http://www.ministeriosjehovanissi.org/,Baptist church,baptist
Congregacion Bautista Hispana de Ysleta,8601 Alameda Ave,El Paso,Texas,(915) 226-3083,,Baptist church,baptist
Primera Iglesia Bautista De Ysleta,220 N Zaragoza Rd,El Paso,Texas,(915) 443-4722,http://www.primeraysleta.org/,Baptist church,baptist
Iglesia Bautista Nueva Esperanza,880 Burgundy Dr,El Paso,Texas,(915) 217-8306,,Baptist church,baptist
Second Baptist Church,401 S Virginia St,El Paso,Texas,(915) 532-7860,,Baptist church,baptist
Iglesia Bautista Del Centro,816 S Florence St,El Paso,Texas,(915) 532-7109,,Baptist church,baptist
El Paso Chinese Baptist Church,2030 Grant Ave,El Paso,Texas,(915) 532-7153,,Baptist church,baptist
Iglesia Bautista La Gran Comisión,1607 Montana Ave,El Paso,Texas,(915) 256-6676,,Baptist church,baptist
Bethel Family Ministries Assemblies of God,6301 Alabama St,El Paso,Texas,(915) 565-2222,,Assemblies of God church,pentecostal
City Church,10152 Dyer St,El Paso,Texas,(915) 549-5292,http://www.citychurchusa.com/,Foursquare church,pentecostal
New Direction Church,4747 Hondo Pass Dr,El Paso,Texas,(915) 588-7279,,Pentecostal church,pentecostal
Jubilee Apostolic Church,5763 Montoya Dr,El Paso,Texas,(915) 525-1210,https://www.facebook.com/share/1BMTkKVUVD/?mibextid=wwXIfr,Apostolic church,pentecostal
The Door - Northeast CFM church,4525 Sun Valley Dr,El Paso,Texas,(915) 474-0905,https://the-door-northeast-el-paso.cfmsite.com/,Pentecostal church,pentecostal
Iglesia Fuente de Vida El Paso TX,10152 Dyer St,El Paso,Texas,(915) 258-7989,https://www.facebook.com/FUENTEDEVIDAELPASO?mibextid=LQQJ4d,Hispanic church,pentecostal
New Apostolic Church,10354 Kenworthy St,El Paso,Texas,,http://nac-usa.org/,Apostolic church,pentecostal
Rock Of Help,6117 Quail Ave,El Paso,Texas,(915) 260-8694,,Foursquare church,pentecostal
I.C.P. Spanish Assemblies of God,3325 N Copia St,El Paso,Texas,,https://www.facebook.com/ICP-Assembly-of-God-1786939881630008/,Assemblies of God church,pentecostal
"The Church of Pentecost USA., El Paso District",7505 Lockheed Dr,El Paso,Texas,(336) 926-3264,,Pentecostal church,pentecostal
Centro Familiar El Calvario Asambleas de Dios,605 S Kansas St,El Paso,Texas,,,Assemblies of God church,pentecostal
Ministerios El shaddai Adrian Delgado,4005 Montana Ave,El Paso,Texas,,,Pentecostal church,pentecostal
Iglesia Fresca Unción,"6400 Airport Rd BLDG-C,UNIT X",El Paso,Texas,,https://www.facebook.com/share/16vabXTGVD/?mibextid=wwXIfr,Apostolic church,pentecostal
Living Water Christian Center,7966 Esther Rd,El Paso,Texas,(404) 480-8182,http://www.lwccep.com/,Assemblies of God church,pentecostal
First Assembly of God,3928 Montana Ave,El Paso,Texas,(915) 565-2337,http://www.elpaso1st.com/,Assemblies of God church,pentecostal
El Divino Redentor Church of God in Christ,426 N Carolina Dr,El Paso,Texas,,,Pentecostal church,pentecostal
Iglesia Apostolica Betel,9001 Cashew Dr #900,El Paso,Texas,(915) 929-2341,,Apostolic church,pentecostal
Apostolic Christian Center,3519 Confederate Dr,El Paso,Texas,(915) 857-8499,,Apostolic church,pentecostal
Centro Cristiano Sol de Justicia,12025 Rojas Dr Ste b,El Paso,Texas,,,Pentecostal church,pentecostal
5a Iglesia Apostolica de la Fe en Cristo Jesus,3620 Wooster Ln,El Paso,Texas,,,Apostolic church,pentecostal
Iglesia de la Restauracion Hechos 3:21,105 Shorty Ln,El Paso,Texas,(915) 422-2945,,Apostolic church,pentecostal
Monte Sinai Asambleas de Dios AD,8471 New Haven Dr,El Paso,Texas,(915) 346-6921,https://montesinaiad.com/,Assemblies of God church,pentecostal
Templo Guerreros de Oración,7620 Acapulco Ave,El Paso,Texas,(915) 329-4498,https://m.facebook.com/guerreros.de.oracion.usa/,Pentecostal church,pentecostal
Iglesia De Dios En Cristo Jesus,1132 Gloria St,El Paso,Texas,,,Apostolic church,pentecostal
Iglesia Evangelica de Dios en Cristo Jesus,2328 Grant Ave,El Paso,Texas,,,Apostolic church,pentecostal
University Presbyterian Church,244 Resler Dr,El Paso,Texas,(915) 584-5822,http://www.upcelp.org/,Presbyterian church,mainline_protestant
Westside Church of Christ,100 Crestmont Dr,El Paso,Texas,(915) 584-9475,http://www.westsidecoc.com/,Church of Christ,mainline_protestant
St. Francis Anglican Church,470 Eagle Dr,El Paso,Texas,(915) 584-5967,http://stfrancisep.org/,Anglican church,mainline_protestant
St. George Antiochian Orthodox Church,120 N Festival Dr,El Paso,Texas,(915) 584-9100,https://www.stgeorge-elpaso.org/,Eastern Orthodox Church,mainline_protestant
New Hope Lutheran Church,4801 Sun Valley Dr,El Paso,Texas,(915) 821-2079,https://www.newhope915.com/,Lutheran church,mainline_protestant
Trinity Lutheran Church,3800 Hondo Pass Dr,El Paso,Texas,(915) 755-7259,http://www.trinityelpaso.org/,Lutheran church,mainline_protestant
St. Francis on the Hill Episcopal Church,6280 Los Robles Dr,El Paso,Texas,(915) 581-9500,http://www.mysaintfrancis.org/,Episcopal church,mainline_protestant
Grace Presbyterian Church,8001 Magnetic St,El Paso,Texas,(915) 755-8206,http://www.epgrace.com/,Presbyterian church,mainline_protestant
Ascension Lutheran Church LCMS,6520 Loma De Cristo Dr,El Paso,Texas,(915) 833-1009,http://www.alconnect.faith/,Lutheran church,mainline_protestant
Peace Lutheran Church,1699 Belvidere St,El Paso,Texas,(915) 584-1383,http://www.peacelutheranelp.com/,Lutheran church,mainline_protestant
St. Mark's United Methodist Church,5005 Love Rd,El Paso,Texas,(915) 581-4444,http://www.loveroad.org/,United Methodist church,mainline_protestant
Christ the King Presbyterian Church (PCA),1500 Resler Dr,El Paso,Texas,(915) 585-2264,http://www.ctkpca.com/,Presbyterian church,mainline_protestant
엘파소 한인 장로교회 El Paso Korean Presbyterian Church,4935 Hondo Pass Dr,El Paso,Texas,(915) 346-7911,http://www.elpasokoreanchurch.org/,Presbyterian church,mainline_protestant
El Paso 5th Ward,400 Rosemont Dr,El Paso,Texas,,https://www.elpaso5thward.org/,Church of Jesus Christ of Latter-day Saints,mainline_protestant
Western Hills United Methodist Church,524 Thunderbird Dr,El Paso,Texas,(915) 584-2133,http://www.westernhillsep.org/,United Methodist church,mainline_protestant
Saint Nicholas Greek Orthodox Church,124 S Festival Dr,El Paso,Texas,(915) 833-0882,http://stnicholasep.com/,Greek Orthodox church,mainline_protestant
Christ Church El Paso,470 Eagle Dr,El Paso,Texas,(915) 584-5967,https://www.christchurchep.org/?utm_source=google&utm_medium=wix_google_business_profile&utm_campaign=2690235902593922650,Anglican church,mainline_protestant
Faith United Methodist Church,313 La Mirada Cir,El Paso,Texas,(915) 566-1654,http://www.faithumcelpaso.org/,United Methodist church,mainline_protestant
Holy Spirit Episcopal Church,10500 Kenworthy St,El Paso,Texas,(915) 821-1362,,Episcopal church,mainline_protestant
Grace Lutheran Church,9301 Diana Dr,El Paso,Texas,(915) 755-1322,https://elpgrace.org/,Lutheran church,mainline_protestant
Tobin Park UMC,9410 Roanoke Dr,El Paso,Texas,(915) 755-7146,,United Methodist church,mainline_protestant
Open Door Presbytery Korean Church,3416 Atlas Ave,El Paso,Texas,(915) 755-1490,https://www.facebook.com/ElpasoOpenDoor,Presbyterian church,mainline_protestant
Reaching The Harvest,8629 Leo St,El Paso,Texas,,,Church of Christ,mainline_protestant
San Pablo Lutheran Church,301 S Schutz Dr,El Paso,Texas,(915) 858-2588,https://ylm.org/category/san-pablo-lutheran-church/,Lutheran church,mainline_protestant
Christ Community Methodist Church,4447 Loma Clara Ct,El Paso,Texas,(915) 755-4193,,Methodist church,mainline_protestant
Church of St. Clement,810 N Campbell St,El Paso,Texas,(915) 533-4915,http://www.stclements.com/,Anglican church,mainline_protestant
Trinity-First United Methodist,801 N Mesa St,El Paso,Texas,(915) 533-2674,http://www.trinity-first.org/,United Methodist church,mainline_protestant
St. Paul's United Methodist Church,7000 Edgemere Blvd,El Paso,Texas,(915) 772-2734,http://stpaulschurchelpaso.org/,United Methodist church,mainline_protestant
El Divino Redentor United,3131 Yandell Dr,El Paso,Texas,(915) 565-2830,,United Methodist church,mainline_protestant
Manhattan Presbyterian Church,1201 N Piedras St,El Paso,Texas,(915) 562-4757,,Presbyterian church,mainline_protestant
Iglesia Luterana Cristo Rey,1010 Yandell Dr,El Paso,Texas,(915) 544-6545,https://iglesiacristorey.wixsite.com/luterana,Lutheran church,mainline_protestant
Iglesia Universal De Jesuristo,3011 Alameda Ave,El Paso,Texas,,,Church of Christ,mainline_protestant
El Divino Salvador Iglesia Presbiteriana,314 S Glenwood St,El Paso,Texas,,,Presbyterian church,mainline_protestant
Emmanuel United Methodist Church,1201 Magoffin Ave,El Paso,Texas,(915) 260-8335,,United Methodist church,mainline_protestant
Christian Joy Center,1208 Sumac Dr,El Paso,Texas,(915) 595-1307,http://www.joycenter.org/,Protestant church,mainline_protestant
Montwood Church of Christ,11845 Bob Mitchell Dr,El Paso,Texas,(915) 855-9896,https://www.montwood.org/,Church of Christ,mainline_protestant
Church of Christ At Eastridge,3277 Pendleton St,El Paso,Texas,(915) 855-1524,http://elpasochurchofchrist.com/,Church of Christ,mainline_protestant
Christ Our Redeemer (WELS),2500 George Dieter Dr,El Paso,Texas,(915) 304-1888,http://www.corwels.org/,Lutheran church,mainline_protestant
St Luke United Methodist Church,9915 Montwood Dr,El Paso,Texas,(915) 591-8126,,United Methodist church,mainline_protestant
All Saints Episcopal Church,3500 McRae Blvd,El Paso,Texas,(915) 598-0721,http://allsaintsepiscopalep.org/,Episcopal church,mainline_protestant
Zion Lutheran Church,2800 Pershing Dr,El Paso,Texas,(915) 566-4667,https://zionelpaso.org/,Lutheran church,mainline_protestant
First Church of the Nazarene,2520 Silver Ave,El Paso,Texas,(915) 565-4649,https://epfirstnaz.org/,Church of the Nazarene,mainline_protestant
St. Alban's Episcopal Church,1810 Elm St,El Paso,Texas,(915) 565-2727,http://saintalbanelpaso.org/,Episcopal church,mainline_protestant
Montana Avenue Church of Christ / Iglesia de Cristo,3101 Montana Ave,El Paso,Texas,(915) 565-8731,http://www.nuestravision.org/,Church of Christ,mainline_protestant
Montwood Church of Nazarene,10640 Montwood Dr,El Paso,Texas,(915) 592-7434,,Church of the Nazarene,mainline_protestant
St Andrew Presbyterian Church,2155 Wedgewood Dr,El Paso,Texas,(915) 598-7577,,Presbyterian church,mainline_protestant
Agape Cumberland Presbyterian Church,11299 Pebble Hills Blvd,El Paso,Texas,(915) 592-6138,,Presbyterian church,mainline_protestant
Faith Presbyterian Church,661 Lomaland Dr,El Paso,Texas,(915) 598-6735,,Presbyterian church,mainline_protestant
St James-Myrtle United Methodist,1128 Lomaland Dr,El Paso,Texas,(915) 598-4413,,United Methodist church,mainline_protestant
Agapa Cumberland Presbyterian Church,12008 Fred Carter Dr,El Paso,Texas,,,Presbyterian church,mainline_protestant
First Presbyterian Church,1340 Murchison Dr Side Chapel,El Paso,Texas,(915) 533-7551,https://firstpresbyterian.church/,Presbyterian church,mainline_protestant
Encuentro Con Dios,5707 Yandell Dr,El Paso,Texas,,,United Church of Christ,mainline_protestant
First Christian Church - Disciples of Christ,1340 Murchison Dr,El Paso,Texas,(915) 533-6819,https://elpasofirstchristian.org/,Disciples of Christ Church,mainline_protestant
Zoe Centro Familiar Cristiano,6455 Hiller St,El Paso,Texas,(915) 999-8698,,Church of Christ,mainline_protestant
Rivera Street Iglesia de Cristo,3331 Rivera Ave,El Paso,Texas,(915) 585-7890,,Church of Christ,mainline_protestant
Nueva Esperanza,7623 Wilcox Dr,El Paso,Texas,(580) 461-6091,http://nuevaesperanzaep.org/,Church of Christ,mainline_protestant
El Paso Latinoamericana,10640 Montwood Dr,El Paso,Texas,(915) 822-3726,,Church of the Nazarene,mainline_protestant
Wesly Iglesia Methodist,8001 N Loop Dr,El Paso,Texas,,,Methodist church,mainline_protestant
Mission El Paso Community Development Center,8040 N Loop Dr,El Paso,Texas,,https://missionelpaso.org/,Church of the Nazarene,mainline_protestant
Nazarene Border Initiative,7737 Wenda Dr,El Paso,Texas,(915) 562-6300,http://nazareneborderinitiative.org/,Church of the Nazarene,mainline_protestant
Iglesia De Cristo,7958 Esther Rd,El Paso,Texas,(915) 595-3931,,Church of Christ,mainline_protestant
The Rio Church,111 Park Ridge Ct,El Paso,Texas,(915) 842-8835,https://theriochurch.com/,Non-denominational church,evangelical
Westside Community Church,201 E Sunset Rd,El Paso,Texas,(915) 877-8000,https://www.westsidecommunity.org/,Non-denominational church,evangelical
The Church of Jesus Christ of Latter-day Saints,400 Rosemont Dr,El Paso,Texas,(915) 265-7024,https://local.churchofjesuschrist.org/en/us/tx/el-paso/400-rosemont-drive?utm_source=gmb&utm_medium=yext&y_source=1_NjcwODg1MDEtNzE1LWxvY2F0aW9uLndlYnNpdGU%3D,Christian church,evangelical
Monte Horeb El Paso,8912 Marks St,El Paso,Texas,(915) 253-0550,https://www.montehorebelpaso.com/,Christian church,evangelical
I AM Church,10061 Rushing Rd,El Paso,Texas,(915) 491-6887,https://www.iamchurchep.org/,Christian church,evangelical
The Church In El Paso,305 Bird Ave,El Paso,Texas,(915) 585-8011,,Christian church,evangelical
Legacy Church,1790 Commerce Park Dr A,El Paso,Texas,(505) 489-4408,https://legacychrch.org/,Non-denominational church,evangelical
The Church of Jesus Christ of Latter-day Saints,670 E Redd Rd,El Paso,Texas,(915) 265-7024,https://local.churchofjesuschrist.org/en/us/tx/el-paso/670-east-redd-road?utm_source=gmb&utm_medium=yext&y_source=1_NjcwODkxMDktNzE1LWxvY2F0aW9uLndlYnNpdGU%3D,Christian church,evangelical
The Church of Jesus Christ of Latter-day Saints,5510 Hondo Pass Dr,El Paso,Texas,(915) 755-4537,https://local.churchofjesuschrist.org/en/us/tx/el-paso/5510-hondo-pass-drive?utm_source=gmb&utm_medium=yext&y_source=1_NjcwODQ2MTItNzE1LWxvY2F0aW9uLndlYnNpdGU%3D,Christian church,evangelical
Unitarian Universalist Community,4425 Byron St,El Paso,Texas,(915) 219-9279,https://uuelpaso.org/,Unitarian Universalist Church,evangelical
Alive Church,7820 Helen of Troy Dr,El Paso,Texas,,http://alivechurchep.com/,Non-denominational church,evangelical
Fresh Vision Calvary Chapel,4242 Hondo Pass Dr #101,El Paso,Texas,(915) 843-8999,http://fvccelp.com/,Calvary Chapel church,evangelical
El Paso Northeast Seventh-day Adventist Church,6035 Woodrow Bean Transmountain,El Paso,Texas,(915) 209-2730,https://www.epnortheast.org/,Seventh-day Adventist church,evangelical
Cristo Rey CTK,1500 Resler Dr Ste 101,El Paso,Texas,(915) 730-8411,https://www.youtube.com/channel/UC5vtFGmMAGRq2iafWPikU5Q,Christian church,evangelical
El Paso Central Korean Baptist Church,5307 Hondo Pass Dr,El Paso,Texas,(915) 637-5356,,Korean church,evangelical
Full Gospel Mission Korean Church,8524 Eclipse St,El Paso,Texas,(915) 315-9044,,Korean church,evangelical
Iglesia Adventista del Séptimo Día Hispana de El Paso - West / El Paso West Spanish Seventh-day Adventist Church,1699 Belvidere St,El Paso,Texas,(915) 867-7473,http://elpasowesttx.adventistchurch.org/,Seventh-day Adventist church,evangelical
Iglesia Cristiana Casa de Dios,3817 Kemp Ave,El Paso,Texas,(915) 996-1086,https://casadedios.godaddysites.com/,Christian church,evangelical
The Potter's House Christian Fellowship Church,5001 Montana Ave,El Paso,Texas,(915) 205-8756,,Christian church,evangelical
World Victory Center,3224 Fort Blvd,El Paso,Texas,,https://www.worldvictorycenter.org/,Christian church,evangelical
Unity El Paso,1420 Alabama St,El Paso,Texas,(915) 566-5544,http://www.unityelpaso.org/,Unity church,evangelical
The Church In El Paso - Central District,1401 Montana Ave,El Paso,Texas,,,Christian church,evangelical
TruChurch Calvary Chapel,1501 Sun Bowl Dr,El Paso,Texas,(915) 224-0077,https://www.truchurchep.org/,Christian church,evangelical
TORIM CHURCH,6501 Boeing Dr suite i,El Paso,Texas,(915) 342-6798,https://www.torimchurch.org/,Christian church,evangelical
Rio Poderoso Ministries,7028 Alameda Ave,El Paso,Texas,(915) 317-6521,http://www.rpm.church/,Christian church,evangelical
Tierra FIRME,2819 N Copia St,El Paso,Texas,(915) 920-7456,https://www.tierrafirmechurch.org/,Christian church,evangelical
Templo Jerusalem,4300 Yandell Dr,El Paso,Texas,,,Christian church,evangelical
The Church of Jesus Christ of Latter-day Saints,3625 Douglas Ave,El Paso,Texas,(626) 280-1355,https://local.churchofjesuschrist.org/en/us/tx/el-paso/3625-douglas-avenue?utm_source=gmb&utm_medium=yext&y_source=1_NjcwODIwNjItNzE1LWxvY2F0aW9uLndlYnNpdGU%3D,Christian church,evangelical
Sol de Justicia Evangelical Church,4512 Montana Ave,El Paso,Texas,,https://ministerio-jesuseselcamino-soldejusticia.my.canva.site/ministerio-jesus-es-el-camino-jeec-sdj,Evangelical church,evangelical
MONTE HEBRON,1714 Yandell Dr C,El Paso,Texas,,,Christian church,evangelical
Called-Out Christian Ministries ( COCM) El Paso,1317 E Missouri Ave,El Paso,Texas,(915) 355-1390,https://www.calledoutchristianministries.org/,Gospel church,evangelical
Thrive In Life Church,6455 Hiller St Suite A-18,El Paso,Texas,(915) 328-6542,,Christian church,evangelical
Iglesia Amistad Cristiana,1809 Yandell Dr,El Paso,Texas,(915) 258-4389,https://www.facebook.com/amistacristianaept/,Christian church,evangelical
Iglesia Cristiana Pentecostés Movimiento Misionero Mundial,710 N Clark Dr B,El Paso,Texas,,,Christian church,evangelical
Iglesia De Dios Central,2821 Hamilton Ave,El Paso,Texas,(915) 691-1729,http://www.churchofgod.org/,Christian church,evangelical
La Iglesia de Jesucristo de los Santos de los Últimos Días,1212 Sumac Dr,El Paso,Texas,(915) 265-7249,https://local.churchofjesuschrist.org/es/us/tx/el-paso/1212-sumac-drive?utm_source=gmb&utm_medium=yext&y_source=1_NjcwOTMwMTgtNzE1LWxvY2F0aW9uLndlYnNpdGU%3D,Christian church,evangelical
The Rock Faith Center,11201 Armour Dr,El Paso,Texas,(915) 592-7625,https://www.rockfaithcenter.com/,Christian church,evangelical
The Church of Jesus Christ of Latter-day Saints,2322 Lee Trevino Dr,El Paso,Texas,(915) 265-7249,https://local.churchofjesuschrist.org/en/us/tx/el-paso/2322-north-lee-trevino-drive?utm_source=gmb&utm_medium=yext&y_source=1_NjcwOTQwODgtNzE1LWxvY2F0aW9uLndlYnNpdGU%3D,Christian church,evangelical
Cielo Vista Church,3585 Lee Trevino Dr,El Paso,Texas,(915) 595-0288,http://www.cielovista.church/,Non-denominational church,evangelical
Abundant Church,1000 Valley Crest Dr,El Paso,Texas,(915) 532-8543,http://www.abundant.org/,Non-denominational church,evangelical
Crosspoint Church,11995 Montwood Dr,El Paso,Texas,(915) 857-7492,http://www.crosspointelpaso.com/,Christian church,evangelical
Calvary Chapel of El Paso,1771 N Zaragoza Rd,El Paso,Texas,(915) 855-4565,http://www.calvaryep.com/,Calvary Chapel church,evangelical
The Door Christian Center,1000 Kastrin St,El Paso,Texas,(915) 309-3091,http://www.elpasochristianchurch.com/,Non-denominational church,evangelical
Missio Dei Church,11601 Montwood Dr,El Paso,Texas,(915) 857-5100,http://missiodeicrc.com/,Christian church,evangelical
LIFEchurch El Paso,1580 Joe Battle Blvd,El Paso,Texas,(915) 308-9993,http://lifechurchelpaso.com/,Non-denominational church,evangelical
St Timothy Lutheran Church,11050 Montwood Dr,El Paso,Texas,(915) 598-2621,http://www.sainttim.com/,Evangelical church,evangelical
Freedom Fellowship EP,10950 Pellicano Dr C1,El Paso,Texas,(915) 355-7046,https://www.freedomfellowshipep.com/,Christian church,evangelical
Mesa Place Church,985 Loma Verde Dr,El Paso,Texas,(915) 465-1201,http://www.mesaplacechurch.com/,Christian church,evangelical
Scotsdale Baptist Church,10015 Lockerbie Ave,El Paso,Texas,(915) 595-2811,http://scotsdale.org/,Christian church,evangelical
House of Purpose Church International,11220 Rojas Dr Ste. C 3,El Paso,Texas,,,Christian church,evangelical
El Paso Central English Seventh-day Adventist Church,1801 McRae Blvd,El Paso,Texas,(915) 598-7730,http://elpasocentral.org/,Seventh-day Adventist church,evangelical
Morning Star Christian Church,1852 Dale Douglas Dr STE D,El Paso,Texas,(915) 256-4115,https://m.facebook.com/profile.php?id=427810550748218&ref=content_filter,Christian church,evangelical
El Paso Smyrna Seventh-day Adventist Church,10560 Shannon Pl,El Paso,Texas,,https://smyrnatx.adventistchurch.org/,Seventh-day Adventist church,evangelical
The tree Of Life COG7,3546-3550 George Dieter Dr,El Paso,Texas,(915) 861-6117,https://www.treeoflifecog7.com/,Christian church,evangelical
Llamamiento De dios El Paso,1215 Kessler Dr,El Paso,Texas,,,Christian church,evangelical
Renuevo Centro Cristiano,1480 George Dieter Dr # A,El Paso,Texas,,http://www.ccrenuevo.com/,Christian church,evangelical
Dios es Bueno,900 Kastrin St,El Paso,Texas,(915) 706-4706,https://www.diosesbuenoep.com/,Christian church,evangelical
We Stand for God Ministries,11281 Pocahantas,El Paso,Texas,(915) 353-8951,https://letslanditinscripture.com/,Christian church,evangelical
Iglesia Cristiana Jesucristo el Rey,11220 Rojas Dr Ste B-4,El Paso,Texas,(915) 269-9409,,Christian church,evangelical
Iglesia Adventista del Séptimo Día Hispana de El Paso - Montana Vista / El Paso Montana Vista Spanish Seventh-Day Adventist Church,11299 Pebble Hills Blvd,El Paso,Texas,(915) 258-5578,http://elpasomontanavistaspanishtx.adventistchurch.org/,Seventh-day Adventist church,evangelical
Calvary Chapel Sun City,960 W Borderland Rd,El Paso,Texas,(915) 877-9192,https://www.ccsuncity.org/,Calvary Chapel church,evangelical
Fuente De Vida,1009 Gomez Rd,El Paso,Texas,(915) 474-0443,https://fuentedevidaeptx.wixsite.com/website,Christian church,evangelical
Beit Ysrael Synagogue,504 San Saba Rd,El Paso,Texas,(915) 203-3701,,Christian church,evangelical
Korean Church of Las Cruces,1074 Country Club Rd,Santa Teresa,New Mexico,(917) 817-3883,,Korean church,evangelical
Calvary Chapel Mission Valley,8069 Alameda Ave,El Paso,Texas,(915) 234-2266,http://www.ccmvep.com/,Calvary Chapel church,evangelical
Rose of Sharon Christian Academy,7932 Mansfield Ave,El Paso,Texas,(915) 772-1944,http://roseofsharonelp.com/,Christian church,evangelical
ROBPM,8609 Alameda Ave,El Paso,Texas,(915) 209-0070,https://www.robpm.org/?utm_source=google&utm_medium=wix_google_business_profile&utm_campaign=4254710877987813622,Calvary Chapel church,evangelical
Centro Familiar FIMA,7000 Edgemere Blvd,El Paso,Texas,(915) 487-5232,,Christian church,evangelical
IECE El Paso,8040 Floyd Way,El Paso,Texas,,,Evangelical church,evangelical
El Paso Five Points Bilingual Seventh-day Adventist Church,1340 Murchison Dr,El Paso,Texas,(915) 532-1598,http://elpasofivepointsbilingualtx.adventistchurch.org/,Seventh-day Adventist church,evangelical
Iglesia Adventista del Séptimo Día Hispana de El Paso - Montana / El Paso Montana Spanish Seventh-day Adventist Church,1526 Montana Ave,El Paso,Texas,(915) 258-5578,http://elpasomontanaspanishtx.adventistchurch.org/,Seventh-day Adventist church,evangelical
Iglesia Adventista del Séptimo Día Hispana - El Paso Meraz / El Paso Meraz Spanish Seventh-day Adventist Church,8084 Meraz Ave,El Paso,Texas,(915) 595-2550,http://www.adventistdirectory.org/ViewEntity.aspx?EntityID=10655,Seventh-day Adventist church,evangelical
CelebraZion Centro Cristiano,1188 N Yarbrough Dr,El Paso,Texas,(915) 691-0803,,Christian church,evangelical
Southwest Hindu Temple Society,6168 Strahan Rd,El Paso,Texas,(915) 877-5560,http://www.hindutempleofelpaso.org/,Hindu temple,generic_church
Temple Mt Sinai,4408 N Stanton St,El Paso,Texas,(915) 532-5959,http://www.templemountsinai.com/,Synagogue,generic_church
"Chenrezig Tibetan Buddhist Cultural Center of El Paso , TX",2117 Yandell Dr,El Paso,Texas,,https://ctbcc.org/,Buddhist temple,generic_church
New Nilachal - ISKCON El Paso,101 Clairemont Rd,El Paso,Texas,(915) 270-1615,https://www.facebook.com/profile.php?id=100070540630126&mibextid=LQQJ4d,Hindu temple,generic_church
Bethlehem Temple PAW,4131 Yandell Dr,El Paso,Texas,(915) 565-6884,,Church,generic_church
Vida Plena Temple Jerusalem,758 Gateway N Blvd,El Paso,Texas,,,Church,generic_church
Revolution Emanuel Ministries Inc.,1722 Banker Rd,Canutillo,Texas,,,Church,generic_church
Abundant Church,7100 N Desert Blvd,El Paso,Texas,(915) 532-8543,http://www.abundant.org/,Church,generic_church
Islamic Center of El Paso (ICEP),143 Paragon Ln,El Paso,Texas,,http://icelpaso.org/#,Mosque,generic_church
Al-Rahma Mosque,10911 Pellicano Dr,El Paso,Texas,,https://masjidrahma.com/,Mosque,generic_church
Destiny Church,9615 Dyer St,El Paso,Texas,(915) 755-7744,http://www.destiny4me.com/,Church,generic_church
Park Hills Christian Church,5701 Alabama St,El Paso,Texas,(915) 566-1771,http://www.parkhillschurch.org/,Church,generic_church
The Worship Center,4000 Hercules Ave,El Paso,Texas,(915) 755-3833,https://www.theworshipcenterep.com/,Church,generic_church
Coronado Christian Church,118 Belvidere St,El Paso,Texas,(915) 581-5596,https://coronadochristianchurch.org/,Church,generic_church
New Testament Christian Church,5208 Tetons Dr,El Paso,Texas,(915) 759-9548,http://www.myntcc.org/elpasotx,Church,generic_church
Southwest Mission Church,6633 N Mesa St #303,El Paso,Texas,(915) 838-5019,http://www.southwestmission.church/,Church,generic_church
Alive Fellowship Church,5505 Will Ruth Ave,El Paso,Texas,(915) 229-2157,https://www.alivefc.org/,Church,generic_church
First Apostolic Church,4959 Hondo Pass Dr,El Paso,Texas,(915) 755-5669,http://www.mountainviewbcep.com/,Church,generic_church
Northside Bilingual Church of Christ,4886 Hercules Ave Suite D-H,El Paso,Texas,(915) 228-8533,http://www.nbcelpaso.org/,Church,generic_church
Harvest Church,1345 New Harvest Pl,El Paso,Texas,(915) 585-9934,http://www.harvestep.church/,Church,generic_church
Hope City Community Church,6115 Woodrow Bean Transmountain,El Paso,Texas,(915) 600-6251,https://www.hopecitycc.org/,Church,generic_church
Jesus Chapel Inc,111 W Sunset Rd,El Paso,Texas,(915) 581-1195,https://jesuschapelep.com/,Church,generic_church
El Paso Bible Church,5730 Saplinas Rd,El Paso,Texas,(915) 585-3360,http://www.elpasobiblechurch.org/,Church,generic_church
One For Life Ministries,131 McClintock Dr,El Paso,Texas,(915) 920-8301,http://oflm.org/,Church,generic_church
Northeast Bible Restoration Church,4925 Fairbanks Dr,El Paso,Texas,(915) 307-6650,https://northeastbiblerestorationchurch.org/,Church,generic_church
Northgate Christian Church El Paso TX,5430 Yvette Ave,El Paso,Texas,(915) 755-0831,https://m.facebook.com/NorthgateChristianChurch/,Church,generic_church
Grace Bible Fellowship,1385 Northwestern Dr,El Paso,Texas,(915) 308-1208,http://www.gracebibleelpaso.org/,Church,generic_church
Open Gate Community Church of the Nazarene,9821 McCombs St,El Paso,Texas,(915) 751-2403,http://www.opengatenaz.org/,Church,generic_church
Fellowship of Love Christian Center,3800 Olympic Ave,El Paso,Texas,(915) 759-6411,https://fellowshipoflovecc.org/,Church,generic_church
Word of Life Ministries COGIC,9925 Alcan St,El Paso,Texas,(915) 755-7937,https://www.wordoflife2000.org/,Church,generic_church
Enhance Christian Center,4402 Edgar Park Ave,El Paso,Texas,(915) 701-3700,http://enhancechristiancenter.com/,Church,generic_church
The Pentecostals of El Paso,4801 Sun Valley Dr,El Paso,Texas,(915) 257-1431,http://www.pentecostalsep.org/,Church,generic_church
Templo La Trinidad AG,3417 Polk Ave,El Paso,Texas,(915) 255-9067,http://www.templolatrinidad.com/,Church,generic_church
Chabad Lubavitch of El Paso,6516 Escondido Dr,El Paso,Texas,(915) 584-8218,http://www.chabadelpaso.com/,Orthodox synagogue,generic_church
Congregation B'nai Zion,805 Cherry Hill Ln,El Paso,Texas,(915) 833-2222,http://congregationbnaizion.org/,Conservative synagogue,generic_church
Chabad,6615 Westwind Dr,El Paso,Texas,(915) 584-8218,https://www.chabadelpaso.com/,Synagogue,generic_church
CT Worship,4525 Fairbanks Dr,El Paso,Texas,(915) 494-9000,http://ctworshipep.com/,Church,generic_church
Beth Israel Messianic Center,504 San Saba Rd,El Paso,Texas,(915) 203-3701,http://www.bethisraelep.org/,Messianic synagogue,generic_church
El Paso Bahá'í Community,100 Frontera Rd,El Paso,Texas,(208) 907-1844,http://www.elpasobahais.org/,Religious organization,generic_church
Bethel Church of God,"Bethel Church meets at the Tobin Park United Methodist Church, 9410 Roanoke Dr",El Paso,Texas,(915) 474-3975,http://www.elpasobethelcog.org/,Church,generic_church
Oasis Community Church of El Paso,5070 Doniphan Dr,El Paso,Texas,(915) 422-0870,http://occelpaso.org/,Church,generic_church
St. Jude Catholic Church,4006 Hidden Way,El Paso,Texas,(915) 584-1095,https://www.sanjudaselpaso.com/,Church,generic_church
Holy Ghost Tabernacle,4727 Hondo Pass Dr #E,El Paso,Texas,,http://hgtelpaso.com/,Church,generic_church
World Mission Society Church of God,9210 Dyer St,El Paso,Texas,(619) 991-1126,https://wmscog.com/,Religious organization,generic_church
FULL GOSPEL EL PASO KOREAN CHURCH,5318 Harlan Dr,El Paso,Texas,(915) 751-9191,http://www.epfgtv.com/,Church,generic_church
In His Presence International Worship Ministries,8935 Gateway Blvd S,El Paso,Texas,,,Church,generic_church
RCCG Green Pastures Sanctuary,4807 Titanic Ave,El Paso,Texas,(915) 234-2734,,Religious organization,generic_church
Place Of Purpose,8888 Dyer St #215,El Paso,Texas,(915) 238-0358,http://www.placeofpurpose.org/,Church,generic_church
New Jerusalem COGIC,8888 Dyer St #105,El Paso,Texas,,,Church,generic_church
True Vine Outreach Worship Center,4424 Arlen Ave,El Paso,Texas,(915) 751-6300,,Church,generic_church
A Servants Heart Deliverance Ministry,4610 Arlen Ave,El Paso,Texas,(915) 820-5653,,Church,generic_church
Vino Nuevo - Campus Northeast,8941 Dyer St,El Paso,Texas,(915) 850-0200,http://www.vinonuevo.com/,Church,generic_church
New Vision Church,10122 Dyer St,El Paso,Texas,(915) 777-5717,,Church,generic_church
Comunidad Cristiana Hechos,4984 Hondo Pass Dr,El Paso,Texas,(915) 820-0700,https://www.facebook.com/cchechos,Church,generic_church
Vino Nuevo - Campus West,1035 Belvidere St,El Paso,Texas,(915) 850-0200,http://vinonuevo.com/,Church,generic_church
Third Church of Christ Scientist,100 Fountain Rd,El Paso,Texas,(915) 581-1965,https://www.elpasochristianscience.com/,Church,generic_church
Iglesia Filadelfia,5904 Threadgill Ave,El Paso,Texas,(915) 759-7010,,Church,generic_church
El Paso Agape Mission Church,5434 Salem Dr,El Paso,Texas,,https://epamc.godaddysites.com/?,Church,generic_church
Antioch Full Gospel Church,10411 McCombs St,El Paso,Texas,(915) 274-3376,,Church,generic_church
Restoration Alliance Church,9206 McCombs St,El Paso,Texas,(915) 499-0416,,Church,generic_church
Iglesia Delta,6236 Quail Ave,El Paso,Texas,(915) 751-7304,https://www.iglesiadelta.com/,Church,generic_church
First United Baptist Church,5529 Threadgill Ave,El Paso,Texas,,,Church,generic_church
Higher Calling Community Outreach Church,10122 Dyer St,El Paso,Texas,(575) 312-6316,https://www.highercallingchurchept.com/,Church,generic_church
CITI DEL OF PRAISE,5720 Woodrow Bean Transmountain,El Paso,Texas,(915) 873-5792,,Church,generic_church
Greater Faith Church,10061 Rushing Rd,El Paso,Texas,(773) 759-6617,,Church,generic_church
True Holiness Church El Paso,5710 Souda Dr,El Paso,Texas,(915) 274-8918,https://www.youtube.com/channel/UC-trTiEOAsdOLWnfvEymEnA,Church,generic_church
엘파소 제일한인침례교회 El Paso First Korean Baptist Church,9898 Taj Mahal St,El Paso,Texas,(915) 751-7888,http://www.epfkbc.com/,Church,generic_church
Korean Catholic Church,5301 Wadsworth Ave,El Paso,Texas,(915) 821-1621,,Church,generic_church
Koinonia Fellowship Church Int'l,1060 Doniphan Park Cir,El Paso,Texas,(585) 385-0450,http://koinoniafellowship.com/,Religious organization,generic_church
"Iglesia De Dios Pentecostal M.I Eben-Ezer, El Paso",4532 Sunrise Ave,El Paso,Texas,(915) 990-6152,,Church,generic_church
Christ Gospel Missionary Church,4992 Hondo Pass Dr,El Paso,Texas,,http://christgospel.org/,Church,generic_church
El Paso Young NAK Presbyterian Church,9944 Eloice Rd,El Paso,Texas,,,Church,generic_church
Iglesia Apostolica de Northeast Church,6069 Quail Ave,El Paso,Texas,,,Church,generic_church
New Life El Paso,7400 High Ridge Dr,El Paso,Texas,,http://www.nlelpaso.org/,Church,generic_church
Bethel F.O.R.C.E. COGIC,"Faith Out Reach Center, 7750 Alabama St",El Paso,Texas,(915) 253-9139,,Religious organization,generic_church
Bethany Christian Center,10208 Sharp Dr,El Paso,Texas,(915) 630-1154,http://www.bccelpaso.com/,Church,generic_church
Evangelical Faith Center,5125 Bragg Ave,El Paso,Texas,(915) 751-1218,,Church,generic_church
New Direction Assembly of God,4747 Hondo Pass Dr K,El Paso,Texas,,,Church,generic_church
New Hope Faith Center Cogic,4400 Edgar Park Ave,El Paso,Texas,(915) 755-5991,,Church,generic_church
Primera Iglesia Apostólica,4959 Hondo Pass Dr,El Paso,Texas,,https://www.facebook.com/profile.php?id=100067664982520,Church,generic_church
Ablaze Worship at Western Hills UMC,524 Thunderbird Dr,El Paso,Texas,,,Religious institution,generic_church
REVIVE! Centro de Restauración & Sanidad,8626 Dyer St,El Paso,Texas,,https://www.revive440.org/,Church,generic_church
Templo Pentecostes Rey De Gloria,9574 Dyer St,El Paso,Texas,(915) 955-2687,,Church,generic_church
St Matthew Religious Education & Parish Office,400 W Sunset Rd,El Paso,Texas,(915) 587-1524,,Church,generic_church
Misión Apostólica de la Fe en Cristo Jesús Inc.,5631 Saluki Dr,El Paso,Texas,(915) 751-0767,,Church,generic_church
Linaje Escogido AD,5710 Souda Dr,El Paso,Texas,,,Religious institution,generic_church
Salvation Army El Paso Corps,4900 Hercules Ave,El Paso,Texas,(915) 755-4168,https://southernusa.salvationarmy.org/elpaso/,Church,generic_church
Temple of the Devine,9001 Cashew Dr,El Paso,Texas,(915) 626-5375,,Church,generic_church
Temple of Divine Restoration,7588 N Loop Dr,El Paso,Texas,(915) 861-4275,,Church,generic_church
The Lhakhang,500 W University Ave,El Paso,Texas,,,Buddhist temple,generic_church
House of Prayer Church of God,5940 Sean Haggerty Dr,El Paso,Texas,(915) 821-1810,https://houseofprayerelpaso.org/,Church,generic_church
Good News El Paso Church,4752 Robert Acosta Dr,El Paso,Texas,(915) 757-5055,https://www.facebook.com/goodnewselpaso,Church,generic_church
El Paso Zen Center,2718 N Campbell St,El Paso,Texas,,https://www.elpasozen.org/,Buddhist temple,generic_church
Soka Gakkai Intl-USA,2901 N Campbell St,El Paso,Texas,(915) 534-7022,https://www.sgi-usa.org/,Buddhist temple,generic_church
Centro Cristiano Esmirna,11000 Dyer St,El Paso,Texas,(915) 240-3080,,Church,generic_church
Kidmon hall,5433 Pedro Lucero Dr,El Paso,Texas,,,Church,generic_church
Sound Word Worship Center,4026 N Mesa St,El Paso,Texas,(915) 307-6983,https://soundwordworshipcenter.com/,Church,generic_church
Grace Christian Center,820 N Raynor St,El Paso,Texas,(915) 544-7400,,Church,generic_church
Cross of Grace Church,4700 Leeds Ave,El Paso,Texas,(915) 562-7100,http://www.crossofgrace.net/,Church,generic_church
Bethel International Pentacostal Fellowship Inc.,4332 E Missouri Ave,El Paso,Texas,(915) 566-6437,,Church,generic_church
Old Paths Christian Church,3501 Morehead Ave,El Paso,Texas,(915) 478-9417,,Church,generic_church
New Beginning,3000 Fort Blvd,El Paso,Texas,,https://www.facebook.com/nuevocomienzoep?mibextid=ZbWKwL,Church,generic_church
Sun City Church,2800 San Diego Ave,El Paso,Texas,,http://suncityep.com/,Church,generic_church
Enough Grace Ministry,4600 La Luz Ave,El Paso,Texas,(915) 494-0720,,Church,generic_church
Congregacion Amor De Dios,1620 Myrtle Ave,El Paso,Texas,(915) 532-2311,https://congregacionamordedios.org/,Church,generic_church
El Paso Church of God,2400 Federal Ave,El Paso,Texas,(516) 909-8152,http://www.churchofgod.org/,Church,generic_church
Faith Tabernacle Church,3927 Bliss Ave,El Paso,Texas,(915) 303-0377,,Church,generic_church
Templo Bethel Del Cladic,244 S Glenwood St,El Paso,Texas,(915) 772-4163,,Church,generic_church
Church of Pentecost (PIWC) El Paso Assembly,7505 Lockheed Dr,El Paso,Texas,(571) 373-7662,http://church-assembly.jany.io/,Church,generic_church
SOMOS Church,6440 Gtwy Blvd E B,El Paso,Texas,,https://www.somoschurch.cc/,Church,generic_church
Horizon Christian Fellowship,1401 Hawkins Blvd,El Paso,Texas,(915) 303-5155,http://www.horizonelp.org/,Church,generic_church
Croom Kingdom Hall,168 Croom Rd,El Paso,Texas,(915) 778-5421,,Church,generic_church
Abundant Church,209 S El Paso St,El Paso,Texas,(915) 532-8543,https://www.abundant.org/downtown,Religious organization,generic_church
Encuentro Con Dios Church,7830 Knights Dr,El Paso,Texas,(915) 772-7911,,Church,generic_church
Saint Patrick Multipurpose Center,1167 N Stanton St,El Paso,Texas,,,Church,generic_church
Immanuel Church,1201 Hawkins Blvd,El Paso,Texas,(915) 772-7461,http://myimmanuelchurch.com/,Church,generic_church
Nuevo Amanecer Church,6500 Boeing Dr,El Paso,Texas,(915) 778-1119,https://www.facebook.com/nuevoamanecer.church.3?mibextid=LQQJ4dp,Church,generic_church
Comunidad de Dios,6596 Montana Ave # H,El Paso,Texas,,,Church,generic_church
Centro Nueva Vida Camino De Santidad,200 Poplar St,El Paso,Texas,(915) 691-9102,https://m.facebook.com/iglesiacaminodesantidadep/,Church,generic_church
El Paso Monthly Meeting,3501 Hueco Ave,El Paso,Texas,(915) 546-5651,https://americatopbusi.top/details/el-paso-monthly-meeting-ChIJX3u,Church,generic_church
Uncion Celestial,3704 Alameda Ave,El Paso,Texas,,,Church,generic_church
Del Sol Church Centro,2117 Magoffin Ave,El Paso,Texas,(915) 855-3798,http://www.delsolchurch.com/,Church,generic_church
Futuro,3799 Frutas Ave,El Paso,Texas,(915) 730-5085,http://www.instagram.com/futuro.ep,Church,generic_church
Greater Mt. Calvary Church of God in Christ,7163 Dale Rd,El Paso,Texas,(915) 779-1777,,Church,generic_church
Heart For the World Ministries,2118 Grant Ave,El Paso,Texas,(915) 532-2023,,Church,generic_church
Holy Ghost Powered Ministries,1500 Magruder St Apt 403G,El Paso,Texas,(915) 888-6356,https://holyghostpoweredministries.com/,Church,generic_church
Lakeside Baptist Church,265 George Orr Rd,El Paso,Texas,,,Church,generic_church
Jesus & Mary Roman Catholic Chapel,1401 W Yandell Dr,El Paso,Texas,(915) 544-7385,http://jesusandmarychapel.weebly.com/,Church,generic_church
Templo La Evangelica,519 S Ochoa St,El Paso,Texas,(915) 315-3418,,Church,generic_church
St Ignatius of Loyola Parish,408 Park St,El Paso,Texas,(915) 532-9534,http://st-parish.poi.place/,Church,generic_church
Redeemed Church of God,6596 Montana Ave,El Paso,Texas,(915) 775-1222,,Church,generic_church
Valley View Baptist Church,1500 Mescalero Dr,El Paso,Texas,(915) 779-0131,,Church,generic_church
Noble Street Mission,150 Noble St,El Paso,Texas,(915) 332-4307,,Church,generic_church
Anglican Diocese of the Southwest,810 N Campbell St,El Paso,Texas,(505) 312-8877,http://www.anglicansw.org/,Church,generic_church
Transfiguration Mural,5690 Gateway Blvd W,El Paso,Texas,(915) 342-4603,,Church,generic_church
Beth El Bible Church,6440 Montana Ave,El Paso,Texas,(915) 772-4330,http://www.bethelbible.org/,Church,generic_church
Salvacion,6210 Trowbridge Dr,El Paso,Texas,(915) 920-8608,,Church,generic_church
Iglesia del Nazareno Church,3430 Pera Ave,El Paso,Texas,,,Church,generic_church
Jehovah-Rapha,1504 St Johns Dr,El Paso,Texas,,,Church,generic_church
ThornCrown Covenant Baptist Church,4712 Montana Ave,El Paso,Texas,(915) 843-8088,https://www.thorncrowncovenant.church/,Church,generic_church
Garfield Church TXE001,205 Ange St,El Paso,Texas,,,Church,generic_church
Iglesia en N.E Rey de Gloria,4810 Pershing Dr,El Paso,Texas,,,Church,generic_church
Iglesia de Gracia,801 Magoffin Ave,El Paso,Texas,(915) 275-3924,https://www.facebook.com/share/wzhiRWLZ61cmbG4r/?mibextid=wwXIfr,Church,generic_church
UTEP CAT,"Old Main, 501 Circle Dr",El Paso,Texas,,,Religious destination,generic_church
La Luz Del Mundo,3130 Idalia Ave,El Paso,Texas,(915) 566-5443,,Church,generic_church
Church of Scientology Mission of El Paso,1120 El Paso St,El Paso,Texas,(915) 727-5527,http://www.el-paso.scientologymissions.org/,Church,generic_church
Shavuot Israel,7141 N Loop Dr,El Paso,Texas,,http://www.shavuotisrael.com/,Synagogue,generic_church
Christ Temple Apostolic Church,11160 Montwood Dr,El Paso,Texas,,,Religious institution,generic_church
"St. Jude Thaddeus Spiritual Bothanic Church ""La Estrella""",201 Fresno Dr,El Paso,Texas,(915) 887-0701,https://www.facebook.com/temploespiritualdesanjudastadeo,Religious goods store,generic_church
Del Sol Church East,11501 Vista del Sol Dr,El Paso,Texas,(915) 855-3798,http://delsolchurch.com/,Church,generic_church
Word of Life Church,11675 Pratt Ave,El Paso,Texas,(915) 855-9673,http://www.tbm.org/,Church,generic_church
LifeGate Church,10555 Edgemere Blvd,El Paso,Texas,(915) 593-1122,http://www.lifegatechurchelpaso.com/,Church,generic_church
Vista Hills Church A Christian Fellowship,2301 Lee Trevino Dr,El Paso,Texas,(915) 591-4400,http://vistahillschurch.org/,Church,generic_church
Bethany Christian Church,10453 Springwood Dr,El Paso,Texas,(915) 592-5977,https://bethanychristianchurchofelpaso.com/,Church,generic_church
Cornerstone Church El Paso,"GECU Plaza, 12400 Montwood Dr Ste. D",El Paso,Texas,(915) 300-0071,http://www.mycornerstonechurch.org/,Church,generic_church
IM Church,440 S Yarbrough Dr,El Paso,Texas,(915) 704-7300,http://ignitemovement.org/,Church,generic_church
Life Worth Living Church,9100 Mayflower Ave Suite J,El Paso,Texas,(915) 308-3419,http://www.lifeworthlivingchurch.org/,Church,generic_church
"Power of The Gospel Church | Iglesia El Poder Del Evangelio - El Paso, TX",2200 Lee Trevino Dr B3b,El Paso,Texas,,https://linktr.ee/powerofthegospelchurch_elpaso?utm_source=linktree_profile_share&ltsid=7d641397-3774-4cb3-b052-a77f6b812e66,Church,generic_church
Eastwood Church of Christ,10104 Album Ave,El Paso,Texas,(915) 593-2772,http://www.eastwoodchurchofchrist.org/,Church,generic_church
Iglesia Cristiana Nuevo Pacto,1401 Lomaland Dr,El Paso,Texas,(915) 591-4092,http://www.nuevopactoelpaso.com/,Church,generic_church
Centro Cristiano Cantico Nuevo,11530 Pellicano Dr,El Paso,Texas,(915) 633-6320,http://www.canticonuevo.tv/,Church,generic_church
Vino Nuevo El Paso,988 Kessler Dr,El Paso,Texas,(915) 850-0200,http://www.vinonuevo.com/,Church,generic_church
The Journey Church,10015 Lockerbie Ave,El Paso,Texas,(915) 244-7077,http://thejourneychurcheastside.com/,Church,generic_church
Nueva Iglesia Puerta del Cielo,1430 Gail Borden Pl,El Paso,Texas,(915) 266-8675,http://facebook.com/NuevaIglesiaPDC,Church,generic_church
Ministerios Encuentro & Conexion,8800 Cristo Viene Dr,El Paso,Texas,(915) 592-1061,http://www.mecelp.org/,Church,generic_church
Restoration Community Church,11236 Montana Ave,El Paso,Texas,(915) 633-1544,http://rccelp.com/,Church,generic_church
Roca Church,11205 Rojas Dr,El Paso,Texas,(915) 493-1516,https://www.roca.church/,Church,generic_church
Iglesia Cristiana El Pescador Church,3423 Lee Blvd,El Paso,Texas,(915) 855-9231,,Church,generic_church
St. Christopher's Episcopal Church,300 Riverside Dr,El Paso,Texas,(915) 859-9329,,Church,generic_church
The Church in El Paso - East District,11395 James Watt Dr STE A9,El Paso,Texas,,,Church,generic_church
At His Feet Church | Iglesia A Sus Pies,440 S Yarbrough Dr,El Paso,Texas,(915) 704-7300,https://www.athisfeetchurch.org/,Church,generic_church
Saint Peter Missionary Baptist Church,3550 George Dieter Dr,El Paso,Texas,(915) 855-2143,,Church,generic_church
Surrendered Church,8617 N Loop Dr,El Paso,Texas,(915) 229-5723,http://wearesurrendered.com/,Church,generic_church
Garden of Grace Church,2521 Samoa Dr,El Paso,Texas,(915) 841-7130,http://gardenofgracechurch.com/,Church,generic_church
Holy Light Church,5922 Trowbridge Dr,El Paso,Texas,,https://www.holylightcogic.com/,Religious institution,generic_church
Heart for the World Fil-am Church,3105 N Yarbrough Dr Suite A,El Paso,Texas,(915) 539-9627,https://www.facebook.com/HftwFilAmChurch?mibextid=LQQJ4d,Church,generic_church
Sendero Church,3023 Alameda Ave,El Paso,Texas,(915) 383-3888,http://www.senderochurch.weebly.com/,Church,generic_church
New Spirit Church Suite G,12025 Rojas Dr,El Paso,Texas,,,Church,generic_church
WOW Church (Words of Wisdom),9030 Mayflower Ave,El Paso,Texas,(915) 443-1504,,Church,generic_church
Rally Point Church,8515 Lockheed Dr,El Paso,Texas,(915) 383-0875,http://rallypointchurchep.com/,Church,generic_church
El Paso Deaf Baptist Church,2011 Magoffin Ave,El Paso,Texas,,,Church,generic_church
La Vid Verdadera Church,11237 Pellicano Dr,El Paso,Texas,,,Religious institution,generic_church
Church of God Seventh Day Central,3301 Montana Ave,El Paso,Texas,,,Church,generic_church
Phillips Chapel CME Church,3432 Wyoming Ave,El Paso,Texas,(915) 307-5543,,Church,generic_church
Pebble Hills Presbyterian Church,11228 Warbonnet Dr,El Paso,Texas,,,Church,generic_church
First Church Of God,7623 Wilcox Dr,El Paso,Texas,,,Church,generic_church
Templo Christiano Vencedores,11450 James Watt Dr,El Paso,Texas,(915) 629-9230,,Church,generic_church
Tonal Teokalli Church,8148 Cooley Ave,El Paso,Texas,(915) 858-2692,,Church,generic_church
Loma Terrace Baptist Church,1003 Lomaland Dr,El Paso,Texas,,,Church,generic_church
important church updates,11385 James Watt Dr,El Paso,Texas,(915) 873-6305,,Church,generic_church
Iglesia Universal,12200 Windermere Ave,El Paso,Texas,(713) 665-6115,http://universalusa.org/,Church,generic_church
Jubilee Ministries,12309 Rojas Dr Suite B7,El Paso,Texas,,https://www.facebook.com/cojubilee,Church,generic_church
Centro Vida Life Center Ministries,1335 Henry Brennan Dr,El Paso,Texas,(915) 545-5555,https://centrovidalifecenter.com/about-us/,Church,generic_church
New City Fellowship,11385 James Watt Dr STE B2,El Paso,Texas,(915) 258-5213,https://www.newcityep.com/,Church,generic_church
"Hope Is On the Rise; Cesar F. Prieto, Pastor",11055 Argal Ct,El Paso,Texas,(915) 407-3697,,Church,generic_church
Logos,11390 Montana Ave,El Paso,Texas,(915) 227-2096,,Religious organization,generic_church
Centro Cristiano Sion,1145 N Zaragoza Rd,El Paso,Texas,,http://www.centrocristianosion.org/,Church,generic_church
Heart For World Hope Center,11220 Rojas Dr C-11,El Paso,Texas,(915) 525-3440,,Church,generic_church
Iglesia Del Dios Vivo,8800 Cristo Viene Dr,El Paso,Texas,(915) 592-1061,https://mecelp.org/nosotros/pastores-principales/,Church,generic_church
El Paso Palabra Viva,3601 Esper Dr,El Paso,Texas,(915) 540-9833,,Church,generic_church
Iglesia Jezreel,11360 Turner Rd,El Paso,Texas,(915) 867-8092,,Church,generic_church
Centro Cristiano Vida Manantial,11237 Pellicano Dr,El Paso,Texas,,,Church,generic_church
United|EP,3585 Lee Trevino Dr,El Paso,Texas,(915) 595-0288,,Church,generic_church
MINISTERIOS EBENEZER EL PASO,11860 Rojas Dr,El Paso,Texas,(915) 996-0543,http://www.ebenezerelpaso.com/,Church,generic_church
Groundzero youth,1401 Lomaland Dr,El Paso,Texas,,,Church,generic_church
The Porch El Paso,3585 Lee Trevino Dr,El Paso,Texas,,https://www.cielovista.church/unitedep,Church,generic_church
La Mies El Paso Tx.,11440 Montwood Dr Bldg C,El Paso,Texas,,,Church,generic_church
St patrick catedral,1828 Pete Brown Pl,El Paso,Texas,,,Church,generic_church
Ministerio Vida en Gracia,12025 Rojas Dr,El Paso,Texas,(915) 303-4544,http://www.facebook.com/ministeriovidaengracia,Church,generic_church
Centro Apostolico EL VIÑEDO,11444 Rojas Dr C16,El Paso,Texas,,,Church,generic_church
Encuentro Juvenil,8800 Cristo Viene Dr,El Paso,Texas,,,Church,generic_church
Maranata Academy,8877 Geranium Dr,El Paso,Texas,(915) 872-1177,,Church,generic_church
Celebration Christian Ministries,11236 Montana Ave,El Paso,Texas,,,Religious organization,generic_church
Ministerios Pacto De Fe,11501 Rojas Dr STE. O,El Paso,Texas,(915) 271-9404,http://www.mpdfelpaso.com/,Church,generic_church
Iglesia Apostolica Adulam,1491 Lee Trevino Dr Suite I,El Paso,Texas,,,Church,generic_church
Love of Christ,10964 Montwood Dr,El Paso,Texas,(915) 245-7480,,Church,generic_church
CADEP,2101 Joe Battle Blvd,El Paso,Texas,(915) 667-7909,,Church,generic_church
Iglesia,11237 Pellicano Dr,El Paso,Texas,,,Church,generic_church
RCCG Living Word Center,3707 Admiral St,El Paso,Texas,(915) 478-8817,,Church,generic_church
Mision de Gracia,1385 Northwestern Dr,El Paso,Texas,(915) 760-6434,http://www.misiondegracia.org/,Church,generic_church
New Wine Fellowship,5105 Thornton St,El Paso,Texas,(915) 599-7638,https://newwinefellowship.church/home-2/contact-us/,Religious institution,generic_church
Comunidad Cristiana Upper Valley,5901 Upper Valley Rd,El Paso,Texas,(915) 209-0104,,Church,generic_church
"Fuente de Gracia El Paso, Tx.",609 W Redd Rd,El Paso,Texas,,https://www.facebook.com/4taiglesiaapostolicaelpasotx/,Church,generic_church
Instituto Bíblico Internacional,6006 N Mesa St,El Paso,Texas,(915) 800-9113,http://www.ibinternacional.com/,Church,generic_church
Open Arms Community,8210 N Loop Dr,El Paso,Texas,(915) 595-0589,http://www.openarmscommunity.org/,Church,generic_church
OLV,198 Davis Dr,El Paso,Texas,,,Church,generic_church
Centro Familiar Cristiano,480 S Yarbrough Dr,El Paso,Texas,(915) 859-2534,,Church,generic_church
El paso tx,8284 Troy Ave,El Paso,Texas,,,Church,generic_church
Lutheran Hispanic Missionary,301 S Schutz Dr,El Paso,Texas,(915) 790-2300,,Church,generic_church
The Anchor Church,100 Porfirio Diaz St,El Paso,Texas,(915) 449-4794,https://www.anchorelpaso.com/,Church,generic_church
Zion EP,3616 Rutherglen St,El Paso,Texas,,,Church,generic_church
Templo La Hermosa,8201 Lockheed Dr,El Paso,Texas,,,Church,generic_church
Calvary Chapel New Beginnings,2155 Wedgewood Dr,El Paso,Texas,(915) 224-1229,https://calvarychapelnewbeginnings.com/,Church,generic_church
Grace Chapel,7601 Wilcox Dr,El Paso,Texas,(915) 598-6035,http://www.gracechapelelpaso.org/,Church,generic_church
"Iglesia Familia El Paso, Inc.",9030 Mayflower Ave,El Paso,Texas,(915) 246-0952,,Church,generic_church
Ministerio En Victoria,1414 E Paisano Dr C,El Paso,Texas,(915) 838-8887,http://www.ministerioenvictoria.com/,Church,generic_church
Iglesia De Dios El Elyion,3812 Pershing Dr,El Paso,Texas,,,Church,generic_church
Ernest St. Leon,3700 Yandell Dr,El Paso,Texas,,,Religious destination,generic_church
Restoration Fellowship,10200 Album Ave,El Paso,Texas,(915) 591-9330,http://www.restorationep.org/,Church,generic_church
Freedom of Faith Ministry,2200 N Yarbrough Dr,El Paso,Texas,,,Church,generic_church
Centro Nueva Vida DownTown,2401 Texas Ave,El Paso,Texas,,,Church,generic_church
Primera Iglesia Apostolica De La Fe En Cristo Jesus,4100 Pera Ave,El Paso,Texas,,,Church,generic_church
Iglesia Universal,2120 Montana Ave,El Paso,Texas,(713) 665-6115,http://universalusa.org/,Church,generic_church
Templo Cristiano El Cordero De Dios,1201 Hawkins Blvd A,El Paso,Texas,(915) 564-3144,http://www.tcelcorderodedios.org/,Church,generic_church
Iglesia Christiana Yo soy,1155 Larry Mahan Dr B,El Paso,Texas,(915) 279-8986,,Church,generic_church
Iglesia Pacto Viviente,9401 Carnegie Ave,El Paso,Texas,,,Religious institution,generic_church
"IGLESIA DEL MENSAJE EN EL PASO, TX",2530 Yandell Dr,El Paso,Texas,(915) 888-1958,,Church,generic_church
Kairos Mision Cristiana,6800 Gtwy Blvd E suite a,El Paso,Texas,,,Church,generic_church
Catholic Diocese of El Paso,499 St Matthews St,El Paso,Texas,(915) 872-8400,http://www.elpasodiocese.org/,Religious organization,generic_church
His Dwelling Place,"A & B, 3105 N Yarbrough Dr",El Paso,Texas,(915) 820-2082,http://spiritlifecc.com/,Religious organization,generic_church
Live N Proof Restoration Ministry,3355 N Yarbrough Dr Suit J,El Paso,Texas,(915) 200-9309,http://inprestorationchurch.services/,Church,generic_church
Un Nuevo Comienzo,3527 Firestone Dr,El Paso,Texas,(915) 929-2001,,Church,generic_church
El Evangelio Eterno El Paso,1128 Lomaland Dr,El Paso,Texas,(915) 286-1358,,Church,generic_church
Ministerios Zion,7716 Alameda Ave,El Paso,Texas,(915) 774-0647,,Church,generic_church
Iglesia Cristiana Hesed Bondad De Dios,7728 Alameda Ave,El Paso,Texas,(915) 538-5901,https://hesedbondadedios.com/,Church,generic_church
Iglesia De Dios,7901 N Loop Dr,El Paso,Texas,(915) 592-6909,,Church,generic_church
Betesda South Central,602 Hills St,El Paso,Texas,,,Church,generic_church
Holy Family Catholic Church,900 W Missouri Ave,El Paso,Texas,(915) 532-8462,https://www.facebook.com/people/Holy-Family-Catholic-Church/100083153141543/,Church,generic_church
Promesa de Dios,3125 Rivera Ave,El Paso,Texas,,,Church,generic_church
Iglesia Abundancia De Paz,7959 Esther Rd,El Paso,Texas,(915) 888-1259,,Church,generic_church
San Alberto Magno Convent,634 Hampton Rd,El Paso,Texas,(915) 590-3107,,Religious destination,generic_church
Tepeyac Institute,499 St Matthews St Building F,El Paso,Texas,(915) 872-8420,http://www.tepeyacinstitute.com/,Religious organization,generic_church
St. Mark Religious Formation,11700 Pebble Hills Blvd,El Paso,Texas,(915) 300-2801,,Religious organization,generic_church
Fe * Esperanza * Amor (Casa Tellez),915 La Paz Dr,El Paso,Texas,,,Church,generic_church
Công Giáo VIET Catholic El Paso,8011 Williamette Ave,El Paso,Texas,,https://lavangelpaso.org/,Religious destination,generic_church
Iglesia De DIOS TODO PODEROSO,3210 Alameda Ave,El Paso,Texas,,,Church,generic_church
Dailyn,3611 E San Antonio Ave,El Paso,Texas,,,Shrine,generic_church
Iglesia Nueva Jerusalén,3710 Alameda Ave,El Paso,Texas,,,Church,generic_church
Los Guerreros Mural,4228 Manzana Ave,El Paso,Texas,,,Shrine,generic_church
Iglesia La Hora De Salvacion,323 N Carolina Dr,El Paso,Texas,(915) 775-9877,,Religious organization,generic_church
Iglesia Yo Soy El Que Soy,400 N Carolina Dr,El Paso,Texas,,,Church,generic_church
Stanton Elementary School,5414 Hondo Pass Dr,El Paso,Texas,(915) 236-6125,https://www.episd.org/stanton,Elementary school,elementary
Bliss Elementary School,4401 Sheridan Rd # 2038,El Paso,Texas,(915) 236-5150,http://bliss.episd.org/,Elementary school,elementary
Newman Elementary School,10275 Alcan St,El Paso,Texas,(915) 236-5825,http://newman.episd.org/,Elementary school,elementary
Moye Elementary School,4825 Alps Dr,El Paso,Texas,(915) 230-5300,http://moye.episd.org/,Elementary school,elementary
Harmony School Of Innovation - El Paso Elementary,5210 Fairbanks Dr,El Paso,Texas,(915) 757-2929,https://hsielpaso.harmonytx.org/,Elementary school,elementary
Travis Elementary School,5000 N Stevens St,El Paso,Texas,(915) 236-6200,http://travis.episd.org/,Elementary school,elementary
J.M. Whitaker Elementary School,4700 Rutherford Dr,El Paso,Texas,(915) 236-6275,http://whitaker.episd.org/,Elementary school,elementary
Logan Elementary School,3200 Ellerthorpe Ave,El Paso,Texas,(915) 236-5750,http://logan.episd.org/,Elementary school,elementary
Edgar Park Elementary School,3601 Edgar Park Ave,El Paso,Texas,(915) 236-5975,http://park.episd.org/,Elementary school,elementary
Polk Elementary School,940 Belvidere St,El Paso,Texas,(915) 236-2775,https://www.episd.org/polk,Elementary school,elementary
Tippin Elementary School,6541 Bear Ridge Dr,El Paso,Texas,(915) 230-5150,https://www.episd.org/o/tes,Elementary school,elementary
Carlos Rivera Elementary School,6445 Escondido Dr,El Paso,Texas,(915) 236-3700,http://rivera.episd.org/,Elementary school,elementary
Dr. Joseph Torres Elementary School,10700 Rushing Rd,El Paso,Texas,(915) 236-5225,https://www.episd.org/torres,Elementary school,elementary
Western Hills Elementary School,530 Thunderbird Dr,El Paso,Texas,(915) 236-3850,http://westernhills.episd.org/,Elementary school,elementary
Reyes Elementary School,7440 Northern Pass Dr,El Paso,Texas,(915) 877-1301,http://res.canutillo-isd.org/,Elementary school,elementary
Harmony Public Schools West Texas,5250 Fairbanks Dr,El Paso,Texas,(915) 626-5086,https://www.harmonytx.org/schools/west-texas,Public educational institution,elementary
Dolphin Terrace Elementary,9790 Pickerel Dr,El Paso,Texas,(915) 434-6500,https://www.yisd.net/dolphinterrace,Elementary school,elementary
Parkland Elementary,6330 Deer Ave,El Paso,Texas,(915) 434-6600,http://www.yisd.net/parklandelementary,Elementary school,elementary
"William C. ""Nemo"" Herrera Elementary School",350 Coates Dr,El Paso,Texas,(915) 230-5000,https://www.episd.org/herrera,Elementary school,elementary
Guerrero Elementary School,7530 Lakehurst Rd,El Paso,Texas,(915) 236-3075,http://guerrero.episd.org/,Elementary school,elementary
Lundy Elementary School,6201 High Ridge Dr Basecamp 1,El Paso,Texas,(915) 230-5075,http://lundy.episd.org/,Elementary school,elementary
Dr. Green Elementary School,5430 Buckley Dr,El Paso,Texas,(915) 236-3000,https://www.episd.org/o/gres,Elementary school,elementary
Sunrise Mountain Elementary School,7710 Pandora St,El Paso,Texas,(915) 236-5675,https://www.episd.org/o/smes,Elementary school,elementary
Putnam Elementary School,6508 Fiesta Dr,El Paso,Texas,(915) 236-3225,https://www.episd.org/o/pues,Elementary school,elementary
Clendenin Elementary School,2701 Harrison Ave,El Paso,Texas,(915) 236-5300,http://clendenin.episd.org/,Elementary school,elementary
Zach White Elementary School,4256 Roxbury Dr,El Paso,Texas,(915) 236-2700,https://www.episd.org/white,Elementary school,elementary
UTEP,"Remote Parking-2, 2522 Sun Bowl Dr",El Paso,Texas,,http://www.utep.edu/,Educational institution,elementary
Western Hills Academy,524 Thunderbird Dr,El Paso,Texas,(915) 584-6642,http://westernhillsacademy.org/,Elementary school,elementary
Desertaire Elementary School,6301 Tiger Eye Dr,El Paso,Texas,(915) 434-6400,http://www.yisd.net/desertaire,Elementary school,elementary
Howard Burnham Elementary,7310 Bishop Flores Dr,El Paso,Texas,(915) 584-9499,http://burnhamwood.org/,Elementary school,elementary
Coach Archie Duran Elementary School,5249 Bastille Ave,El Paso,Texas,(915) 236-5525,https://www.episd.org/duran,Elementary school,elementary
Bobby Joe Hill PK-8 School,4835 Tropicana Ave,El Paso,Texas,(915) 236-5375,https://www.episd.org/hill,Elementary school,elementary
Kohlberg Elementary School,1445 Nardo Goodman Dr,El Paso,Texas,(915) 236-2850,https://www.episd.org/kohlberg,Elementary school,elementary
Keystone Christian School West,1345 New Harvest Pl,El Paso,Texas,(915) 229-0123,https://keystonechristianschools.org/,General education school,elementary
Charles Murphree School,499 Cabaret Dr,El Paso,Texas,(915) 236-3925,https://www.episd.org/murphree,Elementary school,elementary
School-Educational Enrichment,7310 Bishop Flores Dr,El Paso,Texas,(915) 584-9499,,General education school,elementary
Every Little Blessing,7930 N Mesa St,El Paso,Texas,(915) 875-0510,https://everylittleblessing.org/,Special education school,elementary
Franklin Magnet Center,825 E Redd Rd,El Paso,Texas,(915) 236-2400,http://episd.org/,K-12 school,elementary
YWCA Parkland After School,5920 Quail Ave,El Paso,Texas,(915) 472-5898,,After school program,elementary
Capistrano Elementary School,240 Mecca Dr,El Paso,Texas,(915) 434-8600,http://www.yisd.net/capistrano,Elementary school,elementary
Presa Elementary School,128 Presa Pl,El Paso,Texas,(915) 434-8700,https://www.yisd.net/o/presa,Elementary school,elementary
Bridges Academy,5700 Cromo Dr,El Paso,Texas,(915) 532-6647,http://www.bridgesacademy.org/,Special education school,elementary
Land of the Free Academy,4724 Vulcan Ave,El Paso,Texas,(903) 315-8802,http://www.landofthefreeacademy.com/class-and-range-location.html,Special education school,elementary
Barron Elementary School,11155 Whitey Ford St,El Paso,Texas,(915) 236-5075,https://www.episd.org/barron,Elementary school,elementary
IDEA Mesquite Hills,11881 Dyer St,El Paso,Texas,(915) 888-4700,https://ideapublicschools.org/our-schools/idea-mesquite-hills,Public educational institution,elementary
North Star Elementary School,5950 Sean Haggerty Dr,El Paso,Texas,(915) 434-6700,https://www.yisd.net/northstar,Elementary school,elementary
Tom Lea Elementary School,4851 Marcus Uribe Dr,El Paso,Texas,(915) 230-5450,https://www.episd.org/tomlea,Elementary school,elementary
Dr. Lawrence A. Nixon Elementary School,11141 Loma Roja Dr,El Paso,Texas,(915) 236-5900,https://www.episd.org/o/nies,Elementary school,elementary
nixon elementary,11141 Loma Roja Dr,El Paso,Texas,(915) 236-5900,https://www.episd.org/o/nies,Elementary school,elementary
Hillside Elementary School,4500 Clifton Ave,El Paso,Texas,(915) 236-0100,http://www.episd.org/,Elementary school,elementary
Crockett Elementary School,3200 Wheeling Ave,El Paso,Texas,(915) 236-8675,,Elementary school,elementary
Mesita Elementary School,3307 N Stanton St,El Paso,Texas,(915) 236-6850,http://mesita.episd.org/,Elementary school,elementary
Vilas Elementary School,220 Lawton Dr,El Paso,Texas,(915) 236-6850,,Elementary school,elementary
Father Yermo Schools PreK-12,250 Washington St,El Paso,Texas,(915) 533-3185,https://www.fatheryermoelpaso.org/,General education school,elementary
Hawkins Elementary School,5816 Stephenson Ave,El Paso,Texas,(915) 236-8900,http://hawkins.episd.org/,Elementary school,elementary
Frederick Douglass Elementary School,101 S Eucalyptus St,El Paso,Texas,(915) 236-8750,,Elementary school,elementary
St Patrick's Elementary School,1111 N Stanton St,El Paso,Texas,(915) 532-4142,https://www.saintpatrickelpaso.org/,Elementary school,elementary
Lamar Elementary School,1440 E Cliff Dr,El Paso,Texas,(915) 236-3150,http://lamar.episd.org/,Elementary school,elementary
A Better Choice Education Program,800 E San Antonio Ave,El Paso,Texas,(956) 359-6380,https://dwiclassestx.com/,Educational institution,elementary
Hughey Elementary School,6201 Hughey Dr,El Paso,Texas,(915) 236-0250,,Elementary school,elementary
Riverside Elementary School,218 Barker Rd,El Paso,Texas,(915) 434-7600,https://www.yisd.net/riversideelementary,Elementary school,elementary
Ascarate Elementary School,7090 Alameda Ave,El Paso,Texas,(915) 434-7400,,Elementary school,elementary
Thomas Manor Elementary School,7900 Jersey St,El Paso,Texas,(915) 434-7500,https://www.yisd.net/thomasmanor,Elementary school,elementary
Mesita ECDC At Vilas,220 Lawton Dr,El Paso,Texas,(915) 236-6865,https://www.episd.org/o/meses/page/mesita-ecdc,Elementary school,elementary
Texas Alcohol Education Services,7501 Lockheed Dr,El Paso,Texas,(915) 204-4045,,Educational institution,elementary
Paul Moreno Elementary School,2300 San Diego Ave,El Paso,Texas,(915) 236-0400,https://www.episd.org/o/moes,Elementary school,elementary
MacArthur Elementary-Intermediate School,8101 Whitus Dr,El Paso,Texas,(915) 236-0625,https://www.episd.org/macarthur,Elementary school,elementary
Rusk Elementary School,3601 N Copia St,El Paso,Texas,(915) 236-0475,https://www.episd.org/rusk,Elementary school,elementary
Coldwell Elementary School,4101 Altura Ave,El Paso,Texas,(915) 236-8525,https://www.episd.org/coldwell,Elementary school,elementary
Zavala Elementary School,51 N Hammett St,El Paso,Texas,(915) 236-0550,https://www.episd.org/zavala,Elementary school,elementary
Cooley Elementary School,107 N Collingsworth St,El Paso,Texas,(915) 236-8600,https://www.episd.org/cooley,Elementary school,elementary
Father Yermo Schools Pre-k to 12th,237 Tobin Pl,El Paso,Texas,(915) 533-4693,https://www.fatheryermoelpaso.org/,Elementary school,elementary
Prospect Hall,601 Circle Dr,El Paso,Texas,,,Educational institution,elementary
School,919 N Oregon St,El Paso,Texas,,,General education school,elementary
Jose H. Damian Elementary School,6300 Strahan Rd,El Paso,Texas,(915) 877-6800,https://canutillojde.ss6.sharpschool.com/,Elementary school,elementary
Captain Jhon Chapin high school,4700 Alameda Ave,El Paso,Texas,,,General education school,elementary
Educare,11057 Bob Stone Dr,El Paso,Texas,(915) 592-1822,,Special education school,elementary
Ysleta Special Education,9600 Sims Dr,El Paso,Texas,(915) 434-0900,http://www.yisd.net/,Special education school,elementary
El Paso Academy East,11000 Argal Ct,El Paso,Texas,(915) 590-8589,http://www.elpacademy.com/,General education school,elementary
Vista Del Sol Environmental Science Academy,11851 Vista del Sol Dr,El Paso,Texas,(915) 937-7500,https://www.sisd.net/o/vistadelsol,Elementary school,elementary
O'Shea Keleher Whole Child Academy,1800 Leroy Bonse Dr,El Paso,Texas,(915) 937-7200,https://www.sisd.net/o/osheakeleher,Elementary school,elementary
Del Valle Elementary School,9251 Escobar Dr,El Paso,Texas,(915) 434-9300,http://delvalleelementary.yisd.net/,Elementary school,elementary
Cielo Vista Elementary School,9000 Basil Ct,El Paso,Texas,(915) 236-8375,http://cielovista.episd.org/,Elementary school,elementary
Bill Sybert School,11530 Edgemere Blvd,El Paso,Texas,(915) 937-4400,https://www.sisd.net/o/billsybert,Elementary school,elementary
Paso Del Norte Fine Arts Academy,12300 Tierra Este Rd,El Paso,Texas,(915) 937-6200,https://www.sisd.net/o/pasodelnorte,Elementary school,elementary
Sierra Vista STEAM Academy,1501 Bob Hope Dr,El Paso,Texas,(915) 937-8100,https://www.sisd.net/o/sierravista,Elementary school,elementary
Pasodale Elementary School,8253 Mc Elroy Avenue,El Paso,Texas,(915) 434-8500,https://www.yisd.net/pasodale,Elementary school,elementary
East Point Elementary School,2400 Zanzibar Rd,El Paso,Texas,(915) 434-4500,http://eastpoint.yisd.net/,Elementary school,elementary
Vista Del Futuro Elementary,1671 Bob Hope Dr,El Paso,Texas,(915) 855-8143,http://www.burnhamwood.org/?page_id=23,Elementary school,elementary
Cadwallader School,7988 Alameda Ave #79915,El Paso,Texas,(915) 434-7500,http://thomasmanor.yisd.net/,Elementary school,elementary
Del Norte Heights Elementary,1800 Winslow Rd,El Paso,Texas,(915) 434-2400,,Elementary school,elementary
Chester E. Jordan Elementary,13995 Jason Crandall Dr,El Paso,Texas,(915) 937-8801,https://www.sisd.net/o/chesterjordan,Elementary school,elementary
Myrtle Cooper Elementary,1515 Rebecca Ann Dr,El Paso,Texas,(915) 937-7700,https://www.sisd.net/o/myrtlecooper,Elementary school,elementary
Élfida P. Chávez Elementary,11720 Pebble Hills Blvd,El Paso,Texas,(915) 937-8300,https://www.sisd.net/o/elfidachavez,Elementary school,elementary
Loma Terrace Elementary School,8200 Ryland Ct,El Paso,Texas,(915) 434-2600,https://www.yisd.net/o/lomaterrace,Elementary school,elementary
Helen Ball Elementary,1950 Firehouse Dr,El Paso,Texas,(915) 937-8200,https://www.sisd.net/o/helenball,Elementary school,elementary
Benito Martinez Elementary,2640 Robert Wynn St,El Paso,Texas,(915) 937-8000,https://www.sisd.net/o/benitomartinez,Elementary school,elementary
John Drugan School,12451 Pellicano Dr,El Paso,Texas,(915) 937-6800,https://www.sisd.net/o/johndrugan,Elementary school,elementary
Loma Verde Elementary,12150 Ted Houghton Dr,El Paso,Texas,(915) 937-8600,https://www.sisd.net/o/lomaverde,Elementary school,elementary
Jane A. Hambric School,3535 Nolan Richardson Dr,El Paso,Texas,(915) 937-4600,https://www.sisd.net/o/janehambric,Elementary school,elementary
Sgt. Roberto Ituarte Elementary,12860 Tierra Sonora Dr,El Paso,Texas,(915) 937-7000,https://www.sisd.net/o/sgtrobertoituarte,Elementary school,elementary
Lujan-Chavez Elementary,2200 Sun Country Dr,El Paso,Texas,(915) 937-8700,https://www.sisd.net/o/lujanchavez,Elementary school,elementary
James P. Butler Elementary,14251 Ralph Seitsinger,El Paso,Texas,(915) 937-8900,https://www.sisd.net/o/jamesbutler,Elementary school,elementary
Cactus Trails Elementary,14701 Ralph Seitsinger,El Paso,Texas,(915) 938-2600,https://www.sisd.net/o/cactustrails,Elementary school,elementary
Sgt. Jose F. Carrasco Elementary,14900 Tierra Mirage Ave,El Paso,Texas,(915) 938-2400,https://www.sisd.net/o/sgtjosecarrasco,Elementary school,elementary
Tierra Del Sol Elementary School,1832 Tommy Aaron Dr,El Paso,Texas,(915) 434-5800,https://www.yisd.net/tierradelsol,Elementary school,elementary
Glen Cove Elementary School,10955 Sam Snead Dr,El Paso,Texas,(915) 434-5500,https://www.yisd.net/glencove,Elementary school,elementary
Pebble Hills Elementary School,11145 Edgemere Blvd,El Paso,Texas,(915) 434-5600,https://www.yisd.net/pebblehills,Elementary school,elementary
Vista Hills Elementary School,10801 La Subida Dr,El Paso,Texas,(915) 434-5700,https://www.yisd.net/vistahills,Elementary school,elementary
Mission Valley Elementary School,8674 N Loop Dr,El Paso,Texas,(915) 434-3700,,Elementary school,elementary
YWCA After School Programs,12150 Ted Houghton Dr,El Paso,Texas,(915) 472-5937,https://www.ywcaelpaso.org/after-school-program,Educational institution,elementary
Purple Heart Elementary,14400 GR Campuzano Dr,El Paso,Texas,(915) 938-2200,https://www.sisd.net/o/purpleheart,Elementary school,elementary
Colegio María Martínez,14509 Juan Diego Dr,El Paso,Texas,,,General education school,elementary
"Community Connections Center, EPISD","U819999005A1101, 5300 Warriors Dr",El Paso,Texas,(915) 244-1911,https://legacy.episd.org/district_info/directory_new_legacy.php?field=tdp_pos_loc&how=is&str=822W&action=search,Educational institution,elementary
Harmony School of Excellence El Paso,9435 Betel Dr,El Paso,Texas,(915) 307-4772,https://hseelpaso.harmonytx.org/,Public educational institution,elementary
Edgemere Elementary School,10300 Edgemere Blvd,El Paso,Texas,(915) 434-4700,http://edgemere.yisd.net/,Elementary school,elementary
Eastwood Heights Elementary School,10530 Janway Dr,El Paso,Texas,(915) 434-4600,https://www.yisd.net/eastwoodheights,Elementary school,elementary
Inphinity Phlebotomy,5737 Belding Dr,El Paso,Texas,(915) 730-4301,http://www.inphinityphlebotomy.com/,Educational institution,elementary
Osher Lifelong Learning Institute,500 W University Ave,El Paso,Texas,(915) 747-6280,https://www.utep.edu/extendeduniversity/olli/index.html,Educational institution,elementary
Ramona Stem Academy,7755 Franklin Dr,El Paso,Texas,(915) 434-7700,https://www.yisd.net/Page/7496,Elementary school,elementary
Physical Science Building,"Physical Sciences Bldg, 2075-2095 Hawthorne St #2075-2095",El Paso,Texas,(915) 747-5715,https://www.utep.edu/,Educational institution,elementary
Smc,6812 Gtwy Blvd E #110,El Paso,Texas,,,Educational institution,elementary
Scotsdale Elementary School,2901 McRae Blvd,El Paso,Texas,(915) 434-4800,http://scotsdale.yisd.net/,Elementary school,elementary
Performing Arts,12401 Edgemere Blvd,El Paso,Texas,,https://www.sisd.net/o/eldorado/page/student-programs,Educational institution,elementary
SISD30,14701 Ralph Seitsinger,El Paso,Texas,,,Educational institution,elementary
KEYS Elementary Academy,2640 Robert Wynn St,El Paso,Texas,(915) 937-4156,https://www.sisd.net/o/keysacademy,Elementary school,elementary
BusinessKids El Paso,2200 Lee Trevino Dr A-4,El Paso,Texas,(915) 600-2881,https://businesskidselp.com/,After school program,elementary
Learning Disabilities Association + Of Texas El Paso Council,10510 Montwood Dr # D,El Paso,Texas,(915) 591-8080,,Educational institution,elementary
Building B,2640 Robert Wynn St,El Paso,Texas,,,Elementary school,elementary
"Building ""B""",12000 Montwood Dr,El Paso,Texas,,,Educational institution,elementary
YWCA After School Programs,"P1-A, 1950 Firehouse Dr",El Paso,Texas,(915) 472-5922,https://www.ywcaelpaso.org/after-school-program,After school program,elementary
YWCA After School Programs,3830 Rich Beem Blvd,El Paso,Texas,(915) 472-5900,,After school program,elementary
Professional Building,12000 Montwood Dr,El Paso,Texas,,,Educational institution,elementary
Addison Career Institute,1757 George Dieter Dr #126,El Paso,Texas,(915) 301-1565,,Educational institution,elementary
Ocean Pointe Dental Assisting Academy of El Paso,11680 Pebble Hills Blvd,El Paso,Texas,(915) 348-4451,,Educational institution,elementary
Tropical Sno,2281 N Zaragoza Rd,El Paso,Texas,,,Educational institution,elementary
Pink And Blue Daycare,12357 Tierra Limpia Dr,El Paso,Texas,(915) 875-5979,,After school program,elementary
Ysleta Elementary School,8624 Dorbandt Cir,El Paso,Texas,(915) 434-8900,https://www.yisd.net/ysletaelementary,Elementary school,elementary
Lancaster Elementary School,9230 Elgin Dr,El Paso,Texas,(915) 434-3400,http://lancaster.yisd.net/,Elementary school,elementary
North Loop Elementary School,412 Emerson St,El Paso,Texas,(915) 434-2800,https://www.yisd.net/northloop,Elementary school,elementary
YWCA After School Programs,9790 Pickerel Dr,El Paso,Texas,(915) 472-5895,,After school program,elementary
Victory Warriors Academy,5455-5499 Annette Dr,El Paso,Texas,,,After school program,elementary
Ramona Elementary School,7755 Franklin Dr,El Paso,Texas,(915) 434-6900,,Elementary school,elementary
TBA GADSEN,7550 Remcon Cir,El Paso,Texas,,,Educational institution,elementary
Sageland Elementary School,7901 Santa Monica Ct,El Paso,Texas,(915) 434-2900,http://sageland.yisd.net/,Elementary school,elementary
Bliss SAC,2012 Sheridan Rd,Fort Bliss,Texas,(915) 568-2178,https://bliss.armymwr.com/programs/school-age-centers,After school program,elementary
Healthy Horizons Institute,3905 Broaddus Ave,El Paso,Texas,(915) 292-7400,https://healthyhorizonsinstitute.com/,Educational institution,elementary
Chapin A-building,7000 Dyer St,El Paso,Texas,,,Educational institution,elementary
Chapin D-building,7000 Dyer St,El Paso,Texas,,,Educational institution,elementary
Chapin C-building,7000 Dyer St,El Paso,Texas,,,Educational institution,elementary
RSTI - Refrigeration Service Technologies Institute,4504 Tetons Dr,El Paso,Texas,(915) 500-4450,,Educational institution,elementary
Logan SAC,3505 Ellerthorpe Ave,El Paso,Texas,,,After school program,elementary
Alicia R. Chacón International school,920 Burgundy Dr,El Paso,Texas,(915) 434-9200,https://www.yisd.net/aliciarchacon,Elementary school,elementary
Keystone Christian School East,1335 Henry Brennan Dr,El Paso,Texas,(915) 229-0123,https://keystonechristianschools.org/,General education school,elementary
Freedom Academy,4100 Montana Ave B,El Paso,Texas,(915) 246-1761,https://rymap.org/business/freedom-academy-bspmt4,Educational institution,elementary
YWCA After School Programs,10712 Sam Snead Dr,El Paso,Texas,(915) 593-1289,https://www.ywcaelpaso.org/,After school program,elementary
YWCA After School Programs,10530 Janway Dr,El Paso,Texas,(915) 472-5882,,After school program,elementary
YWCA After School Programs,5430 Buckley Dr,El Paso,Texas,(915) 472-5914,,After school program,elementary
Christian Schools of El Paso,10104 Album Ave,El Paso,Texas,(915) 593-5011,https://www.christianschoolsofelpaso.org/,Kindergarten,elementary
YWCA After School Programs,1515 Rebecca Ann Dr,El Paso,Texas,,https://www.ywcaelpaso.org/after-school-program,After school program,elementary
Excel Medical Careers Academy Inc.,11890 Vista del Sol Dr,El Paso,Texas,(915) 302-4070,,Educational institution,elementary
Balloons Day Care,11107 Montwood Dr,El Paso,Texas,(915) 592-8596,,After school program,elementary
Student Services Center,"Student Services Center, 886 N Oregon St",El Paso,Texas,,,Educational institution,elementary
Sanchez Studio,4671 Montana Ave,El Paso,Texas,(915) 307-6557,https://www.thejazzexchange.org/academyprogram,Educational institution,elementary
The BOOST Network,100 N Stanton St #500,El Paso,Texas,(915) 533-2434,https://www.theboostnetwork.org/,After school program,elementary
young masters cello studies,805 Montana Ave,El Paso,Texas,,,Educational institution,elementary
Rayito De Sol Daycare & Learning,2120 Texas Ave,El Paso,Texas,(915) 351-0600,https://www.facebook.com/rayito.desol.313924/,After school program,elementary
Mi Casita Montessori,1504 Bill Ogden Dr,El Paso,Texas,,https://www.micasitamontessoriep.org/,School house,elementary
Snapology El Paso,12285 Pellicano Dr B1,El Paso,Texas,(915) 228-3788,https://www.snapology.com/texas-elpaso/,After school program,elementary
Benedict Hall,2150 Wiggins Rd,El Paso,Texas,,,Educational institution,elementary
The Institute of Oral History,1900 Wiggins Rd,El Paso,Texas,(915) 747-5238,https://www.utep.edu/liberalarts/oral-history/,Educational institution,elementary
Old Main,"Old Main, 501 Circle Dr",El Paso,Texas,,,Educational institution,elementary
"Basset Middle School, Ft. Bliss, El paso, TX","Bassett Middle School, 4400 Elm St",El Paso,Texas,(915) 236-6350,http://bassett.episd.org/,Middle school,middle_school
Navarrete middle school,3501 Hayes Ave,El Paso,Texas,(915) 236-6350,https://www.episd.org/o/NMS,Middle school,middle_school
Magoffin Middle School,4931 Hercules Ave,El Paso,Texas,(915) 236-0000,http://episd.org/magoffin,Middle school,middle_school
Canyon Hills Middle School,8930 Eclipse St,El Paso,Texas,(915) 236-6450,,Middle school,middle_school
Don Haskins PK-8 School,500 Mulberry Ave,El Paso,Texas,(915) 236-3400,https://www.episd.org/haskins,Middle school,middle_school
Brown Middle School,7820 Helen of Troy Dr,El Paso,Texas,(915) 236-0900,http://brown.episd.org/,Middle school,middle_school
Hornedo Middle School,6101 High Ridge Dr,El Paso,Texas,(915) 236-3300,https://www.episd.org/hornedo,Middle school,middle_school
St. Mark's Middle School,5257 Charl Ann St,El Paso,Texas,(915) 581-2032,https://www.stmarksep.com/,Middle school,middle_school
Parkland Middle School,6045 Nova Way,El Paso,Texas,(915) 434-6300,http://parklandmiddle.yisd.net/,Middle school,middle_school
Charles Middle School,4909 Trojan Dr,El Paso,Texas,(915) 236-6550,http://charles.episd.org/,Middle school,middle_school
Nolan Richardson Middle School,11350 Loma Franklin Dr,El Paso,Texas,(915) 236-6650,http://richardson.episd.org/,Middle school,middle_school
El Paso Country Day School,220 E Cliff Dr,El Paso,Texas,(915) 533-4492,http://epcds.org/,Middle school,middle_school
El Paso Leadership Academy,1918 Texas Ave,El Paso,Texas,(915) 298-3900,http://www.epleadershipacademy.org/,Middle school,middle_school
Wiggs Middle School,1300 Circle Dr,El Paso,Texas,(915) 236-3600,http://wiggs.episd.org/,Middle school,middle_school
Riverside Middle School,7615 Mimosa Ave,El Paso,Texas,(915) 434-7300,https://www.yisd.net/riversidemiddle,Middle school,middle_school
Coach Wally Hartley School PK-8,6201 Hughey Dr,El Paso,Texas,(915) 236-0800,https://www.episd.org/hartley,Middle school,middle_school
James Pinckney Henderson Middle School,5505 Robert Alva Ave,El Paso,Texas,(915) 236-0700,,Middle school,middle_school
Del Valle Middle School,8674 N Loop Dr,El Paso,Texas,(915) 434-3300,https://www.yisd.net/page/143,Middle school,middle_school
Capt. Walter E. Clarke Middle,1515 Bob Hope Dr,El Paso,Texas,(915) 937-5600,https://www.sisd.net/o/captwalterclarke,Middle school,middle_school
J.M. Hanks Middle School,11201 Pebble Hills Blvd,El Paso,Texas,(915) 434-5300,https://www.yisd.net/hanksmiddle,Middle school,middle_school
Sun Ridge Middle School,2210 Sun Country Dr,El Paso,Texas,(915) 937-6600,https://www.sisd.net/o/sunridge,Middle school,middle_school
Hurshel Antwine Middle,3830 Rich Beem Blvd,El Paso,Texas,(915) 937-6400,https://www.sisd.net/o/hurshelantwine,Middle school,middle_school
Bel Air Middle School,7909 Ranchland Dr,El Paso,Texas,(915) 434-2200,http://belairmiddle.yisd.net/,Middle school,middle_school
Montwood Middle School,11710 Pebble Hills Blvd,El Paso,Texas,(915) 937-5800,https://www.sisd.net/o/montwoodms,Middle school,middle_school
Spc. Rafael Hernando III Middle,3451 Rich Beem Blvd,El Paso,Texas,(915) 937-9800,https://www.sisd.net/o/spcrafaelhernando,Middle school,middle_school
William D. Slider Middle,11700 School Ln,El Paso,Texas,(915) 937-5400,https://www.sisd.net/o/williamslider,Middle school,middle_school
Eastwood Middle School,2612 Chaswood St,El Paso,Texas,(915) 434-4300,http://www.yisd.net/eastwoodmiddle,Middle school,middle_school
SSG Manuel R. Puentes Middle,3216 Tim Foster St,El Paso,Texas,(915) 937-9200,https://www.sisd.net/o/ssgmanuelpuentes,Middle school,middle_school
Ysleta Middle School,8691 Independence Dr,El Paso,Texas,(915) 434-8200,http://ysletamiddle.yisd.net/,Middle school,middle_school
Cesar Chavez Academy,7814 Alameda Ave,El Paso,Texas,(915) 434-9600,,Middle school,middle_school
Transmountain Early College High School,9570 Gateway Blvd N,El Paso,Texas,(915) 236-5000,https://www.episd.org/tmechs,High school,high_school
El Paso Academy West,201 W Redd Rd,El Paso,Texas,(915) 845-7997,https://www.elpacademy.org/,High school,high_school
Parkland High School,5932 Quail Ave,El Paso,Texas,(915) 434-6000,http://www.yisd.net/parklandhigh,High school,high_school
Irvin High School,5400 Sanders Ave,El Paso,Texas,(915) 236-4600,http://irvin.episd.org/,High school,high_school
Coronado High School,100 Champions Pl,El Paso,Texas,(915) 236-2000,http://coronado.episd.org/,High school,high_school
Northwest Early College High School,6701 S Desert Blvd,El Paso,Texas,(915) 877-1701,http://nwechs.canutillo-isd.org/,High school,high_school
Andress High School,5400 Sun Valley Dr,El Paso,Texas,(915) 236-4000,https://www.episd.org/o/ahs,High school,high_school
Franklin High School,900 Resler Dr,El Paso,Texas,(915) 236-2200,https://www.episd.org/franklin,High school,high_school
Da Vinci School for Science and the Arts,785 Southwestern Dr,El Paso,Texas,(915) 584-4024,http://www.burnhamwood.org/,High school,high_school
Canutillo High School,6675 S Desert Blvd,El Paso,Texas,(915) 877-7801,http://chs.canutillo-isd.org/,High school,high_school
Chapin High School,7000 Dyer St,El Paso,Texas,(915) 236-4400,http://chapin.episd.org/,High school,high_school
School,700 Dyer St,El Paso,Texas,,,High school,high_school
Canutillo Softball Field,6675 S Desert Blvd,El Paso,Texas,,,High school,high_school
Del Valle High School,950 Bordeaux Dr,El Paso,Texas,(915) 434-3000,http://www.yisd.net/delvallehigh,High school,high_school
"College, Career & Technology Academy",2851 Grant Ave,El Paso,Texas,(915) 236-7700,https://www.episd.org/CCTA,High school,high_school
Lydia Patterson Institute,517 S Florence St,El Paso,Texas,(915) 533-8286,https://lpi-elpaso.org/,High school,high_school
Radford School,2001 Radford St,El Paso,Texas,(915) 565-2737,http://radfordschool.org/,High school,high_school
El Paso High School,800 E Schuster Ave,El Paso,Texas,(915) 236-2500,https://www.episd.org/elpaso,High school,high_school
Austin High School,3500 Memphis Ave,El Paso,Texas,(915) 236-4200,http://austin.episd.org/,High school,high_school
Bowie High School,801 S San Marcial St,El Paso,Texas,(915) 236-7000,https://www.episd.org/bowie,High school,high_school
Loretto Academy,1300 Hardaway St,El Paso,Texas,(915) 566-8400,http://www.loretto.org/,Girls' high school,high_school
Cathedral High School,1309 N Stanton St,El Paso,Texas,(915) 532-3238,http://www.cathedral-elpaso.org/,High school,high_school
EPISD Education Center - Boeing,1014 N Stanton St,El Paso,Texas,(915) 230-2000,http://www.episd.org/,High school,high_school
William H. Burges High School,7800 Edgemere Blvd,El Paso,Texas,(915) 236-7200,https://www.episd.org/burges,High school,high_school
Raymond Telles Academy,2851 Grant Ave,El Paso,Texas,(915) 236-7800,http://episd.org/,High school,high_school
Delta Academy,6400 Delta Dr,El Paso,Texas,(915) 774-0447,https://www.episd.org/delta,High school,high_school
Riverside High School,301 Midway Dr,El Paso,Texas,(915) 434-7000,https://www.yisd.net/riversidehigh,High school,high_school
Thomas Jefferson High School,4700 Alameda Ave,El Paso,Texas,(915) 236-7400,http://jefferson.episd.org/,High school,high_school
La Fe Preparatory School,616 E Father Rahm Ave,El Paso,Texas,(915) 533-3922,https://lafeprep105644166.wordpress.com/,Preparatory school,high_school
Silva Magnet High School,121 Val Verde St EPISD,El Paso,Texas,(915) 236-7600,http://silva.episd.org/,High school,high_school
Triumph Public High School - El Paso West,711 N Mesa St,El Paso,Texas,(915) 532-7216,https://www.triumphpublicschools.org/,High school,high_school
Young Women's Academy,2231 Arizona Ave,El Paso,Texas,(915) 236-4800,https://www.episd.org/o/ywa,High school,high_school
Riverside Culinary Arts,300 Vocational Dr,El Paso,Texas,,,High school,high_school
Young Women’s STEAM Research & Preparatory Academy,2231 Arizona Ave,El Paso,Texas,(915) 236-4800,https://www.episd.org/steamacademy,High school,high_school
Bright Minds and Music Academy,7316 Golden Hawk Dr,El Paso,Texas,(915) 263-0718,,Co-ed school,high_school
EPLA East (El Paso Leadership Academy),2101 Joe Battle Blvd,El Paso,Texas,(915) 298-3901,https://eplaeast.org/,High school,high_school
KEYS Academy,12380 Pine Springs Dr,El Paso,Texas,(915) 937-4000,https://www.sisd.net/o/keysacademy,High school,high_school
Options High School,12380 Pine Springs Dr,El Paso,Texas,(915) 937-1300,https://www.sisd.net/o/options,High school,high_school
REL Washington International School,3505 Lee Trevino Dr,El Paso,Texas,(915) 434-5900,http://www.yisd.net/relwashington,International school,high_school
Harmony Science Academy - El Paso,9405 Betel Dr,El Paso,Texas,(915) 859-4620,https://hsaelpaso.harmonytx.org/,High school,high_school
Valle Verde Early College High School,919 Hunter Dr,El Paso,Texas,(915) 434-1500,,High school,high_school
J.M. Hanks Early College High School,2001 Lee Trevino Dr,El Paso,Texas,(915) 434-5000,https://www.yisd.net/o/jmhechs,High school,high_school
Eastwood High School,2430 McRae Blvd,El Paso,Texas,(915) 434-4000,https://www.yisd.net/eastwoodhigh,High school,high_school
Americas High School,12101 Pellicano Dr,El Paso,Texas,(915) 937-2800,https://www.sisd.net/o/americas,High school,high_school
Young Women's Leadership Academy,8040 Yermoland Dr,El Paso,Texas,(915) 434-1300,http://www.yisd.net/Page/6806,High school,high_school
Triumph Public High Schools - El Paso East,1599 George Dieter Dr,El Paso,Texas,(915) 298-3637,https://www.triumphpublicschools.org/,High school,high_school
Bel Air High School Health Professions,7930-7998 Santa Maria Rd,El Paso,Texas,(915) 434-2000,https://www.yisd.net/belair,High school,high_school
El Dorado High School,12401 Edgemere Blvd,El Paso,Texas,(915) 937-3200,https://www.sisd.net/o/eldorado,High school,high_school
Ysleta High School,8600 Alameda Ave,El Paso,Texas,(915) 434-8000,https://www.yisd.net/ysletahigh,High school,high_school
Bel Air High School,731 N Yarbrough Dr,El Paso,Texas,(915) 434-2000,http://belair.yisd.net/,High school,high_school
Montwood High School,12000 Montwood Dr,El Paso,Texas,(915) 937-2400,https://www.sisd.net/o/montwoodhs,High school,high_school
Pebble Hills High School,14400 Pebble Hills Blvd,El Paso,Texas,(915) 937-9400,https://www.sisd.net/o/pebblehills,High school,high_school
Robotics,12605 Tierra Alzada Dr,El Paso,Texas,,https://www.sisd.net/o/eldorado/page/student-programs,High school,high_school
Chapin G-building (Gym),7000 Dyer St,El Paso,Texas,,,Gymnasium school,high_school
Eastwood Knolls International School,10000 Buckwood Ave,El Paso,Texas,(915) 434-4400,http://eastwoodknolls.yisd.net/,High school,high_school
Career and Technology Building,12000 Montwood Dr,El Paso,Texas,(915) 937-2400,,High school,high_school
YISD Career and Technical Center,300 Opportunity Drive,El Paso,Texas,,,High school,high_school
YISD CTC Automotive Technology,302 Vocational Dr,El Paso,Texas,,,High school,high_school
Bel Air Theater,724-740 Venado Dr,El Paso,Texas,,,High school,high_school
Mountain West Montessori,403 Frontera Rd,El Paso,Texas,(915) 584-5728,https://mwmontessori.com/,Montessori school,preschool
Desert Bloom Montessori School,8001 Magnetic St,El Paso,Texas,(915) 248-6885,http://desertbloommontessorischool.com/,Montessori school,preschool
Casa de Colores Montessori,4539 Emory Rd,El Paso,Texas,(915) 300-2100,http://casadecoloresmontessori.com/,Montessori school,preschool
Escuela Montessori Del Valle,212 W Sunset Rd,El Paso,Texas,(915) 584-9215,http://www.epmontessorischools.com/,Montessori school,preschool
Coronado Montessori,7011 Westwind Dr,El Paso,Texas,(915) 584-5073,http://www.epmontessorischools.com/,Montessori school,preschool
The Bandu Montessori Academy,1057 Doniphan Park Cir Suite E,El Paso,Texas,(915) 702-0218,http://www.banduacademy.com/,Montessori school,preschool
Montessori Learning Center,244 N Resler Dr,El Paso,Texas,(915) 587-4652,http://www.montessorilearningcenterelpaso.com/,Preschool,preschool
Crystal Escuela Montessori,5446 N Mesa St,El Paso,Texas,(915) 726-0719,,Montessori school,preschool
Ascension Lutheran Day School,6520 Loma De Cristo Dr,El Paso,Texas,(915) 833-4849,https://alconnect.faith/preschool/,Preschool,preschool
Parkland Pre K,9790 Pickerel Dr,El Paso,Texas,(915) 435-7800,http://parklandprek.yisd.net/,Preschool,preschool
Lutheran Pre-School,9301 Diana Dr,El Paso,Texas,,,Preschool,preschool
Peace Lutheran Preschool & Daycare,595 Belvidere St,El Paso,Texas,(915) 581-5525,https://www.peacelutheranpreschoolelp.org/,Preschool,preschool
Smiles & Dimples Childcare,11280 Northview Dr,El Paso,Texas,(915) 248-9872,,Preschool,preschool
The J Center for Early Learning,4408 N Stanton St,El Paso,Texas,(915) 534-1234,http://thejelpaso.org/,Preschool,preschool
Trinity-First Day School,801 N Mesa St,El Paso,Texas,(915) 533-2674,https://www.trinity-first.org/day-school/,Preschool,preschool
Zion Lutheran Day School,2800 Pershing Dr,El Paso,Texas,(915) 566-4667,,Preschool,preschool
Preschool Enrichment Academy,1641 N Zaragoza Rd,El Paso,Texas,(915) 921-5441,,Preschool,preschool
New World Montessori School,3510 N Yarbrough Dr,El Paso,Texas,(915) 593-8091,http://www.nworldmontessori.org/,Montessori school,preschool
Rainbow Pre-School,1580 Joe Battle Blvd,El Paso,Texas,(915) 593-5817,,Preschool,preschool
Westside KinderCare,6923 Enid Ct,El Paso,Texas,(915) 581-5628,https://www.kindercare.com/our-centers/el-paso/tx/300274?utm_campaign=kc-lg&utm_source=yext&utm_medium=pro&utm_keyword=&utm_platform=&utm_matchtype=&utm_adgroupid=&utm_content=gmb&y_source=1_NTA3MTk0LTcxNS1sb2NhdGlvbi53ZWJzaXRl,Preschool,preschool
Mountain Star Kids Preschool,1385 Northwestern Dr,El Paso,Texas,(915) 260-9292,https://www.mountainstarkidsep.com/,Preschool,preschool
St. Francis Montessori Christian School,535 Frontera Rd,El Paso,Texas,(915) 842-1765,http://stfrancismontessori.com/,Montessori school,preschool
Veterans Park Recreation Center Child Care,5201 Salem Dr,El Paso,Texas,(915) 822-8859,,Preschool,preschool
Sun Country Montessori,2191 Sun Country Dr,El Paso,Texas,(915) 855-1205,http://www.suncountrymontessori.com/,Montessori school,preschool
Little Scholars Academy,11150 Montwood Dr,El Paso,Texas,(915) 633-1040,http://www.littlescholarsep.com/,Preschool,preschool
STEAM Preschool & Kindergarten,3019 N Yarbrough Dr Ste. C & D,El Paso,Texas,(915) 224-0247,https://www.steampreschool.com/,Preschool,preschool
Our Lil' Treasures Home Daycare,3209 Queens Garden Cir,El Paso,Texas,(915) 258-2453,,Preschool,preschool
Meadowbrook Preschool & Learning,1540 Pendale Rd,El Paso,Texas,(915) 856-5955,,Preschool,preschool
Noahs Nook Pre-School,10453 Springwood Dr,El Paso,Texas,(915) 594-9026,https://www.noahsnookinc.com/,Preschool,preschool
EARLY LEARNING CENTER,310 Dunne Ave,El Paso,Texas,,,Preschool,preschool
Escuelita Mia,7113 Villa Hermosa Dr,El Paso,Texas,,,Preschool,preschool
Children's Choice Learning Center,6330 N Mesa St j,El Paso,Texas,(915) 587-9100,http://www.childrenschoiceep.com/,Preschool,preschool
El Paso Parents of Multiples Club,5005 Love Rd,El Paso,Texas,(915) 760-6955,,Preschool,preschool
Yellow Ribbon Scholars 2,5011 Alabama St Ste E & F,El Paso,Texas,(915) 257-1589,,Preschool,preschool
Play Skool Learning Center,8424 N Loop Dr,El Paso,Texas,(915) 633-9443,,Preschool,preschool
Casa Infantil Montessori,2517 Montana Ave,El Paso,Texas,(915) 500-4116,,Montessori preschool,preschool
St Andrews Weekday Children's,2155 Wedgewood Dr,El Paso,Texas,(915) 593-3043,,Preschool,preschool
Vista Del Sol KinderCare,11022 Vista del Sol Dr,El Paso,Texas,(915) 591-7795,https://www.kindercare.com/our-centers/el-paso/tx/300362?utm_campaign=kc-lg&utm_source=yext&utm_medium=pro&utm_keyword=&utm_platform=&utm_matchtype=&utm_adgroupid=&utm_content=gmb&y_source=1_NTA3MjIxLTcxNS1sb2NhdGlvbi53ZWJzaXRl,Preschool,preschool
Ysleta Pre-K Center,7940 Craddock Ave,El Paso,Texas,(915) 434-9500,https://www.yisd.net/ysletaprek,Preschool,preschool
Flowers In the Garden Child Development Center,3331 Idalia Ave,El Paso,Texas,(575) 323-4443,,Preschool,preschool
St Paul's Day Care & Preschool,7000 Edgemere Blvd,El Paso,Texas,(915) 775-0119,,Preschool,preschool
The Children's Garden Day School,3927 Emory Rd,El Paso,Texas,(915) 219-2365,,Preschool,preschool
El Paso Education Initiative Inc,785 Southwestern Dr,El Paso,Texas,,http://www.burnhamwood.org/,Charter school,private_k12
IDEA Mesa Hills,405 Wallenberg Dr,El Paso,Texas,(915) 888-4050,https://ideapublicschools.org/our-schools/idea-mesa-hills,Charter school,private_k12
The Cherry Hill School,805 Cherry Hill Ln,El Paso,Texas,(915) 900-1800,http://thecherryhillschool.org/,Private educational institution,private_k12
St. Mark's Elementary School,5005 Love Rd,El Paso,Texas,(915) 581-2032,https://www.stmarksep.com/,Private educational institution,private_k12
Most Holy Trinity Elementary School,10000 Pheasant Rd,El Paso,Texas,(915) 751-2566,http://www.mhtcrusaders.org/,Private educational institution,private_k12
Palm Tree Academy,143 Paragon Ln,El Paso,Texas,(915) 229-2190,http://www.palmtreeacademy.net/,Religious school,private_k12
Premier High School - El Paso (Mesa),1035 Belvidere St #116,El Paso,Texas,(915) 581-4300,https://premierhighschools.com/el-paso-mesa/,Charter school,private_k12
Harmony School Of Innovation Middle/High,10405 Dyer St,El Paso,Texas,(915) 800-1162,https://hsielpasohs.harmonytx.org/,Charter school,private_k12
Northeast Christian Academy,9901 McCombs St,El Paso,Texas,(915) 755-1155,http://www.northeastcrusaders.com/,Private educational institution,private_k12
St. Clement's Parish School,600 Montana Ave,El Paso,Texas,(915) 533-4248,http://www.stclements.org/,Private educational institution,private_k12
St. Joseph's School,1300 Lamar St,El Paso,Texas,(915) 566-1661,http://stjoseph-school.org/,Private educational institution,private_k12
Academic Opportunities Academy,817 E Missouri Ave,El Paso,Texas,,,Private educational institution,private_k12
Immanuel Christian School,1201 Hawkins Blvd,El Paso,Texas,(915) 778-6160,http://www.immanuelwarriors.org/,Private educational institution,private_k12
First Presbyterian School - Preschool (1 yr - Pre-K),1340 Murchison Dr,El Paso,Texas,(915) 532-6157,http://firstpresbyterianpreschool.com/,Private educational institution,private_k12
Jewish Education Center,6516 Escondido Dr,El Paso,Texas,,,Religious school,private_k12
NHHSA (New Horizons Home School & Academy),10737 Gateway Blvd W Suite 220,El Paso,Texas,(915) 856-7243,https://www.nhhsa.com/,Private educational institution,private_k12
Premier High School - El Paso (Eastpointe),1231 Lee Trevino Dr,El Paso,Texas,(915) 633-1598,https://premierhighschools.com/,Charter school,private_k12
Rooted Academy of El Paso,10015 Lockerbie Ave,El Paso,Texas,(915) 209-2033,https://www.rootedacademyep.com/admissions-christian-private-school-el-paso,Private educational institution,private_k12
El Paso Classical Academy - Pre K-12,8960 Escobar Dr,El Paso,Texas,(915) 594-3305,https://foundersclassical.com/elpaso/,Charter school,private_k12
Edison Hope Christian Academy,2807 N Yarbrough Dr,El Paso,Texas,(915) 227-1539,,Private educational institution,private_k12
El Paso Adventist Academy,3510 George Dieter Dr,El Paso,Texas,(915) 855-7312,https://epaja.org/,Private educational institution,private_k12
Calvary Mission Valley School,8069 Alameda Ave,El Paso,Texas,(915) 235-1400,https://cmvs.institute/,Private educational institution,private_k12
Shiloh Christian Academy,8800 Cristo Viene Dr,El Paso,Texas,(915) 592-1909,https://scaelp.org/,Private educational institution,private_k12
Jesus Chapel School,10200 Album Ave,El Paso,Texas,(915) 593-1153,http://www.jchapel.org/,Private educational institution,private_k12
Daystar Christian Academy,5318 Harlan Dr Building A,El Paso,Texas,(915) 349-9234,https://www.daystarchristianacademylions.com/,Private educational institution,private_k12
The Linguistic Academy of El Paso,5141 Upper Valley Rd,El Paso,Texas,(915) 331-4397,http://www.burnhamwood.org/,Charter school,private_k12
Institute of Religion - The Church of Jesus Christ of Latter-day Saints,2114 N Oregon St,El Paso,Texas,(915) 533-5819,https://www.churchofjesuschrist.org/si/institute?utm_source=gmb&utm_medium=yext&y_source=1_MTAwOTE4NDQ0NC03MTUtbG9jYXRpb24ud2Vic2l0ZQ%3D%3D,Religious school,private_k12
University of Texas at El Paso,500 W University Ave,El Paso,Texas,(915) 747-5000,http://www.utep.edu/,Public university,higher_ed
Southwest University,6101 Montana Ave,El Paso,Texas,(915) 778-4001,https://southwestuniversity.edu/,University,higher_ed
El Paso Community College - Transmountain Campus - EPCC TM,9570 Gateway N Blvd,El Paso,Texas,(915) 831-3722,http://epcc.edu/,Community college,higher_ed
Western Technical College - Diana Campus,9451 Diana Dr,El Paso,Texas,(800) 225-5984,https://www.westerntech.edu/?utm_source=GMBlisting&utm_medium=Organic,College,higher_ed
university of texas at el paso,4815 Alameda Ave,El Paso,Texas,,,College,higher_ed
The Fountains of Hope,10540 Kendall St,El Paso,Texas,(915) 401-4723,,Institute of technology,higher_ed
Park University at El Paso,1330 Adabel Dr,El Paso,Texas,(915) 591-0286,https://www.park.edu/academics/explore-majors-programs/?location=tx-el-paso,University,higher_ed
The University of Texas at El Paso,3333 N Mesa St,El Paso,Texas,(915) 747-8207,https://www.utep.edu/chs/pt/,University,higher_ed
Howard Payne University,805 Montana Ave,El Paso,Texas,(325) 649-8020,http://www.hputx.edu/elpaso,University,higher_ed
Texas Tech University Health Sciences Center El Paso,5001 El Paso Dr,El Paso,Texas,(915) 215-8000,http://www.elpaso.ttuhsc.edu/,University,higher_ed
LifeReach Campus,7362 Remcon Cir,El Paso,Texas,(252) 342-6322,http://www.lifereachbirth.org/contact.html,University,higher_ed
Pima Medical Institute - El Paso,6926 Gtwy Blvd E,El Paso,Texas,(800) 477-7462,https://pmi.edu/locations/texas/el-paso/?utm_source=google&utm_medium=organic&utm_campaign=gmbwebsite&utm_content=elpaso,University,higher_ed
El Paso Community College - Northwest Campus - EPCC NW,6701 S Desert Blvd,El Paso,Texas,(915) 831-3722,http://epcc.edu/,Community college,higher_ed
El Paso Community College - Valle Verde Campus,919 Hunter Dr,El Paso,Texas,(915) 831-3722,http://epcc.edu/,Community college,higher_ed
El Paso Community College - Rio Grande Campus - EPCC RG,100 W Rio Grande Ave,El Paso,Texas,(915) 831-3722,http://epcc.edu/,Community college,higher_ed
College of Engineering,1981 Hawthorne St,El Paso,Texas,(915) 747-5000,http://www.utep.edu/engineering/index.html,College,higher_ed
Utep,9316 Montgomery Dr,El Paso,Texas,,,College,higher_ed
NMSU,1400 Plaza Verde Dr,El Paso,Texas,,,College,higher_ed
El Paso Community College - Administrative Services Center - EPCC ASC,9050 Viscount Blvd,El Paso,Texas,(915) 831-3722,http://www.epcc.edu/,Community college,higher_ed
El Paso Comunity college,10826 Pellicano Dr,El Paso,Texas,,,University,higher_ed
College of Health Sciences and College of Nursing Building,1851 Wiggins Rd,El Paso,Texas,(915) 747-7280,https://www.utep.edu/nursing/,University,higher_ed
Southwest University Education Center,801 S Florence St,El Paso,Texas,,,University,higher_ed
Woody L. Hunt College of Business,"799689, 500 W University Ave",El Paso,TX,(915) 747-5241,http://www.utep.edu/business/,University,higher_ed
Roger Bacon College,2400 Marr St,El Paso,Texas,(915) 565-2921,https://sites.google.com/view/rogerbaconcollege/home,College,higher_ed
Center for Career & Technology Education,1170 N Walnut St,El Paso,Texas,(915) 236-7900,https://www.episd.org/o/ccte,Institute of technology,higher_ed
Utep Education Leadership,500 W University Ave,El Paso,Texas,(915) 747-5300,http://academics.utep.edu/Default.aspx?alias=academics.utep.edu/edleadership,College,higher_ed
"Medical Education Building, MEB",5001 El Paso Dr,El Paso,Texas,,,University,higher_ed
Paul L. Foster School of Medicine,5001 El Paso Dr,El Paso,Texas,(915) 215-4360,https://ttuhscep.edu/som/,University,higher_ed
UTEP Professional and Public Programs,101 W Robinson Ave,El Paso,Texas,(915) 747-5142,https://www.utep.edu/extendeduniversity/professional-and-public-programs/,University,higher_ed
"TTUHSCEP IA Department, Institutional Advancement Department",222 Rick Francis St,El Paso,Texas,,,University,higher_ed
Centro,601 W Schuster Ave,El Paso,Texas,,,University,higher_ed
Gayle Greve Hunt School of Nursing,200 Rick Francis St,El Paso,Texas,(915) 215-6100,http://elpaso.ttuhsc.edu/son,University,higher_ed
Miles Building,301 Rick Francis St,El Paso,Texas,,,University,higher_ed
Kelly Hall,2101 Sun Bowl Dr,El Paso,Texas,,,University,higher_ed
"Delia Montes-Gallo Library, AEC Library",4800 Alberta Ave,El Paso,Texas,,https://elpaso-ttuhsc.libguides.com/home,University,higher_ed
MSBII - Medical Sciences Buildings II,206 Raynolds St,El Paso,Texas,,,University,higher_ed
Ut Houston School Public Health,5130 Gtwy Blvd E,El Paso,Texas,(915) 747-8500,https://sph.uth.edu/campuses/el-paso,Graduate school,higher_ed
EPCC Valle Verde Enrollment Center,600 College Creek,El Paso,Texas,,,Community college,higher_ed
Milan Institute of Cosmetology - El Paso,1580 George Dieter Dr Ste 207,El Paso,Texas,(915) 213-0470,https://milaninstitute.edu/locations/el-paso-texas/,College,higher_ed
Freedom Victory Bible College,11675 Pratt Ave,El Paso,Texas,(915) 383-1483,http://www.freedomvictory.com/,College,higher_ed
EPCC Culinary Arts Greenhouse,"El Paso Community College Administration, 9050 Viscount Blvd",El Paso,Texas,(915) 831-3722,http://www.epcc.edu/,College,higher_ed
L. Frederick Francis Graduate School of Biomedical Sciences,5001 El Paso Dr,El Paso,Texas,(915) 215-4157,http://elpaso.ttuhsc.edu/gsbs,University,higher_ed
Woody L. Hunt School of Dental Medicine,137 Rick Francis St,El Paso,Texas,(915) 215-4231,https://elpaso.ttuhsc.edu/sdm/,University,higher_ed
Damarys,3513 Tierra Vergel Dr,El Paso,Texas,,,College,higher_ed
Teachers Alternative,2200 Lee Trevino Dr # B25,El Paso,Texas,(915) 755-2671,,College,higher_ed
Schreiner University (First Year Campus- El Paso),10801 Gateway Blvd W #400,El Paso,Texas,,http://www.schreiner.edu/,University,higher_ed
Culinary Institute by Southwest University,6101 Montana Ave,El Paso,Texas,(915) 778-4001,https://southwestuniversity.edu/,University,higher_ed
Interdisciplinary Research Building,910 W University Ave,El Paso,Texas,,,College,higher_ed
University Relations,1608 Hawthorne St,El Paso,Texas,,https://university-relations.umn.edu/,University,higher_ed
"TTUHSCEP CSB, Clinical Science Building",4800 Alberta Ave,El Paso,Texas,,,University,higher_ed
eMotions Technology,2201 N Mesa St,El Paso,Texas,,,University,higher_ed
Southwest University Imaging Bldg,6101-6199 SW University Way,El Paso,Texas,,,Research institute,higher_ed
Medical Science Building Annex,5001 El Paso Dr,El Paso,Texas,,,University,higher_ed
"TTUHSCEP VVBA, Val Verde Business Affairs",106 S Val Verde St,El Paso,Texas,,,University,higher_ed
"Doris F. Eisenberg Library, MEB Library, 2nd Floor",5001 El Paso Dr,El Paso,Texas,,https://elpaso-ttuhsc.libguides.com/home,University,higher_ed
Rio Grande Technology Institute,7921 N Loop Dr,El Paso,Texas,(915) 629-7662,,College,higher_ed
Pan de vidaEP,5959 Gateway Blvd W #401,El Paso,Texas,(915) 249-6059,https://vfm100.com/,Christian college,higher_ed
Physical Plant,"B, 9050 Viscount Blvd",El Paso,Texas,,,University,higher_ed
Univ-Tx Department of Bio Science,500 W University Ave,El Paso,Texas,(915) 747-5844,,College,higher_ed
Texas AgriLife Research Center,1380 A and M Cir,El Paso,Texas,(915) 859-9111,http://elpaso.tamu.edu/,Research institute,higher_ed
"office of Diversity, Inclusion, and Global Health, TTUHSCEP",5310 El Paso Dr,El Paso,Texas,,,University,higher_ed
Boquillas Hall Miner Canyon,3490 Sun Bowl Dr,El Paso,Texas,(915) 747-5352,https://www.utep.edu/student-affairs/housing/people/contact.html,University,higher_ed
TTUHSCEP TTRAC Research Academic Center,440 Raynolds St,El Paso,Texas,,,University,higher_ed
TTUHSCEP Facilities Services Building,5310 El Paso Dr,El Paso,Texas,,,University,higher_ed
TTUHSCEP Archer Building,200 Rick Francis St,El Paso,Texas,,,University,higher_ed
The UTEP Department of Theatre & Dance,500 W University Ave,El Paso,Texas,(915) 747-5146,http://www.utep.edu/theatredance,University,higher_ed
UTEP Cotton Memorial Building,500 W University Ave,El Paso,Texas,(915) 747-5000,http://www.utep.edu/,University,higher_ed
TTUHSCEP Parking and Transportation Services,5310 El Paso Dr,El Paso,Texas,,https://www.parkme.com/lot/1540/urgent-care-hospice-el-paso-tx,University,higher_ed
Biodiversity Collections Herbarium,351 W University Ave #100,El Paso,Texas,,https://www.utep.edu/biodiversity/collections/herbarium.html,University,higher_ed
cassmar,500 W University Ave,El Paso,Texas,(915) 747-5785,https://www.utep.edu/engineering/mmbme/research/research.html,Public university,higher_ed
Haskins Center,4500 Mobile Ave,El Paso,Texas,,,College,higher_ed
MPIP Department - TTUHSCEP,4950 Gtwy Blvd E,El Paso,Texas,,,University,higher_ed
Ttuhscep Human Resources,4950 Gtwy Blvd E,El Paso,Texas,,https://ttuhscep.edu/hr/,University,higher_ed
3A Research LLC (East location),10400 Vista del Sol Dr #104,El Paso,Texas,(915) 598-8888,http://3asites.com/,Research institute,higher_ed
Texas A&M Transportation Institute,4050 Rio Bravo St #212,El Paso,Texas,(915) 532-3759,http://tti.tamu.edu/,Research institute,higher_ed
El Paso Clinical Trials,1729 Weston Brent Ln,El Paso,Texas,(915) 247-2309,http://www.elpasoclinicaltrials.com/,Research institute,higher_ed
Citation 1,500 W University Ave,El Paso,Texas,,http://www.utep.edu/,University,higher_ed
"Proactive El Paso,LLC",1201 E Schuster Ave Ste 1A,El Paso,Texas,(915) 320-6797,https://www.proactivecr.com/,Research institute,higher_ed
"El Paso Medical Research Institute (MedResearch, INC.)",1201 E Schuster Ave STE 1A,El Paso,Texas,(915) 307-4669,http://www.epmedresearch.com/,Research institute,higher_ed
The Project Box,7062 Alameda Ave,El Paso,Texas,(915) 532-8777,,Research institute,higher_ed
Latino Alcohol & Health Disparities Research Center,"Psychology Department - Attn: Antonio Martinez, 500 W University Avenue",El Paso,TX,(915) 747-7923,,Research institute,higher_ed
El Paso Medical Assistant School,6801 N Mesa St Suite B-3,El Paso,Texas,(915) 221-7096,https://elpasomedicalassistant.com/,Trade school,vocational
Emerald Nursing School,4936 Hondo Pass Dr,El Paso,Texas,(915) 751-3378,https://www.ens-elp.com/,Nursing school,vocational
Southwest Barber Institute,8500 Dyer St,El Paso,Texas,(915) 257-1415,http://swbi.info/,Barber school,vocational
Jungle Driving School,"750 Sunland Park Dr # Vc13, suite ho6a",El Paso,TX,(915) 900-4943,https://jungledriving.com/tx/el-paso-west/?utm_source=google&utm_medium=GBP&utm_campaign=LSH,Driving school,vocational
Cherokee Driving School,120 Redd Rd Ste.C,El Paso,Texas,(915) 760-5205,https://cherokeedrivingschool.com/,Driving school,vocational
A2B Driving School,8500 Dyer St #12,El Paso,Texas,(915) 751-8500,,Driving school,vocational
El Paso Driving Academy,4727 Hondo Pass Dr G,El Paso,Texas,(915) 755-8800,https://elpasodriving.com/locations/northeast,Driving school,vocational
Sun City Driving School,7120 N Mesa St,El Paso,Texas,(915) 328-5001,http://suncitydrivingschoolwest.com/,Driving school,vocational
"CDL Rapido - Truck Driving Schools El Paso, TX",5255 Woodrow Bean Ste A2,El Paso,Texas,(915) 881-4700,https://cdlrapido.com/,Truck driving school,vocational
Western Technical College - El Paso Campus,9624 Plaza Cir,El Paso,Texas,(800) 225-5984,https://www.westerntech.edu/?utm_source=GMBlisting&utm_medium=organic,Technical school,vocational
Ysleta Community Learning Center,121 Padres Dr,El Paso,Texas,(915) 434-9400,https://www.yisd.net/o/communityadultlc,Adult education school,vocational
SISD Community Education Department,12380 Pine Springs Dr,El Paso,Texas,(915) 937-1700,https://www.sisd.net/page/community-education,Adult education school,vocational
Zoom Spanish For All,1600 Resler Dr,El Paso,Texas,(915) 408-7719,,Adult education school,vocational
College of Engineering Dean's Suite,1981 Hawthorne St,El Paso,Texas,,,Engineering school,vocational
San Jacinto Adult Learning Center,1216 Olive Ave,El Paso,Texas,(915) 230-3200,https://www.episd.org/sanjacinto,Adult education school,vocational
EOTP LLC -Simulation LAB,1701 Bassett Ave Suite #112,El Paso,Texas,(915) 241-1911,https://www.eotp911.com/,Adult education school,vocational
EPCC Advanced Technology Center,919 Hunter Dr,El Paso,Texas,(915) 831-2350,http://epcc.edu/Academics/AdvancedTechnologyCenter,Technical school,vocational
Language Plus,1301 N Oregon St #100,El Paso,Texas,(915) 544-8600,https://languageplus.edu/,Language school,vocational
CDL. EP Texas Trucking School,5577 Alameda Ave,El Paso,Texas,(915) 702-0132,https://eptexastruckingschoolllc.com/,Truck driving school,vocational
Academy Of Real Estate,6500 Boeing Dr # L112,El Paso,Texas,(915) 779-0096,http://academyofrealestate.org/,Trade school,vocational
El Pipo Barber College,1012 N Raynor St,El Paso,Texas,(915) 562-4069,http://facebook.com/elpipobarbercollege,Barber school,vocational
Texas Tech School-Medicine,4800 Alberta Ave,El Paso,Texas,,,Medical school,vocational
Joe's Flight School & Aviation,8411 Lockheed Dr #2,El Paso,Texas,(915) 781-7733,http://joesflightschool.com/,Flight school,vocational
New Horizons Computer Learning Centers,1625 Hawkins Blvd Suite 100,El Paso,Texas,,https://www.newhorizons.com/,Computer training school,vocational
S.V.M. Defensive Driving School,5750 Trowbridge Dr,El Paso,Texas,(915) 843-0386,http://svmdrivingschooltx.com/,Driving school,vocational
Pipo Academy of Hair Design,3000 Pershing Dr,El Paso,Texas,(915) 565-3491,https://pipoacademy.com/,Beauty school,vocational
Inspired by Beauty Institute,8700 Boeing Dr,El Paso,Texas,(915) 355-3485,http://inspiredbybeauty.org/,Beauty school,vocational
NOVA Career Institute,8720 Gtwy Blvd E Ste E,El Paso,Texas,(915) 222-8187,https://novacareer-institute.com/,Technical school,vocational
"Cultural Technical Institute, LLC (CTI)",1510 N Zaragoza Rd B13,El Paso,Texas,(915) 591-4141,http://www.cultural-tech.com/,Trade school,vocational
ProAction Emergency Services Institute,1400 George Dieter Dr #260,El Paso,Texas,(915) 532-2771,http://www.pro-action.org/,Emergency training school,vocational
Bronx Barber College,1360 Lee Trevino Dr,El Paso,Texas,(915) 260-9088,https://bronxbarbercollege.com/,Barber school,vocational
David L. Carrasco Job Corps Center,11155 Gateway Blvd W,El Paso,Texas,(915) 594-0022,https://davidlcarrasco.jobcorps.gov/,Technical school,vocational
West Texas Driving Academy,12371 Edgemere Blvd #213,El Paso,Texas,(915) 857-1700,http://www.westtexasdriving.com/,Driving school,vocational
Sun City Driving School - East,12300 Pellicano Dr,El Paso,Texas,(915) 858-0080,http://www.suncitydriving.com/,Driving school,vocational
EPCC Massage Therapy,9050 Viscount Blvd Bldg b,El Paso,Texas,(915) 831-6547,https://www.epcc.edu/Academics/ContinuingEducation/HealthAndFitness/massage-therapy,Massage school,vocational
Texas Creative Careers of Arts,12301 Rojas Dr Ste A11,El Paso,Texas,(915) 590-7001,http://texascreativecareers.com/,Vocational school,vocational
Trucco Beauty Institute,11385 James Watt Dr Ste B8-B10,El Paso,Texas,(915) 777-9633,https://truccobeautyins.com/,Beauty school,vocational
Immanuel Technical Institute,1421 Lee Trevino Dr,El Paso,Texas,(915) 849-1274,,Technical school,vocational
Saru EMS Education CPR ACLS BLS PALS,14438 Alyssa Marie,El Paso,Texas,(915) 886-8125,https://saruemseducation.com/,Emergency training school,vocational
Practical Nurse Course Education Division,3401-3499 Hayes Ave,El Paso,Texas,,,Nursing school,vocational
INI Anesthesia PLLC,5008 Rico Valles Pl,El Paso,Texas,(915) 916-2495,,Nursing school,vocational
El Paso Driving Academy,720 Belvidere St Ste F-6,El Paso,Texas,(915) 587-7000,https://elpasodriving.com/,Driving school,vocational
La Paz Language Academy,1035 Belvidere St #280,El Paso,Texas,(915) 584-5100,https://www.lapazacademy.com/,Language school,vocational
Texas Tech University Health Sciences Center Tm El Paso,200 Rick Francis St,El Paso,Texas,,https://elpaso.ttuhsc.edu/,Medical school,vocational
Culinary Institute by SU,6140 SW University Way,El Paso,Texas,(915) 778-4001,https://culinaryinstitute.southwestuniversity.edu/,Culinary school,vocational
Texas Tech College of Architecture,700 W San Francisco Ave,El Paso,Texas,(806) 834-6261,https://www.depts.ttu.edu/elpaso/arch/,Architecture school,vocational
EPCC Cosmetology Program & Salon,"B, 9050 Viscount Blvd",El Paso,TX,(915) 831-6565,https://www.facebook.com/pg/EPCCCosmetology/about/?ref=page_internal,Trade school,vocational
Tri-State Cosmetology Institute,1120 Vista De Oro Dr,El Paso,Texas,(915) 533-8274,http://tristatecosmetology.com/,Beauty school,vocational
Center for Employment Training - CET El Paso,294 Candelaria St,El Paso,Texas,(915) 859-1070,https://bit.ly/3ihgjG3,Trade school,vocational
Galleteando en USA,6111 Sun Valley Dr,El Paso,Texas,(915) 422-2057,,Trade school,vocational
Texas Tech School-Medicine: Uhrig Henry MD,4800 Alberta Ave,El Paso,Texas,(915) 545-6845,,Medical school,vocational
El Paso Beauty and Barber Academy,5907 Brook Hollow Dr,El Paso,Texas,(915) 289-8088,https://elpasobeautyandbarberacademy.com/,Beauty school,vocational
Texas Culinary Institute,2101 Texas Ave,El Paso,Texas,(915) 543-8923,http://www.txculinary.com/?utm_source=google&utm_medium=wix_google_business_profile&utm_campaign=15892839477625010950,Cooking school,vocational
AHC Training,2300 George Dieter Dr #3963,El Paso,Texas,(915) 603-5277,http://ahctraining.com/,Trade school,vocational
Montana Barber Institute,1920 N Zaragoza Rd Suite 101 - 103,El Paso,Texas,(915) 760-7964,http://montanabarberinstitute.com/,Trade school,vocational
El Paso Driving Academy,12102 Montwood Dr D,El Paso,Texas,(915) 855-4900,http://www.elpasodriving.com/,Driving school,vocational
Graphic Design & Vinyl Arts,11656 Stockmeyer Dr,El Paso,Texas,(915) 861-1706,https://designandvinylartsclass.com/,Art school,vocational
National Medical Institute,2278 Trawood Dr Suite F,El Paso,Texas,(915) 262-4664,http://national-medical-institute.com/,Medical school,vocational
"Behind the Wheel Driving Academy, LLC",12430 Edgemere Blvd #209,El Paso,Texas,(800) 592-4586,,Driving school,vocational
West Texas Driving Academy,2720 John Hayes St,El Paso,Texas,(915) 270-9108,https://www.westtexasdriving.com/,Driving school,vocational
El Paso Pediatric Dental Assistant School,3037 N Zaragoza Rd Suite A,El Paso,Texas,(915) 242-1836,https://elpasopdas.com/about-us/,Dental school,vocational
Behind the Wheel Driving Academy,2200 Lee Trevino Dr,El Paso,Texas,(915) 591-0845,,Driving school,vocational
Maven Beauty Institute,2000 Lomaland Dr Ste 102,El Paso,Texas,(915) 229-6567,http://www.elpasolashtraining.com/,Beauty school,vocational
Wisdom Rda,3121 Forney Ln A,El Paso,Texas,(915) 241-9004,http://facebook.com/wisdomrda,Dental school,vocational
El Paso-CPR and First Aid Training (CLOSED),2267 Trawood Dr B4,El Paso,Texas,(915) 629-0980,http://www.elpaso-cpr.com/,Trade school,vocational
EL PASO MASSAGE INSTITUTE,9639 Dyer St SECOND FLOOR,El Paso,Texas,(915) 308-7766,,Massage school,vocational
CDLRapido Student Finance,5255 Woodrow Bean Transmountain Dr ste a2,El Paso,Texas,(915) 494-8478,https://cdlrapido.com/,Truck driving school,vocational
915 Languages,7001 Westwind Dr,El Paso,Texas,(915) 248-1035,https://915languages.com/,Language school,vocational
Healing Arts Institute of Texas,6633 N Mesa St #507,El Paso,Texas,(915) 328-3608,https://healingartsinstituteoftexas.com/,Massage school,vocational
English Language Institute at University of Texas at El Paso,101 W Robinson Ave #107b,El Paso,Texas,(915) 747-5142,https://www.utep.edu/extendeduniversity/professional-and-public-programs/programs/english-language-institute.html,English language school,vocational
Capelli Beauty and Barber College,5720 Trowbridge Dr Ste a,El Paso,Texas,(915) 222-8633,https://capelliedu.com/,Barber school,vocational
A&A Advanced Hair Academy,1029 N Zaragoza Rd,El Paso,Texas,(915) 858-1771,http://aahairacademy.com/,Beauty school,vocational
CDL TRAINING (ALAMO TRUCK DRIVER TRAINING),615 N Zaragoza Rd,El Paso,Texas,(915) 702-0100,,Driving school,vocational
Prime Time CDL,615 N Zaragoza Rd #66,El Paso,Texas,(915) 314-2626,http://primetimetechnicalinstitute.com/,Truck driving school,vocational
El Paso Police Academy,2300 Scenic Dr,El Paso,Texas,,https://www.joineppd.com/academy.php,Police academy,vocational
Markspelman,7125 Industrial Ave,El Paso,Texas,(915) 433-8712,,Trade school,vocational
Lone Star Real Estate School,"Single Story Building, 9440 Viscount Blvd Unit B",El Paso,Texas,(915) 209-2001,https://www.lonestarrealestateschool.com/,Real estate school,vocational
Phlebotomy Training Specialists,4105 Rio Bravo St Ste 105,El Paso,Texas,(888) 531-8378,https://www.phlebotomyusa.com/texas/el-paso-phlebotomy-courses/,Vocational school,vocational
Sun City Welding Academy,6940 Commerce Ave,El Paso,Texas,(915) 888-6082,http://www.suncitywelding.com/,Trade school,vocational
Olympus Beauty Academy,750 Sunland Park Dr #750,El Paso,Texas,(877) 710-9311,https://www.olympusbeauty.com/olympiancosmetology/location-el-paso/,Trade school,vocational
ITS Academy of Beauty - El Paso,750 Sunland Park Dr,El Paso,Texas,(915) 779-8000,https://www.itsbeautyacademy.com/,Beauty school,vocational
El Paso Practical,4171 N Mesa St,El Paso,Texas,,,Barber school,vocational
Milan Institute of Cosmetology - El Paso West,750 Sunland Park Dr E-08B,El Paso,Texas,(915) 250-0431,https://milaninstitute.edu/locations/el-paso-sunderland-park-texas/,Trade school,vocational
El Paso Driving Academy,10120 Montwood Dr,El Paso,Texas,(915) 595-9896,http://www.elpasodriving.com/,Driving school,vocational
5 Star Driving School,1212 N Yarbrough Dr,El Paso,Texas,(915) 598-1898,,Driving school,vocational
Dan's Concealed Carry Academy,1855 Trawood Dr Suite #209,El Paso,Texas,(915) 503-3876,,Firearms academy,vocational
United Training,1625 Hawkins Blvd Suite 100,El Paso,Texas,(915) 225-1515,https://unitedtraining.com/,Computer training school,vocational
"Accelerated Academy | Dental Assisting El Paso, TX",1713 Weston Brent Ln,El Paso,Texas,(844) 805-3785,https://www.acceleratedacademy.us/locations/vista-hill-dental-6d08e709-b88b-47e0-8b2e-63e0d4f0cdf9,Vocational school,vocational
El Paso Driving Academy,550 N Yarbrough Dr #106,El Paso,Texas,(915) 594-8858,http://www.elpasodriving.com/,Driving school,vocational
Academy of Barbers iInstitute/EPT,1421 Lee Trevino Dr D7,El Paso,Texas,(915) 920-1157,,Barber school,vocational
West Texas Driving Academy,1613 N Zaragoza Rd #111,El Paso,Texas,(915) 820-7513,http://www.westtexasdriving.com/,Driving school,vocational
The general cdl,8888 Dyer St Suite 416,El Paso,Texas,(915) 493-5282,https://thegeneralcdl.com/,Truck driving school,vocational
Driving School C2266,3301 N Piedras St suite a,El Paso,Texas,(915) 566-5707,,Driving school,vocational
ingles individual El Paso,221 N Kansas St Suite 700,El Paso,Texas,(915) 242-2161,http://inglesindividual.com/el-paso-texas/,English language school,vocational
"Computer Labs, Inc.",6455 Hiller St Suite 6B,El Paso,Texas,(915) 591-8899,http://www.4cpubiz.com/,Computer training school,vocational
JJ Aviation,6701 Convair Rd,El Paso,Texas,(915) 667-3639,,Aviation training institute,vocational
"Math Tutoring in El Paso, Tx",1114 E Rio Grande Ave #5,El Paso,Texas,(915) 270-2256,https://www.wyzant.com/Tutors/DavidYB,Mathematics school,vocational
El Paso Massage Academy,221 N Kansas St Suite 700 - #5023,El Paso,Texas,(512) 987-8870,http://elpasomassageacademy.com/,Trade school,vocational
ASC Technical Institute,6401 Convair Rd,El Paso,Texas,(915) 505-6488,https://asctechnicalinstitute.com/,Truck driving school,vocational
EMS Online Training Plus,500 W Overland Ave #250,El Paso,Texas,(915) 241-1911,http://www.eotp911.com/,Emergency training school,vocational
Cantareras Ceramic and Jewelry Studio Boutique,615 Montana Ave Suite A,El Paso,Texas,(915) 626-9566,https://cantareras.com/,Handicraft school,vocational
Aracely Sotelo LMT,1700 N Mesa St,El Paso,Texas,(915) 831-9328,,Massage school,vocational
Nu Generation Advanced Esthetics Academy,3910 Doniphan Dr Ste D,El Paso,Texas,(915) 977-5685,http://www.nugenesthetics.com/,Beauty school,vocational
fundación Madre Nuestra,5959 Gateway Blvd W,El Paso,Texas,(915) 727-5916,,Language school,vocational
915 CDL Training Academy,7000 Alameda Ave Ste. B,El Paso,Texas,(915) 256-6432,,Trade school,vocational
El Paso Fire Department Training Academy,6800 Delta Dr,El Paso,Texas,(915) 212-0380,https://www.elpasotexas.gov/fire-department/employment-opportunities/,Fire fighters academy,vocational
El Paso Sector Border Patrol Training Facility,3711 Mattox St,El Paso,Texas,,,Police academy,vocational
El paso Texas,300 N Campbell St,El Paso,Texas,(915) 212-0000,https://www.elpasotexas.gov/,Driving school,vocational
HAWKINS DRIVING CENTER,9915 Montana Ave,El Paso,Texas,(915) 772-1997,,Driving school,vocational
TWENTY EIGHT MIXERS private bartender,4242 Boy Scout Ln,El Paso,Texas,(915) 408-7287,https://www.28mixerselpasobartender.com/,Bartending school,vocational
El Paso Starlight CDL LLC,1701 Bassett Ave Ste 116,El Paso,Texas,(915) 996-5999,https://www.elpasostarlightcdlllc.com/,Truck driving school,vocational
Black Sheep BJJ/Carlson Gracie Jiu Jitsu El Paso,6104 N Mesa St Ste B,El Paso,Texas,(915) 745-7909,https://blacksheepbjjep.com/,Martial arts school,martial_arts
Briggs Academy of MMA,811 Southwestern Dr,El Paso,Texas,(915) 701-4411,http://www.briggsmma.com/,Martial arts school,martial_arts
Gracie Barra El Paso,125 Graphite Dr G,El Paso,Texas,(915) 861-0150,https://graciebarra.com/el-paso-tx/,Jujitsu school,martial_arts
Zen Martial Arts,6456 Doniphan Dr Unit A and B,El Paso,Texas,(915) 204-7079,http://www.zenmartialartselp.com/,Martial arts school,martial_arts
Han's Oriental Martial Arts,9861 Dyer St #17,El Paso,Texas,(915) 751-2777,https://hansorientalmartialarts.com/,Martial arts school,martial_arts
Thrive Martial Arts,5200 N Mesa St Ste A-108,El Paso,Texas,(915) 694-1600,http://thrivemartialart.com/,Martial arts school,martial_arts
Order Of The Dragon Martial Arts,4493 Titanic Ave,El Paso,Texas,(915) 525-5040,,Karate school,martial_arts
America's Best Karate / AB Karate,641 Resler Dr,El Paso,Texas,(915) 833-3400,http://www.americaskarate.com/,Karate school,martial_arts
Alchemy Karate Academy Far East,3560 N Zaragoza Rd Ste 209-211,El Paso,Texas,(915) 588-0753,https://www.alchemykarateacademy.com/,Martial arts school,martial_arts
Vargas Taekwondo EP,1810 Trawood Dr Suite N1,El Paso,Texas,(915) 315-6804,https://vargasolympictkd.wixsite.com/vargas-olympic-taekw,Taekwondo school,martial_arts
El Paso Karate,10710 Gateway N Blvd # B4,El Paso,Texas,(915) 822-8818,http://www.epkarate.com/,Martial arts school,martial_arts
"Jeff Speakman's Kenpo 5.0 El Paso Tx, USA",5034 Doniphan Dr Suite 1B,El Paso,Texas,(915) 478-4091,http://www.jsk5.0elpasotxusa.com/,Martial arts school,martial_arts
EP Self Defense Initiative,7136 Armistad Ave,El Paso,Texas,(915) 803-8148,,Self defense school,martial_arts
Center For Internal Arts,5757 Montoya Dr,El Paso,Texas,(915) 584-4730,http://www.centerforinternalarts.com/?utm_source=google&utm_medium=wix_google_business_profile&utm_campaign=3957632550241486968,Tai chi school,martial_arts
OTT Taekwondo USA,7456 Cimarron Market Ave Ste E-3,El Paso,Texas,(915) 299-9222,https://ott-usa.com/,Martial arts school,martial_arts
Premier Martial Arts West El Paso,5044 Doniphan Dr b 100,El Paso,Texas,(915) 474-7850,https://premiermartialarts.com/texas-el-paso/,Martial arts school,martial_arts
Champions Tae Kwon DO Center,1035 Belvidere St #350,El Paso,Texas,(915) 842-8305,http://championstaekwondo.com/,Martial arts school,martial_arts
Hayashi's Martial Arts Academy - Hayashi Dojo EST. 1955,211 Teramar Way,El Paso,Texas,(915) 760-6999,http://hayashismartialarts.com/?y_source=1_MTAwODkyNzY3OS03MTUtbG9jYXRpb24ud2Vic2l0ZQ==#,Martial arts school,martial_arts
Han’s Martial Arts,6910 N Mesa St Spc G,El Paso,Texas,(915) 328-2167,http://hanselpasomartialarts.com/,Martial arts school,martial_arts
AOA BJJ Academy,4601 Hondo Pass Dr Ste i,El Paso,Texas,,https://www.aoacommunity.com/,Martial arts school,martial_arts
Sun City Brazilian Jiu Jitsu,4106 Montana Ave,El Paso,Texas,(915) 257-4933,https://linktr.ee/suncitybjjep,Martial arts school,martial_arts
Wolfpack Training Academy,1147 Larry Mahan Dr # C,El Paso,Texas,(915) 345-2702,,Martial arts school,martial_arts
Championship Martial Arts,2000 Lomaland Dr Bldg 2,El Paso,Texas,(915) 592-5425,http://championshipmartialartselpaso.com/,Martial arts school,martial_arts
El Paso Bat Breakers,1601 James Chisum Dr,El Paso,Texas,(915) 873-4665,https://el-paso-bat-breakers.ueniweb.com/?utm_campaign=gmb,Sports school,martial_arts
Apex Karate Academy,11237 Pellicano Dr Suite C,El Paso,Texas,(915) 331-0673,http://apexkarateacademy.com/,Karate school,martial_arts
Adverse City,11450 James Watt Dr suite b-8,El Paso,Texas,(915) 791-2392,,Martial arts school,martial_arts
WARRIORS TAEKWONDO TEAM,5070 Doniphan Dr Ste A,El Paso,Texas,(915) 975-4717,,Taekwondo school,martial_arts
Third Generation Martial Arts,4950 Hondo Pass Dr Suite D,El Paso,Texas,(915) 751-7165,,Martial arts school,martial_arts
Reeves Martial Arts,221 N Kansas St Suite 800,El Paso,Texas,(915) 642-0808,,Martial arts school,martial_arts
Pro Wrestling Legacy,1540 E San Antonio Ave,El Paso,Texas,(915) 330-5064,http://pwlegacy.com/,Wrestling school,martial_arts
Gracie Barra East El Paso,12025 Rojas Dr H,El Paso,Texas,(915) 279-6643,https://graciebarra.com/east-el-paso-tx/,Martial arts school,martial_arts
LSW Wrestling,3424 Rutherglen St,El Paso,Texas,(915) 222-7411,https://lsw-wrestling.ueniweb.com/?utm_campaign=gmb,Sports school,martial_arts
El Paso Kung Fu,1491 Lee Trevino Dr Ste J,El Paso,Texas,(915) 203-4238,http://www.elpasosansoo.com/,Martial arts school,martial_arts
Screaming Eagles Martial Arts,750 Sunland Park Dr,El Paso,Texas,(915) 820-0739,http://screamingeaglesmartialarts.com/,Martial arts school,martial_arts
Alchemy Karate Academy,1613 N Zaragoza Rd,El Paso,Texas,(915) 921-5677,https://www.alchemykarateacademy.com/,Martial arts school,martial_arts
Japan Karate Association-El Paso Llc,1530 Lomaland Dr,El Paso,Texas,(915) 591-5008,,Martial arts school,martial_arts
Go West Sliders,6393 Westside Dr,El Paso,Texas,(915) 494-9000,https://www.horseridinglessonsinelpasotx.com/,Horse riding school,martial_arts
10th Planet Jiu Jitsu El Paso,10854 Pellicano Dr,El Paso,Texas,(915) 317-2585,https://10thplanetelpaso.com/,Jujitsu school,martial_arts
Desert Moon Music Academy El Paso,5782 N Mesa St,El Paso,Texas,(915) 845-7015,https://desertmoonacademy.com/,Music school,dance_music
Let There Be Rock School,3945 Doniphan Park Cir,El Paso,Texas,(915) 307-4883,http://www.letthereberockep.com/,Music school,dance_music
El Paso Music Learning Corner,6503 N Mesa St,El Paso,Texas,(915) 842-8808,http://www.elpasomusiclearningcorner.com/,Music school,dance_music
Roots School of Music,2326 Wyoming Ave,El Paso,Texas,(915) 244-5106,https://www.eprootsmusicschool.com/,Music school,dance_music
El Paso Conservatory of Music,"Trinity Hall, 801 N Mesa St 3rd Floor",El Paso,Texas,(915) 833-0263,http://www.elpasoconservatory.org/,Music school,dance_music
Champion Ballet Academy,12410 Montwood Dr,El Paso,Texas,(915) 637-5569,http://imaginedanceacademy.com/,Dance school,dance_music
CAM MUSIC,2001 Trawood Dr,El Paso,Texas,(915) 408-8534,https://www.facebook.com/CAMMUSIC25/,Music school,dance_music
Crystal Lotus School of Burlesque Arts,2267 Trawood Dr #2,El Paso,Texas,(915) 777-1025,,Dance school,dance_music
Southwest Music Academy,8001 N Mesa St,El Paso,Texas,(575) 644-8025,http://www.learn2play.net/contact.html,Music school,dance_music
Whiptail Music Studio,2328 Montana Ave,El Paso,Texas,(915) 263-3528,https://whiptailmusic.dudasites.com/,Music school,dance_music
Ballet Folklorico of El Paso,4710 Montana Ave,El Paso,Texas,(915) 731-1451,https://ballet-folklorico-of-el-paso.ueniweb.com/,Ballet school,dance_music
Luna Nómada,"Inside Dance Designs, 927 Raynolds St",El Paso,Texas,(915) 929-8188,http://luna-nomada.com/,Dance school,dance_music
Recording Connection Audio Institute,120 W Castellano Dr suite a,El Paso,Texas,(915) 257-6850,https://recordingconnection.com/school-locations/el-paso/?utm_source=google&utm_medium=organic&utm_campaign=_ml_rc_starcity_el_paso_tx&utm_content=gmb,Music school,dance_music
Sound Stage 9 WEST,750 Sunland Park Dr,El Paso,Texas,(915) 910-2570,http://www.soundstage9.com/,Music school,dance_music
The Happy Note,11625 Pellicano Dr B,El Paso,Texas,(915) 630-6360,,Music school,dance_music
Studio,1478 George Dieter Dr,El Paso,Texas,,,Dance school,dance_music
Home of the Artist,369 Shadow Mountain Dr Suite A,El Paso,Texas,(915) 881-4007,http://www.homeoftheartist.org/,Music school,dance_music
Recording Connection Audio Institute,6430 Gtwy Blvd E Ste c,El Paso,Texas,(915) 257-5980,https://recordingconnection.com/school-locations/el-paso/?utm_source=google&utm_medium=organic&utm_campaign=_ml_rc_beaconhill_el_paso_tx&utm_content=gmb,Music school,dance_music
Academy of Dance,929 Raynolds St,El Paso,Texas,(915) 276-3353,https://www.facebook.com/academyofdancedesigns,Dance school,dance_music
El Paso Ballet Theatre,1060 Doniphan Park Cir,El Paso,Texas,(915) 760-6062,http://www.elpasoballettheatre.com/,Ballet school,dance_music
On Edge Aerial Dance,11444 Rojas Dr C-5,El Paso,Texas,(915) 317-6785,https://www.onedgeaerial.net/,Dance school,dance_music
On Edge Dance Academy,3019 N Yarbrough Dr suite g,El Paso,Texas,(915) 238-6048,https://www.onedgedanceacademy.com/,Dance school,dance_music
D'ansa Jazz Stage,6910 N Mesa St F Suite F,El Paso,Texas,(915) 702-0230,http://djselp.com/,Dance school,dance_music
Century Dance,5806 Alameda Ave,El Paso,Texas,(915) 881-1939,,Ballet school,dance_music
EP Dance Center of Visual and Performing Arts,5300 Doniphan Dr #10,El Paso,Texas,(915) 309-4636,https://www.epcvpa.com/,Dance school,dance_music
AM Ballroom Dance Studio,750 Sunland Park Dr Ste. L01,El Paso,Texas,(915) 257-8251,https://amballroom.com/,Dance school,dance_music
