title,totalScore,reviewsCount,street,city,state,countryCode,website,phone,categories/0,categories/1,categories/2,categories/3,categories/4,categories/5,categories/6,categories/7,categories/8,categories/9,categories/10,categories/11,categories/12,categories/13,categories/14,categories/15,categories/16,categories/17,categories/18,categories/19,categories/20,categories/21,categories/22,url,categoryName
El Paso Education Initiative Inc,,,785 Southwestern Dr,El Paso,Texas,US,http://www.burnhamwood.org/,,Charter school,,,,,,,,,,,,,,,,,,,,,,,https://www.google.com/maps/search/?api=1&query=El%20Paso%20Education%20Initiative%20Inc&query_place_id=ChIJ__9vWuT43YYR7k6xcVFUcNM,Charter school
Southwest Hindu Temple Society,4.7,40,6168 Strahan Rd,El Paso,Texas,US,http://www.hindutempleofelpaso.org/,(915) 877-5560,Hindu temple,Religious organization,,,,,,,,,,,,,,,,,,,,,,https://www.google.com/maps/search/?api=1&query=Southwest%20Hindu%20Temple%20Society&query_place_id=ChIJwS0CCTb53YYRXcXID2E1Lv0,Hindu temple
Temple Mt Sinai,4.7,40,4408 N Stanton St,El Paso,Texas,US,http://www.templemountsinai.com/,(915) 532-5959,Synagogue,,,,,,,,,,,,,,,,,,,,,,,https://www.google.com/maps/search/?api=1&query=Temple%20Mt%20Sinai&query_place_id=ChIJzQ6iMCRY54YR3xsLnMtPZOY,Synagogue
"Chenrezig Tibetan Buddhist Cultural Center of El Paso , TX",5,21,2117 Yandell Dr,El Paso,Texas,US,https://ctbcc.org/,,Buddhist temple,Meditation center,,,,,,,,,,,,,,,,,,,,,,https://www.google.com/maps/search/?api=1&query=Chenrezig%20Tibetan%20Buddhist%20Cultural%20Center%20of%20El%20Paso%20%2C%20TX&query_place_id=ChIJGeevcKRZ54YRTx22XENzBd0,Buddhist temple
Lhakhang Temple,5,6,Lhakhang Building,El Paso,Texas,US,https://www.utep.edu/centennial-museum/lhakhang/index.html,(915) 747-8994,Shrine,,,,,,,,,,,,,,,,,,,,,,,https://www.google.com/maps/search/?api=1&query=Lhakhang%20Temple&query_place_id=ChIJcYkG919Z54YRXtjCjMUoKoc,Shrine
New Nilachal - ISKCON El Paso,5,5,101 Clairemont Rd,El Paso,Texas,US,https://www.facebook.com/profile.php?id=100070540630126&mibextid=LQQJ4d,(915) 270-1615,Hindu temple,,,,,,,,,,,,,,,,,,,,,,,https://www.google.com/maps/search/?api=1&query=New%20Nilachal%20-%20ISKCON%20El%20Paso&query_place_id=ChIJKa2E2VpX54YRUArw2rsHuX8,Hindu temple
Bethlehem Temple PAW,4.5,6,4131 Yandell Dr,El Paso,Texas,US,,(915) 565-6884,Church,,,,,,,,,,,,,,,,,,,,,,,https://www.google.com/maps/search/?api=1&query=Bethlehem%20Temple%20PAW&query_place_id=ChIJbdBMpIdZ54YR2-C6BnQGXNk,Church
Praise Temple Full Gospel Baptist Church,4.9,46,6230 Dyer St,El Paso,Texas,US,,(915) 694-3569,Baptist church,,,,,,,,,,,,,,,,,,,,,,,https://www.google.com/maps/search/?api=1&query=Praise%20Temple%20Full%20Gospel%20Baptist%20Church&query_place_id=ChIJSaygc8Na54YRvTp4Hg5SKTA,Baptist church
Vida Plena Temple Jerusalem,5,4,758 Gateway N Blvd,El Paso,Texas,US,,,Church,,,,,,,,,,,,,,,,,,,,,,,https://www.google.com/maps/search/?api=1&query=Vida%20Plena%20Temple%20Jerusalem&query_place_id=ChIJw57Y1Cla54YRgOHePfsC7B8,Church
Steel Temple,,,,El Paso,Texas,US,,,Religious institution,,,,,,,,,,,,,,,,,,,,,,,https://www.google.com/maps/search/?api=1&query=Steel%20Temple&query_place_id=ChIJXx_iMeZa54YRxCowbeIi58o,Religious institution
Revolution Emanuel Ministries Inc.,5,5,1722 Banker Rd,Canutillo,Texas,US,,,Church,,,,,,,,,,,,,,,,,,,,,,,https://www.google.com/maps/search/?api=1&query=Revolution%20Emanuel%20Ministries%20Inc.&query_place_id=ChIJqd0Y4cX_3YYR7gd_DxPdvCA,Church
Abundant Church,4.7,368,7100 N Desert Blvd,El Paso,Texas,US,http://www.abundant.org/,(915) 532-8543,Church,Religious organization,,,,,,,,,,,,,,,,,,,,,,https://www.google.com/maps/search/?api=1&query=Abundant%20Church&query_place_id=ChIJo4nuY9X-3YYR8YBY1uraVMY,Church
Stanton Elementary School,,,5414 Hondo Pass Dr,El Paso,Texas,US,https://www.episd.org/stanton,(915) 236-6125,Elementary school,,,,,,,,,,,,,,,,,,,,,,,https://www.google.com/maps/search/?api=1&query=Stanton%20Elementary%20School&query_place_id=ChIJCUJ_NR9R54YRD5bxsGQjbEQ,Elementary school
Bliss Elementary School,,,4401 Sheridan Rd # 2038,El Paso,Texas,US,http://bliss.episd.org/,(915) 236-5150,Elementary school,Primary school,,,,,,,,,,,,,,,,,,,,,,https://www.google.com/maps/search/?api=1&query=Bliss%20Elementary%20School&query_place_id=ChIJC7EZvqpQ54YRHhXnwmfGCq8,Elementary school
Newman Elementary School,,,10275 Alcan St,El Paso,Texas,US,http://newman.episd.org/,(915) 236-5825,Elementary school,,,,,,,,,,,,,,,,,,,,,,,https://www.google.com/maps/search/?api=1&query=Newman%20Elementary%20School&query_place_id=ChIJ50WSYd9T54YRNnFApri4Vu4,Elementary school
Moye Elementary School,,,4825 Alps Dr,El Paso,Texas,US,http://moye.episd.org/,(915) 230-5300,Elementary school,,,,,,,,,,,,,,,,,,,,,,,https://www.google.com/maps/search/?api=1&query=Moye%20Elementary%20School&query_place_id=ChIJc-UpUChR54YRBvTGcBkjiLI,Elementary school
Harmony School Of Innovation - El Paso Elementary,,,5210 Fairbanks Dr,El Paso,Texas,US,https://hsielpaso.harmonytx.org/,(915) 757-2929,Elementary school,Charter school,Educational institution,High school,Preschool,Public educational institution,,,,,,,,,,,,,,,,,,https://www.google.com/maps/search/?api=1&query=Harmony%20School%20Of%20Innovation%20-%20El%20Paso%20Elementary&query_place_id=ChIJvRLwKFxR54YRIJV1lY0f46c,Elementary school
Travis Elementary School,,,5000 N Stevens St,El Paso,Texas,US,http://travis.episd.org/,(915) 236-6200,Elementary school,School,,,,,,,,,,,,,,,,,,,,,,https://www.google.com/maps/search/?api=1&query=Travis%20Elementary%20School&query_place_id=ChIJJ2wU2VZX54YRO_ATEejBl9k,Elementary school
J.M. Whitaker Elementary School,,,4700 Rutherford Dr,El Paso,Texas,US,http://whitaker.episd.org/,(915) 236-6275,Elementary school,Kindergarten,Middle school,,,,,,,,,,,,,,,,,,,,,https://www.google.com/maps/search/?api=1&query=J.M.%20Whitaker%20Elementary%20School&query_place_id=ChIJY4YwozFR54YRDwRdHEzHWw0,Elementary school
Logan Elementary School,,,3200 Ellerthorpe Ave,El Paso,Texas,US,http://logan.episd.org/,(915) 236-5750,Elementary school,,,,,,,,,,,,,,,,,,,,,,,https://www.google.com/maps/search/?api=1&query=Logan%20Elementary%20School&query_place_id=ChIJhaFf-MlQ54YRyPHwXUdBfPc,Elementary school
Edgar Park Elementary School,,,3601 Edgar Park Ave,El Paso,Texas,US,http://park.episd.org/,(915) 236-5975,Elementary school,Public educational institution,,,,,,,,,,,,,,,,,,,,,,https://www.google.com/maps/search/?api=1&query=Edgar%20Park%20Elementary%20School&query_place_id=ChIJ0cYalihX54YRXaE6kojjHCU,Elementary school
Polk Elementary School,,,940 Belvidere St,El Paso,Texas,US,https://www.episd.org/polk,(915) 236-2775,Elementary school,School,,,,,,,,,,,,,,,,,,,,,,https://www.google.com/maps/search/?api=1&query=Polk%20Elementary%20School&query_place_id=ChIJ31RZ74b43YYR2DSGiUdNzFI,Elementary school
Tippin Elementary School,,,6541 Bear Ridge Dr,El Paso,Texas,US,https://www.episd.org/o/tes,(915) 230-5150,Elementary school,,,,,,,,,,,,,,,,,,,,,,,https://www.google.com/maps/search/?api=1&query=Tippin%20Elementary%20School&query_place_id=ChIJtwmepKP43YYRzcpdPNQligY,Elementary school
Carlos Rivera Elementary School,,,6445 Escondido Dr,El Paso,Texas,US,http://rivera.episd.org/,(915) 236-3700,Elementary school,,,,,,,,,,,,,,,,,,,,,,,https://www.google.com/maps/search/?api=1&query=Carlos%20Rivera%20Elementary%20School&query_place_id=ChIJFWBG-NVX54YRjGt0H4r-1j0,Elementary school
Dr. Joseph Torres Elementary School,,,10700 Rushing Rd,El Paso,Texas,US,https://www.episd.org/torres,(915) 236-5225,Elementary school,,,,,,,,,,,,,,,,,,,,,,,https://www.google.com/maps/search/?api=1&query=Dr.%20Joseph%20Torres%20Elementary%20School&query_place_id=ChIJ2ee4O-pT54YRmwhKV3dHutQ,Elementary school
Western Hills Elementary School,,,530 Thunderbird Dr,El Paso,Texas,US,http://westernhills.episd.org/,(915) 236-3850,Elementary school,Middle school,School,,,,,,,,,,,,,,,,,,,,,https://www.google.com/maps/search/?api=1&query=Western%20Hills%20Elementary%20School&query_place_id=ChIJeTGw1s9X54YRGQIajazTyOU,Elementary school
Transmountain Early College High School,,,9570 Gateway Blvd N,El Paso,Texas,US,https://www.episd.org/tmechs,(915) 236-5000,High school,College,,,,,,,,,,,,,,,,,,,,,,https://www.google.com/maps/search/?api=1&query=Transmountain%20Early%20College%20High%20School&query_place_id=ChIJ46lwtUpR54YROlu6kB1ZBT4,High school
IDEA Mesa Hills,,,405 Wallenberg Dr,El Paso,Texas,US,https://ideapublicschools.org/our-schools/idea-mesa-hills,(915) 888-4050,Charter school,Elementary school,High school,Middle school,,,,,,,,,,,,,,,,,,,,https://www.google.com/maps/search/?api=1&query=IDEA%20Mesa%20Hills&query_place_id=ChIJu5Y_MNJX54YRn68z0drurRQ,Charter school
The Cherry Hill School,,,805 Cherry Hill Ln,El Paso,Texas,US,http://thecherryhillschool.org/,(915) 900-1800,Private educational institution,,,,,,,,,,,,,,,,,,,,,,,https://www.google.com/maps/search/?api=1&query=The%20Cherry%20Hill%20School&query_place_id=ChIJVVlxUM5X54YReGZZj53o-H0,Private educational institution
"Basset Middle School, Ft. Bliss, El paso, TX",,,"Bassett Middle School, 4400 Elm St",El Paso,Texas,US,http://bassett.episd.org/,(915) 236-6350,Middle school,,,,,,,,,,,,,,,,,,,,,,,https://www.google.com/maps/search/?api=1&query=Basset%20Middle%20School%2C%20Ft.%20Bliss%2C%20El%20paso%2C%20TX&query_place_id=ChIJWdPg419X54YRkRCRbllC80o,Middle school
Reyes Elementary School,,,7440 Northern Pass Dr,El Paso,Texas,US,http://res.canutillo-isd.org/,(915) 877-1301,Elementary school,,,,,,,,,,,,,,,,,,,,,,,https://www.google.com/maps/search/?api=1&query=Reyes%20Elementary%20School&query_place_id=ChIJdxXi78r43YYRlyNDizigQzA,Elementary school
Harmony Public Schools West Texas,,,5250 Fairbanks Dr,El Paso,Texas,US,https://www.harmonytx.org/schools/west-texas,(915) 626-5086,Public educational institution,Association / Organization,Charter school,Educational institution,,,,,,,,,,,,,,,,,,,,https://www.google.com/maps/search/?api=1&query=Harmony%20Public%20Schools%20West%20Texas&query_place_id=ChIJl3x4uZ9E54YRjkt1f_o8sAQ,Public educational institution
Dolphin Terrace Elementary,,,9790 Pickerel Dr,El Paso,Texas,US,https://www.yisd.net/dolphinterrace,(915) 434-6500,Elementary school,,,,,,,,,,,,,,,,,,,,,,,https://www.google.com/maps/search/?api=1&query=Dolphin%20Terrace%20Elementary&query_place_id=ChIJAaDXYHJR54YRXBda36B3D48,Elementary school
Parkland Elementary,,,6330 Deer Ave,El Paso,Texas,US,http://www.yisd.net/parklandelementary,(915) 434-6600,Elementary school,,,,,,,,,,,,,,,,,,,,,,,https://www.google.com/maps/search/?api=1&query=Parkland%20Elementary&query_place_id=ChIJLavAIntR54YRSpRFRcUmQK0,Elementary school
"William C. ""Nemo"" Herrera Elementary School",,,350 Coates Dr,El Paso,Texas,US,https://www.episd.org/herrera,(915) 230-5000,Elementary school,,,,,,,,,,,,,,,,,,,,,,,https://www.google.com/maps/search/?api=1&query=William%20C.%20%22Nemo%22%20Herrera%20Elementary%20School&query_place_id=ChIJwa2R_iD53YYRlAISU-dAP0I,Elementary school
Guerrero Elementary School,,,7530 Lakehurst Rd,El Paso,Texas,US,http://guerrero.episd.org/,(915) 236-3075,Elementary school,Kindergarten,Middle school,Preschool,School district office,,,,,,,,,,,,,,,,,,,https://www.google.com/maps/search/?api=1&query=Guerrero%20Elementary%20School&query_place_id=ChIJY9LEJ_L43YYRiU_C4EGqzmM,Elementary school
St. Mark's Elementary School,,,5005 Love Rd,El Paso,Texas,US,https://www.stmarksep.com/,(915) 581-2032,Private educational institution,Religious school,School,,,,,,,,,,,,,,,,,,,,,https://www.google.com/maps/search/?api=1&query=St.%20Mark's%20Elementary%20School&query_place_id=ChIJj0PJRar53YYRr38_V16qemE,Private educational institution
Lundy Elementary School,,,6201 High Ridge Dr Basecamp 1,El Paso,Texas,US,http://lundy.episd.org/,(915) 230-5075,Elementary school,After school program,,,,,,,,,,,,,,,,,,,,,,https://www.google.com/maps/search/?api=1&query=Lundy%20Elementary%20School&query_place_id=ChIJIQFxrCJW54YRP0eVT4A_gKw,Elementary school
Navarrete middle school,,,3501 Hayes Ave,El Paso,Texas,US,https://www.episd.org/o/NMS,(915) 236-6350,Middle school,,,,,,,,,,,,,,,,,,,,,,,https://www.google.com/maps/search/?api=1&query=Navarrete%20middle%20school&query_place_id=ChIJPduhA6xb54YRRu5Gxw2wiSg,Middle school
Magoffin Middle School,,,4931 Hercules Ave,El Paso,Texas,US,http://episd.org/magoffin,(915) 236-0000,Middle school,,,,,,,,,,,,,,,,,,,,,,,https://www.google.com/maps/search/?api=1&query=Magoffin%20Middle%20School&query_place_id=ChIJhyAQVtpQ54YRZYuUgScUSSA,Middle school
Dr. Green Elementary School,,,5430 Buckley Dr,El Paso,Texas,US,https://www.episd.org/o/gres,(915) 236-3000,Elementary school,Middle school,,,,,,,,,,,,,,,,,,,,,,https://www.google.com/maps/search/?api=1&query=Dr.%20Green%20Elementary%20School&query_place_id=ChIJF_WoxuxX54YRutaGKrKv2-8,Elementary school
El Paso Academy West,,,201 W Redd Rd,El Paso,Texas,US,https://www.elpacademy.org/,(915) 845-7997,High school,,,,,,,,,,,,,,,,,,,,,,,https://www.google.com/maps/search/?api=1&query=El%20Paso%20Academy%20West&query_place_id=ChIJd0yjCBn53YYRTUPOpgwHsNY,High school
Sunrise Mountain Elementary School,,,7710 Pandora St,El Paso,Texas,US,https://www.episd.org/o/smes,(915) 236-5675,Elementary school,School,,,,,,,,,,,,,,,,,,,,,,https://www.google.com/maps/search/?api=1&query=Sunrise%20Mountain%20Elementary%20School&query_place_id=ChIJaav5udpR54YRbbCkvGdcpxM,Elementary school
Mountain West Montessori,,,403 Frontera Rd,El Paso,Texas,US,https://mwmontessori.com/,(915) 584-5728,Montessori school,,,,,,,,,,,,,,,,,,,,,,,https://www.google.com/maps/search/?api=1&query=Mountain%20West%20Montessori&query_place_id=ChIJOffJbjr43YYRWAxvKa0HmYM,Montessori school
Parkland High School,,,5932 Quail Ave,El Paso,Texas,US,http://www.yisd.net/parklandhigh,(915) 434-6000,High school,School,,,,,,,,,,,,,,,,,,,,,,https://www.google.com/maps/search/?api=1&query=Parkland%20High%20School&query_place_id=ChIJMa7_I3tR54YRibq91QPm7jI,High school
Putnam Elementary School,,,6508 Fiesta Dr,El Paso,Texas,US,https://www.episd.org/o/pues,(915) 236-3225,Elementary school,Bilingual school,,,,,,,,,,,,,,,,,,,,,,https://www.google.com/maps/search/?api=1&query=Putnam%20Elementary%20School&query_place_id=ChIJB76gJnT43YYROGlT4nAopFo,Elementary school
Clendenin Elementary School,,,2701 Harrison Ave,El Paso,Texas,US,http://clendenin.episd.org/,(915) 236-5300,Elementary school,,,,,,,,,,,,,,,,,,,,,,,https://www.google.com/maps/search/?api=1&query=Clendenin%20Elementary%20School&query_place_id=ChIJR-6BAuBZ54YRb6Z0DJc1agU,Elementary school
Most Holy Trinity Elementary School,,,10000 Pheasant Rd,El Paso,Texas,US,http://www.mhtcrusaders.org/,(915) 751-2566,Private educational institution,School,,,,,,,,,,,,,,,,,,,,,,https://www.google.com/maps/search/?api=1&query=Most%20Holy%20Trinity%20Elementary%20School&query_place_id=ChIJ1WCcS2VR54YROrAmqINPApo,Private educational institution
Canyon Hills Middle School,,,8930 Eclipse St,El Paso,Texas,US,,(915) 236-6450,Middle school,School,,,,,,,,,,,,,,,,,,,,,,https://www.google.com/maps/search/?api=1&query=Canyon%20Hills%20Middle%20School&query_place_id=ChIJe7qbKtFW54YRAEgdCxm8Ap0,Middle school
Don Haskins PK-8 School,,,500 Mulberry Ave,El Paso,Texas,US,https://www.episd.org/haskins,(915) 236-3400,Middle school,Primary school,School,,,,,,,,,,,,,,,,,,,,,https://www.google.com/maps/search/?api=1&query=Don%20Haskins%20PK-8%20School&query_place_id=ChIJH2NpqGL53YYRwOsdLXlgMBg,Middle school
Zach White Elementary School,,,4256 Roxbury Dr,El Paso,Texas,US,https://www.episd.org/white,(915) 236-2700,Elementary school,,,,,,,,,,,,,,,,,,,,,,,https://www.google.com/maps/search/?api=1&query=Zach%20White%20Elementary%20School&query_place_id=ChIJL8tDkjf43YYRkl8p9GXRS9I,Elementary school
University of Texas at El Paso,4.2,435,500 W University Ave,El Paso,Texas,US,http://www.utep.edu/,(915) 747-5000,Public university,University,,,,,,,,,,,,,,,,,,,,,,https://www.google.com/maps/search/?api=1&query=University%20of%20Texas%20at%20El%20Paso&query_place_id=ChIJ12KA7lpY54YRvOw3ZC-V-tE,Public university
Southwest University,4.7,1822,6101 Montana Ave,El Paso,Texas,US,https://southwestuniversity.edu/,(915) 778-4001,University,Adult education school,Business school,College,Nursing school,Technical school,Trade school,,,,,,,,,,,,,,,,,https://www.google.com/maps/search/?api=1&query=Southwest%20University&query_place_id=ChIJn5KGL0Za54YRUf3X6M3p3Mg,University
El Paso Community College - Transmountain Campus - EPCC TM,3.6,93,9570 Gateway N Blvd,El Paso,Texas,US,http://epcc.edu/,(915) 831-3722,Community college,,,,,,,,,,,,,,,,,,,,,,,https://www.google.com/maps/search/?api=1&query=El%20Paso%20Community%20College%20-%20Transmountain%20Campus%20-%20EPCC%20TM&query_place_id=ChIJcw1IrUtR54YRWRbejhEYKbY,Community college
Western Technical College - Diana Campus,4.2,150,9451 Diana Dr,El Paso,Texas,US,https://www.westerntech.edu/?utm_source=GMBlisting&utm_medium=Organic,(800) 225-5984,College,Adult education school,Technical school,Trade school,Training center,,,,,,,,,,,,,,,,,,,https://www.google.com/maps/search/?api=1&query=Western%20Technical%20College%20-%20Diana%20Campus&query_place_id=ChIJ64MdTjpR54YR71q0RTH5HVU,College
university of texas at el paso,,,4815 Alameda Ave,El Paso,Texas,US,,,College,,,,,,,,,,,,,,,,,,,,,,,https://www.google.com/maps/search/?api=1&query=university%20of%20texas%20at%20el%20paso&query_place_id=ChIJxwb6VABb54YR1xzHzYQfzMI,College
The Fountains of Hope,5,1,10540 Kendall St,El Paso,Texas,US,,(915) 401-4723,Institute of technology,,,,,,,,,,,,,,,,,,,,,,,https://www.google.com/maps/search/?api=1&query=The%20Fountains%20of%20Hope&query_place_id=ChIJzcYIvpJT54YRdPjNv94Dsqw,Institute of technology
Park University at El Paso,4.4,12,1330 Adabel Dr,El Paso,Texas,US,https://www.park.edu/academics/explore-majors-programs/?location=tx-el-paso,(915) 591-0286,University,College,,,,,,,,,,,,,,,,,,,,,,https://www.google.com/maps/search/?api=1&query=Park%20University%20at%20El%20Paso&query_place_id=ChIJe11tG3JD54YRQMV5VIeDN9w,University
The University of Texas at El Paso,,,3333 N Mesa St,El Paso,Texas,US,https://www.utep.edu/chs/pt/,(915) 747-8207,University,,,,,,,,,,,,,,,,,,,,,,,https://www.google.com/maps/search/?api=1&query=The%20University%20of%20Texas%20at%20El%20Paso&query_place_id=ChIJzfwroGBZ54YRS12-p-Vvg9U,University
Howard Payne University,4.6,5,805 Montana Ave,El Paso,Texas,US,http://www.hputx.edu/elpaso,(325) 649-8020,University,College,,,,,,,,,,,,,,,,,,,,,,https://www.google.com/maps/search/?api=1&query=Howard%20Payne%20University&query_place_id=ChIJ3-h1Sxlb54YRB3_2DfaIsj8,University
Texas Tech University Health Sciences Center El Paso,4.1,45,5001 El Paso Dr,El Paso,Texas,US,http://www.elpaso.ttuhsc.edu/,(915) 215-8000,University,,,,,,,,,,,,,,,,,,,,,,,https://www.google.com/maps/search/?api=1&query=Texas%20Tech%20University%20Health%20Sciences%20Center%20El%20Paso&query_place_id=ChIJ3_KUadNb54YRX0Li3IteRS8,University
LifeReach Campus,,,7362 Remcon Cir,El Paso,Texas,US,http://www.lifereachbirth.org/contact.html,(252) 342-6322,University,,,,,,,,,,,,,,,,,,,,,,,https://www.google.com/maps/search/?api=1&query=LifeReach%20Campus&query_place_id=ChIJq6q6GVz43YYRC3xk95bCB4c,University
UTEP,4.5,38,"Remote Parking-2, 2522 Sun Bowl Dr",El Paso,Texas,US,http://www.utep.edu/,,Educational institution,,,,,,,,,,,,,,,,,,,,,,,https://www.google.com/maps/search/?api=1&query=UTEP&query_place_id=ChIJNbHagV5Y54YRdH0kNQozhQ4,Educational institution
University Presbyterian Church,4.9,15,244 Resler Dr,El Paso,Texas,US,http://www.upcelp.org/,(915) 584-5822,Presbyterian church,,,,,,,,,,,,,,,,,,,,,,,https://www.google.com/maps/search/?api=1&query=University%20Presbyterian%20Church&query_place_id=ChIJNzANlmT43YYRisTfYzM9dL8,Presbyterian church
Pima Medical Institute - El Paso,4.7,856,6926 Gtwy Blvd E,El Paso,Texas,US,https://pmi.edu/locations/texas/el-paso/?utm_source=google&utm_medium=organic&utm_campaign=gmbwebsite&utm_content=elpaso,(800) 477-7462,University,Adult education school,Community college,Educational institution,Medical school,Private university,Technical school,Trade school,College,Vocational school,,,,,,,,,,,,,,https://www.google.com/maps/search/?api=1&query=Pima%20Medical%20Institute%20-%20El%20Paso&query_place_id=ChIJ1eh7J1xD54YRGESkaj-aU9c,University
University Medical Center of El Paso,3.2,1014,4815 Alameda Ave,El Paso,Texas,US,https://www.umcelpaso.org/,(915) 544-1200,University hospital,Medical Center,,,,,,,,,,,,,,,,,,,,,,https://www.google.com/maps/search/?api=1&query=University%20Medical%20Center%20of%20El%20Paso&query_place_id=ChIJg1Eka9Nb54YRtLaD5QRJPKc,University hospital
Irvin High School,,,5400 Sanders Ave,El Paso,Texas,US,http://irvin.episd.org/,(915) 236-4600,High school,School,,,,,,,,,,,,,,,,,,,,,,https://www.google.com/maps/search/?api=1&query=Irvin%20High%20School&query_place_id=ChIJKzvITBZR54YRKCQHHt9xAAE,High school
Western Hills Academy,,,524 Thunderbird Dr,El Paso,Texas,US,http://westernhillsacademy.org/,(915) 584-6642,Elementary school,Kindergarten,Preschool,Private educational institution,,,,,,,,,,,,,,,,,,,,https://www.google.com/maps/search/?api=1&query=Western%20Hills%20Academy&query_place_id=ChIJxd8estpX54YRArBnnRXq970,Elementary school
Brown Middle School,,,7820 Helen of Troy Dr,El Paso,Texas,US,http://brown.episd.org/,(915) 236-0900,Middle school,School,,,,,,,,,,,,,,,,,,,,,,https://www.google.com/maps/search/?api=1&query=Brown%20Middle%20School&query_place_id=ChIJgcu4z9n43YYRMMU86xpME70,Middle school
Desert Bloom Montessori School,,,8001 Magnetic St,El Paso,Texas,US,http://desertbloommontessorischool.com/,(915) 248-6885,Montessori school,,,,,,,,,,,,,,,,,,,,,,,https://www.google.com/maps/search/?api=1&query=Desert%20Bloom%20Montessori%20School&query_place_id=ChIJ5YEUP-xX54YRXBk9lL5Cax0,Montessori school
Hornedo Middle School,,,6101 High Ridge Dr,El Paso,Texas,US,https://www.episd.org/hornedo,(915) 236-3300,Middle school,,,,,,,,,,,,,,,,,,,,,,,https://www.google.com/maps/search/?api=1&query=Hornedo%20Middle%20School&query_place_id=ChIJIyZZd5T43YYRVVrdicG-AGs,Middle school
Casa de Colores Montessori,,,4539 Emory Rd,El Paso,Texas,US,http://casadecoloresmontessori.com/,(915) 300-2100,Montessori school,Middle school,,,,,,,,,,,,,,,,,,,,,,https://www.google.com/maps/search/?api=1&query=Casa%20de%20Colores%20Montessori&query_place_id=ChIJazJXWoH43YYRWMXMO5LvLs8,Montessori school
Desertaire Elementary School,,,6301 Tiger Eye Dr,El Paso,Texas,US,http://www.yisd.net/desertaire,(915) 434-6400,Elementary school,,,,,,,,,,,,,,,,,,,,,,,https://www.google.com/maps/search/?api=1&query=Desertaire%20Elementary%20School&query_place_id=ChIJLfzDRjJS54YRVBrnspYqj50,Elementary school
Coronado High School,,,100 Champions Pl,El Paso,Texas,US,http://coronado.episd.org/,(915) 236-2000,High school,,,,,,,,,,,,,,,,,,,,,,,https://www.google.com/maps/search/?api=1&query=Coronado%20High%20School&query_place_id=ChIJCSIuemX43YYRLsCiz_uiGcQ,High school
Howard Burnham Elementary,,,7310 Bishop Flores Dr,El Paso,Texas,US,http://burnhamwood.org/,(915) 584-9499,Elementary school,,,,,,,,,,,,,,,,,,,,,,,https://www.google.com/maps/search/?api=1&query=Howard%20Burnham%20Elementary&query_place_id=ChIJkeHFVu343YYRxX7ui51GlHk,Elementary school
Coach Archie Duran Elementary School,,,5249 Bastille Ave,El Paso,Texas,US,https://www.episd.org/duran,(915) 236-5525,Elementary school,,,,,,,,,,,,,,,,,,,,,,,https://www.google.com/maps/search/?api=1&query=Coach%20Archie%20Duran%20Elementary%20School&query_place_id=ChIJkUJkL0ZR54YRfQSmHYnG17Q,Elementary school
St. Mark's Middle School,,,5257 Charl Ann St,El Paso,Texas,US,https://www.stmarksep.com/,(915) 581-2032,Middle school,,,,,,,,,,,,,,,,,,,,,,,https://www.google.com/maps/search/?api=1&query=St.%20Mark's%20Middle%20School&query_place_id=ChIJdYEAcSz53YYRhX1a0htTgrQ,Middle school
Northwest Early College High School,,,6701 S Desert Blvd,El Paso,Texas,US,http://nwechs.canutillo-isd.org/,(915) 877-1701,High school,Community health center,,,,,,,,,,,,,,,,,,,,,,https://www.google.com/maps/search/?api=1&query=Northwest%20Early%20College%20High%20School&query_place_id=ChIJafRKQtj-3YYRPQv-LlRUOc8,High school
Parkland Middle School,,,6045 Nova Way,El Paso,Texas,US,http://parklandmiddle.yisd.net/,(915) 434-6300,Middle school,School,,,,,,,,,,,,,,,,,,,,,,https://www.google.com/maps/search/?api=1&query=Parkland%20Middle%20School&query_place_id=ChIJSZcBInFR54YR-A7MBxywJhY,Middle school
Palm Tree Academy,,,143 Paragon Ln,El Paso,Texas,US,http://www.palmtreeacademy.net/,(915) 229-2190,Religious school,Elementary school,Middle school,,,,,,,,,,,,,,,,,,,,,https://www.google.com/maps/search/?api=1&query=Palm%20Tree%20Academy&query_place_id=ChIJVVVFqfJX54YRiYZKmJ1S_3s,Religious school
Bobby Joe Hill PK-8 School,,,4835 Tropicana Ave,El Paso,Texas,US,https://www.episd.org/hill,(915) 236-5375,Elementary school,,,,,,,,,,,,,,,,,,,,,,,https://www.google.com/maps/search/?api=1&query=Bobby%20Joe%20Hill%20PK-8%20School&query_place_id=ChIJ0fFYaGVR54YRBD5J0plrFGI,Elementary school
Kohlberg Elementary School,,,1445 Nardo Goodman Dr,El Paso,Texas,US,https://www.episd.org/kohlberg,(915) 236-2850,Elementary school,Social services organization,,,,,,,,,,,,,,,,,,,,,,https://www.google.com/maps/search/?api=1&query=Kohlberg%20Elementary%20School&query_place_id=ChIJvW7mHsf43YYRPOciYmKn_ic,Elementary school
Andress High School,,,5400 Sun Valley Dr,El Paso,Texas,US,https://www.episd.org/o/ahs,(915) 236-4000,High school,Board of education,Community health center,Public educational institution,,,,,,,,,,,,,,,,,,,,https://www.google.com/maps/search/?api=1&query=Andress%20High%20School&query_place_id=ChIJ-zruIWBR54YRw6a_VHFmPek,High school
Escuela Montessori Del Valle,,,212 W Sunset Rd,El Paso,Texas,US,http://www.epmontessorischools.com/,(915) 584-9215,Montessori school,Day care center,Elementary school,Kindergarten,Preschool,Private educational institution,School,,,,,,,,,,,,,,,,,https://www.google.com/maps/search/?api=1&query=Escuela%20Montessori%20Del%20Valle&query_place_id=ChIJA_RpilL43YYRacR0YBbFRnY,Montessori school
El Paso Community College - Northwest Campus - EPCC NW,3.5,33,6701 S Desert Blvd,El Paso,Texas,US,http://epcc.edu/,(915) 831-3722,Community college,,,,,,,,,,,,,,,,,,,,,,,https://www.google.com/maps/search/?api=1&query=El%20Paso%20Community%20College%20-%20Northwest%20Campus%20-%20EPCC%20NW&query_place_id=ChIJafRKQtj-3YYR2PNvnCW_Sbc,Community college
El Paso Medical Assistant School,5,8,6801 N Mesa St Suite B-3,El Paso,Texas,US,https://elpasomedicalassistant.com/,(915) 221-7096,Trade school,Medical school,Vocational school,,,,,,,,,,,,,,,,,,,,,https://www.google.com/maps/search/?api=1&query=El%20Paso%20Medical%20Assistant%20School&query_place_id=ChIJq5DnmRVD54YRaZQsspGgm3c,Trade school
Franklin High School,,,900 Resler Dr,El Paso,Texas,US,https://www.episd.org/franklin,(915) 236-2200,High school,Sports school,,,,,,,,,,,,,,,,,,,,,,https://www.google.com/maps/search/?api=1&query=Franklin%20High%20School&query_place_id=ChIJE06NUJ_53YYR2FBK3tsEUtY,High school
Da Vinci School for Science and the Arts,,,785 Southwestern Dr,El Paso,Texas,US,http://www.burnhamwood.org/,(915) 584-4024,High school,Art school,Middle school,,,,,,,,,,,,,,,,,,,,,https://www.google.com/maps/search/?api=1&query=Da%20Vinci%20School%20for%20Science%20and%20the%20Arts&query_place_id=ChIJcfDYW-T43YYRUEFV9m_FmhM,High school
Coronado Montessori,,,7011 Westwind Dr,El Paso,Texas,US,http://www.epmontessorischools.com/,(915) 584-5073,Montessori school,Day care center,Elementary school,Kindergarten,Preschool,Private educational institution,School,,,,,,,,,,,,,,,,,https://www.google.com/maps/search/?api=1&query=Coronado%20Montessori&query_place_id=ChIJa-jrkIb43YYRVPAMsBA4ehw,Montessori school
Canutillo High School,,,6675 S Desert Blvd,El Paso,Texas,US,http://chs.canutillo-isd.org/,(915) 877-7801,High school,School,,,,,,,,,,,,,,,,,,,,,,https://www.google.com/maps/search/?api=1&query=Canutillo%20High%20School&query_place_id=ChIJbYI3oov-3YYRb8nwcyYnTaU,High school
Premier High School - El Paso (Mesa),,,1035 Belvidere St #116,El Paso,Texas,US,https://premierhighschools.com/el-paso-mesa/,(915) 581-4300,Charter school,,,,,,,,,,,,,,,,,,,,,,,https://www.google.com/maps/search/?api=1&query=Premier%20High%20School%20-%20El%20Paso%20(Mesa)&query_place_id=ChIJazJXWoH43YYRUNtfDtAs-So,Charter school
Chapin High School,,,7000 Dyer St,El Paso,Texas,US,http://chapin.episd.org/,(915) 236-4400,High school,,,,,,,,,,,,,,,,,,,,,,,https://www.google.com/maps/search/?api=1&query=Chapin%20High%20School&query_place_id=ChIJIa5mczRX54YR54amVwUnaJg,High school
Charles Middle School,,,4909 Trojan Dr,El Paso,Texas,US,http://charles.episd.org/,(915) 236-6550,Middle school,,,,,,,,,,,,,,,,,,,,,,,https://www.google.com/maps/search/?api=1&query=Charles%20Middle%20School&query_place_id=ChIJzRuGA_BT54YRlkikOGeiy7E,Middle school
William Wallace Smith Bliss El,,,,Fort Bliss,Texas,US,,,Primary school,,,,,,,,,,,,,,,,,,,,,,,https://www.google.com/maps/search/?api=1&query=William%20Wallace%20Smith%20Bliss%20El&query_place_id=ChIJKSNBbABa54YR_0_QSzVbZsE,Primary school
The Bandu Montessori Academy,,,1057 Doniphan Park Cir Suite E,El Paso,Texas,US,http://www.banduacademy.com/,(915) 702-0218,Montessori school,,,,,,,,,,,,,,,,,,,,,,,https://www.google.com/maps/search/?api=1&query=The%20Bandu%20Montessori%20Academy&query_place_id=ChIJWYFjLBNT54YR89wt1XAF_Bo,Montessori school
Montessori Learning Center,4.9,18,244 N Resler Dr,El Paso,Texas,US,http://www.montessorilearningcenterelpaso.com/,(915) 587-4652,Preschool,Elementary school,Montessori school,Private educational institution,,,,,,,,,,,,,,,,,,,,https://www.google.com/maps/search/?api=1&query=Montessori%20Learning%20Center&query_place_id=ChIJNzANlmT43YYRP6KowYLvXok,Preschool
Keystone Christian School West,,,1345 New Harvest Pl,El Paso,Texas,US,https://keystonechristianschools.org/,(915) 229-0123,General education school,High school,Non-profit organization,Preschool,Primary school,,,,,,,,,,,,,,,,,,,https://www.google.com/maps/search/?api=1&query=Keystone%20Christian%20School%20West&query_place_id=ChIJ6SFFXIH43YYReaAixo_84dI,General education school
Charles Murphree School,,,499 Cabaret Dr,El Paso,Texas,US,https://www.episd.org/murphree,(915) 236-3925,Elementary school,,,,,,,,,,,,,,,,,,,,,,,https://www.google.com/maps/search/?api=1&query=Charles%20Murphree%20School&query_place_id=ChIJNcntRABX54YR_QBq3Wisal4,Elementary school
School,,,700 Dyer St,El Paso,Texas,US,,,High school,,,,,,,,,,,,,,,,,,,,,,,https://www.google.com/maps/search/?api=1&query=School&query_place_id=ChIJK2OlXhRR54YRPF6sRkrkzDg,High school
Crystal Escuela Montessori,,,5446 N Mesa St,El Paso,Texas,US,,(915) 726-0719,Montessori school,Preschool,Private educational institution,,,,,,,,,,,,,,,,,,,,,https://www.google.com/maps/search/?api=1&query=Crystal%20Escuela%20Montessori&query_place_id=ChIJUbFFPHf43YYRdRzgBMc5owM,Montessori school
St Matthew Catholic School,,,400 W Sunset Rd,El Paso,Texas,US,http://www.stmatthewelpaso.org/,(915) 581-8801,Catholic school,School,,,,,,,,,,,,,,,,,,,,,,https://www.google.com/maps/search/?api=1&query=St%20Matthew%20Catholic%20School&query_place_id=ChIJPQ78S0343YYR3wo9SVu_AvE,Catholic school
School-Educational Enrichment,,,7310 Bishop Flores Dr,El Paso,Texas,US,,(915) 584-9499,General education school,,,,,,,,,,,,,,,,,,,,,,,https://www.google.com/maps/search/?api=1&query=School-Educational%20Enrichment&query_place_id=ChIJkeHFVu343YYRATq2stor4PU,General education school
Ascension Lutheran Day School,4,4,6520 Loma De Cristo Dr,El Paso,Texas,US,https://alconnect.faith/preschool/,(915) 833-4849,Preschool,,,,,,,,,,,,,,,,,,,,,,,https://www.google.com/maps/search/?api=1&query=Ascension%20Lutheran%20Day%20School&query_place_id=ChIJszwDW4P43YYRrpidNVp_-dM,Preschool
Harmony School Of Innovation Middle/High,,,10405 Dyer St,El Paso,Texas,US,https://hsielpasohs.harmonytx.org/,(915) 800-1162,Charter school,,,,,,,,,,,,,,,,,,,,,,,https://www.google.com/maps/search/?api=1&query=Harmony%20School%20Of%20Innovation%20Middle%2FHigh&query_place_id=ChIJUeYcnO1T54YRS5XbRgv-L9A,Charter school
Northeast Christian Academy,,,9901 McCombs St,El Paso,Texas,US,http://www.northeastcrusaders.com/,(915) 755-1155,Private educational institution,Elementary school,High school,Learning center,Middle school,Parochial school,Religious school,,,,,,,,,,,,,,,,,https://www.google.com/maps/search/?api=1&query=Northeast%20Christian%20Academy&query_place_id=ChIJP-dFDW5R54YRufeJTAfctNI,Private educational institution
Parkland Pre K,4.5,13,9790 Pickerel Dr,El Paso,Texas,US,http://parklandprek.yisd.net/,(915) 435-7800,Preschool,,,,,,,,,,,,,,,,,,,,,,,https://www.google.com/maps/search/?api=1&query=Parkland%20Pre%20K&query_place_id=ChIJbQQZ5npR54YRZdzTYgU0LzY,Preschool
Every Little Blessing,,,7930 N Mesa St,El Paso,Texas,US,https://everylittleblessing.org/,(915) 875-0510,Special education school,Preschool,,,,,,,,,,,,,,,,,,,,,,https://www.google.com/maps/search/?api=1&query=Every%20Little%20Blessing&query_place_id=ChIJpUwAEI753YYR2uJ0EIaha4Q,Special education school
Franklin Magnet Center,4.8,6,825 E Redd Rd,El Paso,Texas,US,http://episd.org/,(915) 236-2400,K-12 school,,,,,,,,,,,,,,,,,,,,,,,https://www.google.com/maps/search/?api=1&query=Franklin%20Magnet%20Center&query_place_id=ChIJcwroQ5H43YYRBqV-9AnEmzk,K-12 school
School,,,Hayes Ave,El Paso,Texas,US,,,Educational institution,,,,,,,,,,,,,,,,,,,,,,,https://www.google.com/maps/search/?api=1&query=School&query_place_id=ChIJQ5OjewBX54YRyuwc3Coa17s,Educational institution
Canutillo Independent School District,3.1,9,7965 Artcraft Rd,El Paso,Texas,US,http://www.canutillo-isd.org/,(915) 877-7401,School district office,,,,,,,,,,,,,,,,,,,,,,,https://www.google.com/maps/search/?api=1&query=Canutillo%20Independent%20School%20District&query_place_id=ChIJyX-Zoiv53YYRgRgDxT18Ptc,School district office
Lutheran Pre-School,,,9301 Diana Dr,El Paso,Texas,US,,,Preschool,,,,,,,,,,,,,,,,,,,,,,,https://www.google.com/maps/search/?api=1&query=Lutheran%20Pre-School&query_place_id=ChIJD8mksCRR54YR1AkrVajFNZo,Preschool
Emerald Nursing School,4.9,55,4936 Hondo Pass Dr,El Paso,Texas,US,https://www.ens-elp.com/,(915) 751-3378,Nursing school,Trade school,,,,,,,,,,,,,,,,,,,,,,https://www.google.com/maps/search/?api=1&query=Emerald%20Nursing%20School&query_place_id=ChIJcTTWKiRR54YRteR1nQSqrAM,Nursing school
Lee Ross Capshaw Fine Arts Center at Coronado High School,4.9,7,Cloudview Dr,El Paso,Texas,US,,,Educational institution,,,,,,,,,,,,,,,,,,,,,,,https://www.google.com/maps/search/?api=1&query=Lee%20Ross%20Capshaw%20Fine%20Arts%20Center%20at%20Coronado%20High%20School&query_place_id=ChIJzQRNl3r43YYRB22tN-BahZw,Educational institution
El Paso Independent School Dst,,,4400 Elm St,El Paso,Texas,US,https://www.episd.org/,(915) 565-1158,School district office,,,,,,,,,,,,,,,,,,,,,,,https://www.google.com/maps/search/?api=1&query=El%20Paso%20Independent%20School%20Dst&query_place_id=ChIJLYBW6l9X54YRDDfrb9FtD1U,School district office
Southwest Barber Institute,4.7,39,8500 Dyer St,El Paso,Texas,US,http://swbi.info/,(915) 257-1415,Barber school,Educational institution,Trade school,,,,,,,,,,,,,,,,,,,,,https://www.google.com/maps/search/?api=1&query=Southwest%20Barber%20Institute&query_place_id=ChIJ2xbaFZJX54YRi19g96yUn2Q,Barber school
Desert Moon Music Academy El Paso,4.6,5,5782 N Mesa St,El Paso,Texas,US,https://desertmoonacademy.com/,(915) 845-7015,Music school,Drum school,Guitar instructor,Piano instructor,Vocal instructor,,,,,,,,,,,,,,,,,,,https://www.google.com/maps/search/?api=1&query=Desert%20Moon%20Music%20Academy%20El%20Paso&query_place_id=ChIJF-Yl_dVX54YRnfRpL6qXY9M,Music school
Let There Be Rock School,5,11,3945 Doniphan Park Cir,El Paso,Texas,US,http://www.letthereberockep.com/,(915) 307-4883,Music school,School,,,,,,,,,,,,,,,,,,,,,,https://www.google.com/maps/search/?api=1&query=Let%20There%20Be%20Rock%20School&query_place_id=ChIJ5XbkShb43YYRpE1sSyA3NB8,Music school
Jungle Driving School,5,26,"750 Sunland Park Dr # Vc13, suite ho6a",El Paso,TX,US,https://jungledriving.com/tx/el-paso-west/?utm_source=google&utm_medium=GBP&utm_campaign=LSH,(915) 900-4943,Driving school,,,,,,,,,,,,,,,,,,,,,,,https://www.google.com/maps/search/?api=1&query=Jungle%20Driving%20School&query_place_id=ChIJoctE51P53YYRBBVcsI_zBX4,Driving school
Peace Lutheran Preschool & Daycare,4.8,21,595 Belvidere St,El Paso,Texas,US,https://www.peacelutheranpreschoolelp.org/,(915) 581-5525,Preschool,,,,,,,,,,,,,,,,,,,,,,,https://www.google.com/maps/search/?api=1&query=Peace%20Lutheran%20Preschool%20%26%20Daycare&query_place_id=ChIJfcyc0Yr43YYR_kBKnJ70FjM,Preschool
El Paso Music Learning Corner,4.6,39,6503 N Mesa St,El Paso,Texas,US,http://www.elpasomusiclearningcorner.com/,(915) 842-8808,Music school,Drum school,Guitar instructor,Piano instructor,,,,,,,,,,,,,,,,,,,,https://www.google.com/maps/search/?api=1&query=El%20Paso%20Music%20Learning%20Corner&query_place_id=ChIJZYxfY3b43YYRTlUhvBPZCwE,Music school
Canutillo Softball Field,,,6675 S Desert Blvd,El Paso,Texas,US,,,High school,,,,,,,,,,,,,,,,,,,,,,,https://www.google.com/maps/search/?api=1&query=Canutillo%20Softball%20Field&query_place_id=ChIJQXBunC__3YYRtwdg28htyE0,High school
Cherokee Driving School,5,562,120 Redd Rd Ste.C,El Paso,Texas,US,https://cherokeedrivingschool.com/,(915) 760-5205,Driving school,,,,,,,,,,,,,,,,,,,,,,,https://www.google.com/maps/search/?api=1&query=Cherokee%20Driving%20School&query_place_id=ChIJo6d8kx753YYRKPTKjOiII8E,Driving school
YWCA Parkland After School,,,5920 Quail Ave,El Paso,Texas,US,,(915) 472-5898,After school program,,,,,,,,,,,,,,,,,,,,,,,https://www.google.com/maps/search/?api=1&query=YWCA%20Parkland%20After%20School&query_place_id=ChIJlysJHHtR54YRJ0VI2sru0hc,After school program
A2B Driving School,4.9,470,8500 Dyer St #12,El Paso,Texas,US,,(915) 751-8500,Driving school,,,,,,,,,,,,,,,,,,,,,,,https://www.google.com/maps/search/?api=1&query=A2B%20Driving%20School&query_place_id=ChIJ2-4XY9RQ54YRJ7OWw946Gac,Driving school
El Paso Driving Academy,4.5,53,4727 Hondo Pass Dr G,El Paso,Texas,US,https://elpasodriving.com/locations/northeast,(915) 755-8800,Driving school,,,,,,,,,,,,,,,,,,,,,,,https://www.google.com/maps/search/?api=1&query=El%20Paso%20Driving%20Academy&query_place_id=ChIJ9de1Ai9R54YR6RiicZ_vMnk,Driving school
Sun City Driving School,4.8,63,7120 N Mesa St,El Paso,Texas,US,http://suncitydrivingschoolwest.com/,(915) 328-5001,Driving school,,,,,,,,,,,,,,,,,,,,,,,https://www.google.com/maps/search/?api=1&query=Sun%20City%20Driving%20School&query_place_id=ChIJe7y3sSJY54YRwXnLcPH5-cM,Driving school
"CDL Rapido - Truck Driving Schools El Paso, TX",4.1,199,5255 Woodrow Bean Ste A2,El Paso,Texas,US,https://cdlrapido.com/,(915) 881-4700,Truck driving school,Driving school,Student career counseling office,Training center,,,,,,,,,,,,,,,,,,,,https://www.google.com/maps/search/?api=1&query=CDL%20Rapido%20-%20Truck%20Driving%20Schools%20El%20Paso%2C%20TX&query_place_id=ChIJa0MKAFRF54YRYG8SAlFfj4s,Truck driving school
Black Sheep BJJ/Carlson Gracie Jiu Jitsu El Paso,5,198,6104 N Mesa St Ste B,El Paso,Texas,US,https://blacksheepbjjep.com/,(915) 745-7909,Martial arts school,Children's club,Fitness center,Gym,Jujitsu school,Physical fitness program,Self defense school,Weight loss service,Wrestling school,Youth club,,,,,,,,,,,,,,https://www.google.com/maps/search/?api=1&query=Black%20Sheep%20BJJ%2FCarlson%20Gracie%20Jiu%20Jitsu%20El%20Paso&query_place_id=ChIJUUXnUyRX54YR0ABc5rR1WMg,Martial arts school
Briggs Academy of MMA,4.8,91,811 Southwestern Dr,El Paso,Texas,US,http://www.briggsmma.com/,(915) 701-4411,Martial arts school,Muay Thai boxing gym,Physical fitness program,Self defense school,,,,,,,,,,,,,,,,,,,,https://www.google.com/maps/search/?api=1&query=Briggs%20Academy%20of%20MMA&query_place_id=ChIJY45QPeT43YYRz1M0Sgb9ALc,Martial arts school
Gracie Barra El Paso,4.7,75,125 Graphite Dr G,El Paso,Texas,US,https://graciebarra.com/el-paso-tx/,(915) 861-0150,Jujitsu school,,,,,,,,,,,,,,,,,,,,,,,https://www.google.com/maps/search/?api=1&query=Gracie%20Barra%20El%20Paso&query_place_id=ChIJQxtr_gH53YYRqmlFpSytHsE,Jujitsu school
Zen Martial Arts,4.9,94,6456 Doniphan Dr Unit A and B,El Paso,Texas,US,http://www.zenmartialartselp.com/,(915) 204-7079,Martial arts school,Boxing gym,Judo club,Judo school,Jujitsu school,Kickboxing school,Martial arts club,Wrestling school,,,,,,,,,,,,,,,,https://www.google.com/maps/search/?api=1&query=Zen%20Martial%20Arts&query_place_id=ChIJt9C-STT_3YYRCjMcBDtMOJU,Martial arts school
El Paso Community College - Valle Verde Campus,4.2,322,919 Hunter Dr,El Paso,Texas,US,http://epcc.edu/,(915) 831-3722,Community college,,,,,,,,,,,,,,,,,,,,,,,https://www.google.com/maps/search/?api=1&query=El%20Paso%20Community%20College%20-%20Valle%20Verde%20Campus&query_place_id=ChIJG6fyDhhb54YReUSVTDA7e7M,Community college
El Paso Community College - Rio Grande Campus - EPCC RG,4.1,70,100 W Rio Grande Ave,El Paso,Texas,US,http://epcc.edu/,(915) 831-3722,Community college,College,,,,,,,,,,,,,,,,,,,,,,https://www.google.com/maps/search/?api=1&query=El%20Paso%20Community%20College%20-%20Rio%20Grande%20Campus%20-%20EPCC%20RG&query_place_id=ChIJ4VKH0vhY54YRKKLAUckeSII,Community college
College of Engineering,4.9,16,1981 Hawthorne St,El Paso,Texas,US,http://www.utep.edu/engineering/index.html,(915) 747-5000,College,,,,,,,,,,,,,,,,,,,,,,,https://www.google.com/maps/search/?api=1&query=College%20of%20Engineering&query_place_id=ChIJmxSxBVlY54YRW92h7DPXVc0,College
Utep,,,9316 Montgomery Dr,El Paso,Texas,US,,,College,,,,,,,,,,,,,,,,,,,,,,,https://www.google.com/maps/search/?api=1&query=Utep&query_place_id=ChIJ_Uz_FABR54YR0rupIWCWxoQ,College
NMSU,,,1400 Plaza Verde Dr,El Paso,Texas,US,,,College,,,,,,,,,,,,,,,,,,,,,,,https://www.google.com/maps/search/?api=1&query=NMSU&query_place_id=ChIJgdLKCAD53YYRyRZ3y7ZCEFk,College
Han's Oriental Martial Arts,4.6,85,9861 Dyer St #17,El Paso,Texas,US,https://hansorientalmartialarts.com/,(915) 751-2777,Martial arts school,Karate school,Kickboxing school,Kung fu school,Taekwondo school,,,,,,,,,,,,,,,,,,,https://www.google.com/maps/search/?api=1&query=Han's%20Oriental%20Martial%20Arts&query_place_id=ChIJH7LbImlR54YROVrgpXr3Kjs,Martial arts school
Thrive Martial Arts,5,11,5200 N Mesa St Ste A-108,El Paso,Texas,US,http://thrivemartialart.com/,(915) 694-1600,Martial arts school,,,,,,,,,,,,,,,,,,,,,,,https://www.google.com/maps/search/?api=1&query=Thrive%20Martial%20Arts&query_place_id=ChIJsQj-w9lX54YRRT3fXzQqBPw,Martial arts school
Order Of The Dragon Martial Arts,4.9,14,4493 Titanic Ave,El Paso,Texas,US,,(915) 525-5040,Karate school,,,,,,,,,,,,,,,,,,,,,,,https://www.google.com/maps/search/?api=1&query=Order%20Of%20The%20Dragon%20Martial%20Arts&query_place_id=ChIJR_nBWdJQ54YRsafaqmkJ3qI,Karate school
America's Best Karate / AB Karate,4.9,220,641 Resler Dr,El Paso,Texas,US,http://www.americaskarate.com/,(915) 833-3400,Karate school,Boxing gym,Kickboxing school,Martial arts school,Martial arts supply store,Physical fitness program,Self defense school,Taekwondo school,,,,,,,,,,,,,,,,https://www.google.com/maps/search/?api=1&query=America's%20Best%20Karate%20%2F%20AB%20Karate&query_place_id=ChIJ3zs1GYr43YYRpR6MxAfW5x0,Karate school
Islamic Center of El Paso (ICEP),4.8,139,143 Paragon Ln,El Paso,Texas,US,http://icelpaso.org/#,,Mosque,,,,,,,,,,,,,,,,,,,,,,,https://www.google.com/maps/search/?api=1&query=Islamic%20Center%20of%20El%20Paso%20(ICEP)&query_place_id=ChIJPxuoWO1X54YRV5EH-1mEKrM,Mosque
Al-Rahma Mosque,5,41,10911 Pellicano Dr,El Paso,Texas,US,https://masjidrahma.com/,,Mosque,,,,,,,,,,,,,,,,,,,,,,,https://www.google.com/maps/search/?api=1&query=Al-Rahma%20Mosque&query_place_id=ChIJoW3ZnTNF54YR26bCv2ptNl0,Mosque
Destiny Church,4.8,119,9615 Dyer St,El Paso,Texas,US,http://www.destiny4me.com/,(915) 755-7744,Church,,,,,,,,,,,,,,,,,,,,,,,https://www.google.com/maps/search/?api=1&query=Destiny%20Church&query_place_id=ChIJHWZ7_j9R54YRP5sSRxiCMCQ,Church
Park Hills Christian Church,4.6,17,5701 Alabama St,El Paso,Texas,US,http://www.parkhillschurch.org/,(915) 566-1771,Church,,,,,,,,,,,,,,,,,,,,,,,https://www.google.com/maps/search/?api=1&query=Park%20Hills%20Christian%20Church&query_place_id=ChIJ0SWArEVX54YRFT6brq6AEfk,Church
Coronado Baptist Church,4.7,118,501 Thunderbird Dr,El Paso,Texas,US,http://www.cbcelp.com/,(915) 584-3912,Baptist church,,,,,,,,,,,,,,,,,,,,,,,https://www.google.com/maps/search/?api=1&query=Coronado%20Baptist%20Church&query_place_id=ChIJKTpTgtpX54YRohaIg8r00zI,Baptist church
Blessed Sacrament Parish,4.8,181,9025 Diana Dr,El Paso,Texas,US,http://www.epblessedsacrament.org/,(915) 755-7658,Catholic church,,,,,,,,,,,,,,,,,,,,,,,https://www.google.com/maps/search/?api=1&query=Blessed%20Sacrament%20Parish&query_place_id=ChIJW5scsiZR54YRUsB88QvGcGg,Catholic church
Sun City Christian Fellowship Baptist Church,4.6,20,9135 Stahala Dr,El Paso,Texas,US,https://www.mysuncitychristian.org/,(915) 757-1719,Baptist church,Church,,,,,,,,,,,,,,,,,,,,,,https://www.google.com/maps/search/?api=1&query=Sun%20City%20Christian%20Fellowship%20Baptist%20Church&query_place_id=ChIJIWYg7RRR54YRR4nZwKuQEIU,Baptist church
The Worship Center,4.8,30,4000 Hercules Ave,El Paso,Texas,US,https://www.theworshipcenterep.com/,(915) 755-3833,Church,,,,,,,,,,,,,,,,,,,,,,,https://www.google.com/maps/search/?api=1&query=The%20Worship%20Center&query_place_id=ChIJr7UhEyxX54YRXq-pJ2bPdtE,Church
St. Luke Catholic Church,4.8,192,930 E Redd Rd,El Paso,Texas,US,http://www.stlukeelpaso.org/,(915) 585-0255,Catholic church,,,,,,,,,,,,,,,,,,,,,,,https://www.google.com/maps/search/?api=1&query=St.%20Luke%20Catholic%20Church&query_place_id=ChIJRS26vJD43YYRe5z7iJtbAcg,Catholic church
Westside Church of Christ,4.8,16,100 Crestmont Dr,El Paso,Texas,US,http://www.westsidecoc.com/,(915) 584-9475,Church of Christ,,,,,,,,,,,,,,,,,,,,,,,https://www.google.com/maps/search/?api=1&query=Westside%20Church%20of%20Christ&query_place_id=ChIJMX0MqOdX54YR_pv5HEFpr-E,Church of Christ
St. Francis Anglican Church,5,13,470 Eagle Dr,El Paso,Texas,US,http://stfrancisep.org/,(915) 584-5967,Anglican church,Christian church,Religious organization,,,,,,,,,,,,,,,,,,,,,https://www.google.com/maps/search/?api=1&query=St.%20Francis%20Anglican%20Church&query_place_id=ChIJl1k8rfxX54YRf7QymV9hxjM,Anglican church
Coronado Christian Church,4.8,6,118 Belvidere St,El Paso,Texas,US,https://coronadochristianchurch.org/,(915) 581-5596,Church,,,,,,,,,,,,,,,,,,,,,,,https://www.google.com/maps/search/?api=1&query=Coronado%20Christian%20Church&query_place_id=ChIJWQExoGf43YYRXg1kPF2abLQ,Church
St. George Antiochian Orthodox Church,4.8,51,120 N Festival Dr,El Paso,Texas,US,https://www.stgeorge-elpaso.org/,(915) 584-9100,Eastern Orthodox Church,,,,,,,,,,,,,,,,,,,,,,,https://www.google.com/maps/search/?api=1&query=St.%20George%20Antiochian%20Orthodox%20Church&query_place_id=ChIJ9zX1fu1X54YRN_KYbA8Yp1M,Eastern Orthodox Church
New Testament Christian Church,4.6,22,5208 Tetons Dr,El Paso,Texas,US,http://www.myntcc.org/elpasotx,(915) 759-9548,Church,,,,,,,,,,,,,,,,,,,,,,,https://www.google.com/maps/search/?api=1&query=New%20Testament%20Christian%20Church&query_place_id=ChIJwSmf-91Q54YRiIEIz-WMBWM,Church
Southwest Mission Church,4.9,42,6633 N Mesa St #303,El Paso,Texas,US,http://www.southwestmission.church/,(915) 838-5019,Church,,,,,,,,,,,,,,,,,,,,,,,https://www.google.com/maps/search/?api=1&query=Southwest%20Mission%20Church&query_place_id=ChIJSdIheQH53YYRCMluGc81O4s,Church
Hillcrest Baptist Church,4.7,179,4710 Hercules Ave,El Paso,Texas,US,http://www.hillcrestbaptist.cc/,(915) 755-0400,Baptist church,Church,,,,,,,,,,,,,,,,,,,,,,https://www.google.com/maps/search/?api=1&query=Hillcrest%20Baptist%20Church&query_place_id=ChIJZV8kENFQ54YR8xJGY8Fp0VI,Baptist church
Alive Fellowship Church,4.8,40,5505 Will Ruth Ave,El Paso,Texas,US,https://www.alivefc.org/,(915) 229-2157,Church,,,,,,,,,,,,,,,,,,,,,,,https://www.google.com/maps/search/?api=1&query=Alive%20Fellowship%20Church&query_place_id=ChIJN4fc81tR54YRKwGjv5-AVjs,Church
First Apostolic Church,4.8,37,4959 Hondo Pass Dr,El Paso,Texas,US,http://www.mountainviewbcep.com/,(915) 755-5669,Church,,,,,,,,,,,,,,,,,,,,,,,https://www.google.com/maps/search/?api=1&query=First%20Apostolic%20Church&query_place_id=ChIJUfGIFiRR54YRCMVME7UFUXk,Church
Northside Bilingual Church of Christ,4.7,15,4886 Hercules Ave Suite D-H,El Paso,Texas,US,http://www.nbcelpaso.org/,(915) 228-8533,Church,Church of Christ,,,,,,,,,,,,,,,,,,,,,,https://www.google.com/maps/search/?api=1&query=Northside%20Bilingual%20Church%20of%20Christ&query_place_id=ChIJa1cDKX1R54YRn68Z2jYKsXE,Church
Christ the Savior Catholic Church,4.7,72,5301 Wadsworth Ave,El Paso,Texas,US,http://elpaso.church/,(915) 821-3766,Catholic church,,,,,,,,,,,,,,,,,,,,,,,https://www.google.com/maps/search/?api=1&query=Christ%20the%20Savior%20Catholic%20Church&query_place_id=ChIJxR47NehT54YRO2wJumaVZ2U,Catholic church
Harvest Church,4.8,240,1345 New Harvest Pl,El Paso,Texas,US,http://www.harvestep.church/,(915) 585-9934,Church,,,,,,,,,,,,,,,,,,,,,,,https://www.google.com/maps/search/?api=1&query=Harvest%20Church&query_place_id=ChIJ6wK1atf43YYRJjDmGPvv0X0,Church
Hope City Community Church,4.8,89,6115 Woodrow Bean Transmountain,El Paso,Texas,US,https://www.hopecitycc.org/,(915) 600-6251,Church,,,,,,,,,,,,,,,,,,,,,,,https://www.google.com/maps/search/?api=1&query=Hope%20City%20Community%20Church&query_place_id=ChIJB3hfmHdR54YR79uC836NGl0,Church
The Rio Church,4.7,10,111 Park Ridge Ct,El Paso,Texas,US,https://theriochurch.com/,(915) 842-8835,Non-denominational church,Christian church,Church,,,,,,,,,,,,,,,,,,,,,https://www.google.com/maps/search/?api=1&query=The%20Rio%20Church&query_place_id=ChIJ1eGNgx753YYRsze96y8Ucu8,Non-denominational church
Jesus Chapel Inc,4.8,33,111 W Sunset Rd,El Paso,Texas,US,https://jesuschapelep.com/,(915) 581-1195,Church,,,,,,,,,,,,,,,,,,,,,,,https://www.google.com/maps/search/?api=1&query=Jesus%20Chapel%20Inc&query_place_id=ChIJaeyIMlL43YYRk6nmtz7LB7M,Church
St. Francis of Assisi Catholic Church,4.8,285,5750 Doniphan Dr,El Paso,Texas,US,http://www.sanfranciscoelpaso.com/,(915) 584-7130,Catholic church,,,,,,,,,,,,,,,,,,,,,,,https://www.google.com/maps/search/?api=1&query=St.%20Francis%20of%20Assisi%20Catholic%20Church&query_place_id=ChIJTaPyJiL53YYRIimvfN2fskI,Catholic church
El Paso Bible Church,4.9,18,5730 Saplinas Rd,El Paso,Texas,US,http://www.elpasobiblechurch.org/,(915) 585-3360,Church,,,,,,,,,,,,,,,,,,,,,,,https://www.google.com/maps/search/?api=1&query=El%20Paso%20Bible%20Church&query_place_id=ChIJxUpoVyL53YYR1hE4SmHeY40,Church
One For Life Ministries,4.6,20,131 McClintock Dr,El Paso,Texas,US,http://oflm.org/,(915) 920-8301,Church,,,,,,,,,,,,,,,,,,,,,,,https://www.google.com/maps/search/?api=1&query=One%20For%20Life%20Ministries&query_place_id=ChIJx9KyuRf43YYRYeEgd2Avklw,Church
Westside Community Church,4.6,59,201 E Sunset Rd,El Paso,Texas,US,https://www.westsidecommunity.org/,(915) 877-8000,Non-denominational church,Church,,,,,,,,,,,,,,,,,,,,,,https://www.google.com/maps/search/?api=1&query=Westside%20Community%20Church&query_place_id=ChIJ1RYTcSb_3YYRrKYtp23xKdo,Non-denominational church
Northeast Bible Restoration Church,4.8,25,4925 Fairbanks Dr,El Paso,Texas,US,https://northeastbiblerestorationchurch.org/,(915) 307-6650,Church,,,,,,,,,,,,,,,,,,,,,,,https://www.google.com/maps/search/?api=1&query=Northeast%20Bible%20Restoration%20Church&query_place_id=ChIJxdcw-RRR54YRx9sqW8ZolCc,Church
Most Holy Trinity Catholic Church,4.7,134,10000 Pheasant Rd,El Paso,Texas,US,http://mostholytrinity.org/,(915) 301-0517,Catholic church,,,,,,,,,,,,,,,,,,,,,,,https://www.google.com/maps/search/?api=1&query=Most%20Holy%20Trinity%20Catholic%20Church&query_place_id=ChIJ1WCcS2VR54YR673evDXL-8o,Catholic church
New Hope Lutheran Church,4.3,58,4801 Sun Valley Dr,El Paso,Texas,US,https://www.newhope915.com/,(915) 821-2079,Lutheran church,,,,,,,,,,,,,,,,,,,,,,,https://www.google.com/maps/search/?api=1&query=New%20Hope%20Lutheran%20Church&query_place_id=ChIJ-5AI9PtT54YRTrcLz8a09Ls,Lutheran church
The Church of Jesus Christ of Latter-day Saints,4.8,40,400 Rosemont Dr,El Paso,Texas,US,https://local.churchofjesuschrist.org/en/us/tx/el-paso/400-rosemont-drive?utm_source=gmb&utm_medium=yext&y_source=1_NjcwODg1MDEtNzE1LWxvY2F0aW9uLndlYnNpdGU%3D,(915) 265-7024,Christian church,Church of Jesus Christ of Latter-day Saints,Religious organization,,,,,,,,,,,,,,,,,,,,,https://www.google.com/maps/search/?api=1&query=The%20Church%20of%20Jesus%20Christ%20of%20Latter-day%20Saints&query_place_id=ChIJhQ0_8av53YYRR5HJyxHpwGY,Christian church
Northgate Christian Church El Paso TX,4.7,7,5430 Yvette Ave,El Paso,Texas,US,https://m.facebook.com/NorthgateChristianChurch/,(915) 755-0831,Church,,,,,,,,,,,,,,,,,,,,,,,https://www.google.com/maps/search/?api=1&query=Northgate%20Christian%20Church%20El%20Paso%20TX&query_place_id=ChIJG3UcgWlR54YR8fjYtUTB27c,Church
Monte Horeb El Paso,4.9,38,8912 Marks St,El Paso,Texas,US,https://www.montehorebelpaso.com/,(915) 253-0550,Christian church,,,,,,,,,,,,,,,,,,,,,,,https://www.google.com/maps/search/?api=1&query=Monte%20Horeb%20El%20Paso&query_place_id=ChIJwdp-CilR54YRc0Dm329XMSY,Christian church
Saint Matthew Catholic Church,4.6,120,400 W Sunset Rd,El Paso,Texas,US,http://www.stmatthewcatholicchurch.org/,(915) 584-3461,Catholic church,,,,,,,,,,,,,,,,,,,,,,,https://www.google.com/maps/search/?api=1&query=Saint%20Matthew%20Catholic%20Church&query_place_id=ChIJlwZIVU343YYRfevavcMpC9Y,Catholic church
Trinity Lutheran Church,4.9,20,3800 Hondo Pass Dr,El Paso,Texas,US,http://www.trinityelpaso.org/,(915) 755-7259,Lutheran church,Church,,,,,,,,,,,,,,,,,,,,,,https://www.google.com/maps/search/?api=1&query=Trinity%20Lutheran%20Church&query_place_id=ChIJU28RoNFW54YR2D2wLNJj6aI,Lutheran church
Grace Bible Fellowship,4.6,5,1385 Northwestern Dr,El Paso,Texas,US,http://www.gracebibleelpaso.org/,(915) 308-1208,Church,Non-denominational church,,,,,,,,,,,,,,,,,,,,,,https://www.google.com/maps/search/?api=1&query=Grace%20Bible%20Fellowship&query_place_id=ChIJAzEe3RdY54YRwD7swB926tw,Church
Our Lady of Assumption Church,4.8,94,4805 Byron St,El Paso,Texas,US,http://www.olaep.org/,(915) 566-4040,Catholic church,Church,,,,,,,,,,,,,,,,,,,,,,https://www.google.com/maps/search/?api=1&query=Our%20Lady%20of%20Assumption%20Church&query_place_id=ChIJiTtXY1dX54YRFFy-yJXufHM,Catholic church
Queen of Peace Catholic Church,4.7,180,1551 Belvidere St,El Paso,Texas,US,https://www.queenofpeaceparishep.org/,(915) 584-5817,Catholic church,Place of worship,,,,,,,,,,,,,,,,,,,,,,https://www.google.com/maps/search/?api=1&query=Queen%20of%20Peace%20Catholic%20Church&query_place_id=ChIJF-62By5W54YR10NXyS5xagc,Catholic church
I AM Church,5,6,10061 Rushing Rd,El Paso,Texas,US,https://www.iamchurchep.org/,(915) 491-6887,Christian church,,,,,,,,,,,,,,,,,,,,,,,https://www.google.com/maps/search/?api=1&query=I%20AM%20Church&query_place_id=ChIJFUWAbodT54YRup2bpIeucn4,Christian church
Open Gate Community Church of the Nazarene,5,16,9821 McCombs St,El Paso,Texas,US,http://www.opengatenaz.org/,(915) 751-2403,Church,Church of the Nazarene,Day care center,Food bank,,,,,,,,,,,,,,,,,,,,https://www.google.com/maps/search/?api=1&query=Open%20Gate%20Community%20Church%20of%20the%20Nazarene&query_place_id=ChIJd_f42m1R54YRBwMIILAvi6c,Church
The Church In El Paso,5,3,305 Bird Ave,El Paso,Texas,US,,(915) 585-8011,Christian church,,,,,,,,,,,,,,,,,,,,,,,https://www.google.com/maps/search/?api=1&query=The%20Church%20In%20El%20Paso&query_place_id=ChIJGWuobUn43YYRMTWTrvgPJIg,Christian church
St. Francis on the Hill Episcopal Church,4.5,24,6280 Los Robles Dr,El Paso,Texas,US,http://www.mysaintfrancis.org/,(915) 581-9500,Episcopal church,Catholic church,,,,,,,,,,,,,,,,,,,,,,https://www.google.com/maps/search/?api=1&query=St.%20Francis%20on%20the%20Hill%20Episcopal%20Church&query_place_id=ChIJb4dBldZX54YRWL_9ZSeIGeo,Episcopal church
Fellowship of Love Christian Center,5,12,3800 Olympic Ave,El Paso,Texas,US,https://fellowshipoflovecc.org/,(915) 759-6411,Church,,,,,,,,,,,,,,,,,,,,,,,https://www.google.com/maps/search/?api=1&query=Fellowship%20of%20Love%20Christian%20Center&query_place_id=ChIJfdCSXxJR54YR31hK6lWgpJg,Church
Grace Presbyterian Church,4.8,11,8001 Magnetic St,El Paso,Texas,US,http://www.epgrace.com/,(915) 755-8206,Presbyterian church,,,,,,,,,,,,,,,,,,,,,,,https://www.google.com/maps/search/?api=1&query=Grace%20Presbyterian%20Church&query_place_id=ChIJNRdPpSVX54YRURPncEPaJis,Presbyterian church
Word of Life Ministries COGIC,4.7,19,9925 Alcan St,El Paso,Texas,US,https://www.wordoflife2000.org/,(915) 755-7937,Church,,,,,,,,,,,,,,,,,,,,,,,https://www.google.com/maps/search/?api=1&query=Word%20of%20Life%20Ministries%20COGIC&query_place_id=ChIJfT65lGhR54YR77-QDbQ3Ulk,Church
Enhance Christian Center,5,23,4402 Edgar Park Ave,El Paso,Texas,US,http://enhancechristiancenter.com/,(915) 701-3700,Church,,,,,,,,,,,,,,,,,,,,,,,https://www.google.com/maps/search/?api=1&query=Enhance%20Christian%20Center&query_place_id=ChIJfce6dIpR54YR9iHWS_8P1BQ,Church
Bethel Family Ministries Assemblies of God,4.5,41,6301 Alabama St,El Paso,Texas,US,,(915) 565-2222,Assemblies of God church,,,,,,,,,,,,,,,,,,,,,,,https://www.google.com/maps/search/?api=1&query=Bethel%20Family%20Ministries%20Assemblies%20of%20God&query_place_id=ChIJCZvZ3kZX54YRNFTDlqusGg4,Assemblies of God church
The Pentecostals of El Paso,4.9,8,4801 Sun Valley Dr,El Paso,Texas,US,http://www.pentecostalsep.org/,(915) 257-1431,Church,,,,,,,,,,,,,,,,,,,,,,,https://www.google.com/maps/search/?api=1&query=The%20Pentecostals%20of%20El%20Paso&query_place_id=ChIJCX6AsYJZ54YR2OeQRoWyKOY,Church
Ascension Lutheran Church LCMS,4.5,16,6520 Loma De Cristo Dr,El Paso,Texas,US,http://www.alconnect.faith/,(915) 833-1009,Lutheran church,,,,,,,,,,,,,,,,,,,,,,,https://www.google.com/maps/search/?api=1&query=Ascension%20Lutheran%20Church%20LCMS&query_place_id=ChIJszwDW4P43YYR9HokJYMVryY,Lutheran church
Legacy Church,5,5,1790 Commerce Park Dr A,El Paso,Texas,US,https://legacychrch.org/,(505) 489-4408,Non-denominational church,,,,,,,,,,,,,,,,,,,,,,,https://www.google.com/maps/search/?api=1&query=Legacy%20Church&query_place_id=ChIJsbC-Nvb_3YYR1HVh-1p0P1A,Non-denominational church
Sun City Baptist Church,5,4,1060 Doniphan Park Cir ste e,El Paso,Texas,US,https://www.suncitybaptist.com/,,Baptist church,,,,,,,,,,,,,,,,,,,,,,,https://www.google.com/maps/search/?api=1&query=Sun%20City%20Baptist%20Church&query_place_id=ChIJ295XJ_z53YYRJvdBFx8DOmY,Baptist church
Templo La Trinidad AG,4.8,16,3417 Polk Ave,El Paso,Texas,US,http://www.templolatrinidad.com/,(915) 255-9067,Church,,,,,,,,,,,,,,,,,,,,,,,https://www.google.com/maps/search/?api=1&query=Templo%20La%20Trinidad%20AG&query_place_id=ChIJg9xRquJZ54YR_eTVgC4h8DA,Church
Peace Lutheran Church,4.9,15,1699 Belvidere St,El Paso,Texas,US,http://www.peacelutheranelp.com/,(915) 584-1383,Lutheran church,Church,,,,,,,,,,,,,,,,,,,,,,https://www.google.com/maps/search/?api=1&query=Peace%20Lutheran%20Church&query_place_id=ChIJtyywXzFW54YR31pvx-uTITs,Lutheran church
Chabad Lubavitch of El Paso,4.2,25,6516 Escondido Dr,El Paso,Texas,US,http://www.chabadelpaso.com/,(915) 584-8218,Orthodox synagogue,,,,,,,,,,,,,,,,,,,,,,,https://www.google.com/maps/search/?api=1&query=Chabad%20Lubavitch%20of%20El%20Paso&query_place_id=ChIJ3TAXMn_43YYR0QYceUSA5oY,Orthodox synagogue
Congregation B'nai Zion,4.7,19,805 Cherry Hill Ln,El Paso,Texas,US,http://congregationbnaizion.org/,(915) 833-2222,Conservative synagogue,,,,,,,,,,,,,,,,,,,,,,,https://www.google.com/maps/search/?api=1&query=Congregation%20B'nai%20Zion&query_place_id=ChIJVVlxUM5X54YR6bi7ZC-5soM,Conservative synagogue
Chabad,5,1,6615 Westwind Dr,El Paso,Texas,US,https://www.chabadelpaso.com/,(915) 584-8218,Synagogue,Church,,,,,,,,,,,,,,,,,,,,,,https://www.google.com/maps/search/?api=1&query=Chabad&query_place_id=ChIJjx25SH_43YYRzdgGPW9s1x8,Synagogue
CT Worship,5,11,4525 Fairbanks Dr,El Paso,Texas,US,http://ctworshipep.com/,(915) 494-9000,Church,,,,,,,,,,,,,,,,,,,,,,,https://www.google.com/maps/search/?api=1&query=CT%20Worship&query_place_id=ChIJVzW5GFVR54YRBP900FceBxI,Church
Beth Israel Messianic Center,4.9,34,504 San Saba Rd,El Paso,Texas,US,http://www.bethisraelep.org/,(915) 203-3701,Messianic synagogue,,,,,,,,,,,,,,,,,,,,,,,https://www.google.com/maps/search/?api=1&query=Beth%20Israel%20Messianic%20Center&query_place_id=ChIJYwjDTwr43YYRuXEdwrI7KvE,Messianic synagogue
The Church of Jesus Christ of Latter-day Saints,5,66,670 E Redd Rd,El Paso,Texas,US,https://local.churchofjesuschrist.org/en/us/tx/el-paso/670-east-redd-road?utm_source=gmb&utm_medium=yext&y_source=1_NjcwODkxMDktNzE1LWxvY2F0aW9uLndlYnNpdGU%3D,(915) 265-7024,Christian church,Church of Jesus Christ of Latter-day Saints,Religious organization,,,,,,,,,,,,,,,,,,,,,https://www.google.com/maps/search/?api=1&query=The%20Church%20of%20Jesus%20Christ%20of%20Latter-day%20Saints&query_place_id=ChIJ7XwCRe343YYRBzwB3gq448k,Christian church
El Paso Bahá'í Community,5,3,100 Frontera Rd,El Paso,Texas,US,http://www.elpasobahais.org/,(208) 907-1844,Religious organization,Non-profit organization,,,,,,,,,,,,,,,,,,,,,,https://www.google.com/maps/search/?api=1&query=El%20Paso%20Bah%C3%A1'%C3%AD%20Community&query_place_id=ChIJWREVt29R54YRLQtmPm9CuVE,Religious organization
The Church of Jesus Christ of Latter-day Saints,4.7,49,5510 Hondo Pass Dr,El Paso,Texas,US,https://local.churchofjesuschrist.org/en/us/tx/el-paso/5510-hondo-pass-drive?utm_source=gmb&utm_medium=yext&y_source=1_NjcwODQ2MTItNzE1LWxvY2F0aW9uLndlYnNpdGU%3D,(915) 755-4537,Christian church,Church of Jesus Christ of Latter-day Saints,Religious organization,,,,,,,,,,,,,,,,,,,,,https://www.google.com/maps/search/?api=1&query=The%20Church%20of%20Jesus%20Christ%20of%20Latter-day%20Saints&query_place_id=ChIJJcS3sB5R54YRlhpfcFMHon0,Christian church
Bethel Church of God,5,14,"Bethel Church meets at the Tobin Park United Methodist Church, 9410 Roanoke Dr",El Paso,Texas,US,http://www.elpasobethelcog.org/,(915) 474-3975,Church,Pentecostal church,Religious organization,,,,,,,,,,,,,,,,,,,,,https://www.google.com/maps/search/?api=1&query=Bethel%20Church%20of%20God&query_place_id=ChIJW-Y6gNNT54YRcDbZW0lbLoc,Church
Sunrise Baptist Church,4.3,12,4225 Volcanic Ave,El Paso,Texas,US,,(915) 755-6363,Baptist church,,,,,,,,,,,,,,,,,,,,,,,https://www.google.com/maps/search/?api=1&query=Sunrise%20Baptist%20Church&query_place_id=ChIJpxg9MC1X54YRsCEUhEbEzGE,Baptist church
Oasis Community Church of El Paso,5,2,5070 Doniphan Dr,El Paso,Texas,US,http://occelpaso.org/,(915) 422-0870,Church,,,,,,,,,,,,,,,,,,,,,,,https://www.google.com/maps/search/?api=1&query=Oasis%20Community%20Church%20of%20El%20Paso&query_place_id=ChIJ31CI3VX53YYR6SS9oB2mqZU,Church
St. Jude Catholic Church,4.9,46,4006 Hidden Way,El Paso,Texas,US,https://www.sanjudaselpaso.com/,(915) 584-1095,Church,,,,,,,,,,,,,,,,,,,,,,,https://www.google.com/maps/search/?api=1&query=St.%20Jude%20Catholic%20Church&query_place_id=ChIJrTtbUQD53YYR7EPOcRKjKaw,Church
Apollo Heights Baptist Church,4.4,17,10450 Kenworthy St,El Paso,Texas,US,http://apolloheights.org/,(915) 821-7352,Baptist church,Church,,,,,,,,,,,,,,,,,,,,,,https://www.google.com/maps/search/?api=1&query=Apollo%20Heights%20Baptist%20Church&query_place_id=ChIJGyfUPvpT54YRURacGBt5zgg,Baptist church
St. Mark's United Methodist Church,4.6,35,5005 Love Rd,El Paso,Texas,US,http://www.loveroad.org/,(915) 581-4444,United Methodist church,,,,,,,,,,,,,,,,,,,,,,,https://www.google.com/maps/search/?api=1&query=St.%20Mark's%20United%20Methodist%20Church&query_place_id=ChIJj0PJRar53YYRpd_d4KIcgig,United Methodist church
Holy Ghost Tabernacle,5,6,4727 Hondo Pass Dr #E,El Paso,Texas,US,http://hgtelpaso.com/,,Church,,,,,,,,,,,,,,,,,,,,,,,https://www.google.com/maps/search/?api=1&query=Holy%20Ghost%20Tabernacle&query_place_id=ChIJuV1rUHJR54YRYbT7kXQPYSs,Church
Christ the King Presbyterian Church (PCA),4.9,36,1500 Resler Dr,El Paso,Texas,US,http://www.ctkpca.com/,(915) 585-2264,Presbyterian church,,,,,,,,,,,,,,,,,,,,,,,https://www.google.com/maps/search/?api=1&query=Christ%20the%20King%20Presbyterian%20Church%20(PCA)&query_place_id=ChIJl97Tf-5X54YRqst9FjlsEqs,Presbyterian church
World Mission Society Church of God,4.7,72,9210 Dyer St,El Paso,Texas,US,https://wmscog.com/,(619) 991-1126,Religious organization,,,,,,,,,,,,,,,,,,,,,,,https://www.google.com/maps/search/?api=1&query=World%20Mission%20Society%20Church%20of%20God&query_place_id=ChIJrV7yuyRR54YRv9j-HusXkyc,Religious organization
City Church,4.3,6,10152 Dyer St,El Paso,Texas,US,http://www.citychurchusa.com/,(915) 549-5292,Foursquare church,,,,,,,,,,,,,,,,,,,,,,,https://www.google.com/maps/search/?api=1&query=City%20Church&query_place_id=ChIJvUW9hgFR54YRha2ERpC_1nk,Foursquare church
FULL GOSPEL EL PASO KOREAN CHURCH,5,25,5318 Harlan Dr,El Paso,Texas,US,http://www.epfgtv.com/,(915) 751-9191,Church,Korean church,,,,,,,,,,,,,,,,,,,,,,https://www.google.com/maps/search/?api=1&query=FULL%20GOSPEL%20EL%20PASO%20KOREAN%20CHURCH&query_place_id=ChIJDT6oj2pR54YRR2evX_A4Mqo,Church
엘파소 한인 장로교회 El Paso Korean Presbyterian Church,4.9,18,4935 Hondo Pass Dr,El Paso,Texas,US,http://www.elpasokoreanchurch.org/,(915) 346-7911,Presbyterian church,Church,,,,,,,,,,,,,,,,,,,,,,https://www.google.com/maps/search/?api=1&query=%EC%97%98%ED%8C%8C%EC%86%8C%20%ED%95%9C%EC%9D%B8%20%EC%9E%A5%EB%A1%9C%EA%B5%90%ED%9A%8C%20El%20Paso%20Korean%20Presbyterian%20Church&query_place_id=ChIJXVoGNCRR54YRsd6c1Te2XM4,Presbyterian church
Unitarian Universalist Community,4.6,20,4425 Byron St,El Paso,Texas,US,https://uuelpaso.org/,(915) 219-9279,Unitarian Universalist Church,,,,,,,,,,,,,,,,,,,,,,,https://www.google.com/maps/search/?api=1&query=Unitarian%20Universalist%20Community&query_place_id=ChIJGxNGAlhX54YR6HjjCY80eY0,Unitarian Universalist Church
El Paso 5th Ward,3.7,3,400 Rosemont Dr,El Paso,Texas,US,https://www.elpaso5thward.org/,,Church of Jesus Christ of Latter-day Saints,,,,,,,,,,,,,,,,,,,,,,,https://www.google.com/maps/search/?api=1&query=El%20Paso%205th%20Ward&query_place_id=ChIJ9QkXCqz53YYRUfVgIosWZx8,Church of Jesus Christ of Latter-day Saints
In His Presence International Worship Ministries,5,4,8935 Gateway Blvd S,El Paso,Texas,US,,,Church,,,,,,,,,,,,,,,,,,,,,,,https://www.google.com/maps/search/?api=1&query=In%20His%20Presence%20International%20Worship%20Ministries&query_place_id=ChIJ35FCltRW54YRzllMPbFtpkI,Church
New Direction Church,5,4,4747 Hondo Pass Dr,El Paso,Texas,US,,(915) 588-7279,Pentecostal church,,,,,,,,,,,,,,,,,,,,,,,https://www.google.com/maps/search/?api=1&query=New%20Direction%20Church&query_place_id=ChIJd-dyUz5R54YRySn2j9QQXKY,Pentecostal church
RCCG Green Pastures Sanctuary,4.6,42,4807 Titanic Ave,El Paso,Texas,US,,(915) 234-2734,Religious organization,Community center,,,,,,,,,,,,,,,,,,,,,,https://www.google.com/maps/search/?api=1&query=RCCG%20Green%20Pastures%20Sanctuary&query_place_id=ChIJf9r69aBE54YRmEfA4jxZV50,Religious organization
Place Of Purpose,5,1,8888 Dyer St #215,El Paso,Texas,US,http://www.placeofpurpose.org/,(915) 238-0358,Church,,,,,,,,,,,,,,,,,,,,,,,https://www.google.com/maps/search/?api=1&query=Place%20Of%20Purpose&query_place_id=ChIJWZIVqYRb54YRW9zDpsdQdIA,Church
New Jerusalem COGIC,4.8,6,8888 Dyer St #105,El Paso,Texas,US,,,Church,,,,,,,,,,,,,,,,,,,,,,,https://www.google.com/maps/search/?api=1&query=New%20Jerusalem%20COGIC&query_place_id=ChIJL-3vG0ZR54YRUOWUOOaR_t0,Church
True Vine Outreach Worship Center,5,1,4424 Arlen Ave,El Paso,Texas,US,,(915) 751-6300,Church,,,,,,,,,,,,,,,,,,,,,,,https://www.google.com/maps/search/?api=1&query=True%20Vine%20Outreach%20Worship%20Center&query_place_id=ChIJ3_CAmypR54YRuEaWpk8pWxk,Church
A Servants Heart Deliverance Ministry,5,5,4610 Arlen Ave,El Paso,Texas,US,,(915) 820-5653,Church,,,,,,,,,,,,,,,,,,,,,,,https://www.google.com/maps/search/?api=1&query=A%20Servants%20Heart%20Deliverance%20Ministry&query_place_id=ChIJ3QKb_9VQ54YRibeGFxrW734,Church
Unity Missionary Baptist Church,4.8,33,4601 Maxwell Ave,El Paso,Texas,US,http://www.unitymissionary.org/,(915) 757-0426,Baptist church,,,,,,,,,,,,,,,,,,,,,,,https://www.google.com/maps/search/?api=1&query=Unity%20Missionary%20Baptist%20Church&query_place_id=ChIJf38Y8StR54YRubsP3lgGjJs,Baptist church
St Sharbel Maronite Catholic Mission - El Paso,4.7,27,851 Thorn Ave,El Paso,Texas,US,http://stsharbelelpaso.org/,(915) 234-2303,Catholic church,,,,,,,,,,,,,,,,,,,,,,,https://www.google.com/maps/search/?api=1&query=St%20Sharbel%20Maronite%20Catholic%20Mission%20-%20El%20Paso&query_place_id=ChIJ__87TvdY54YRiu1Cz38Vw2I,Catholic church
Vino Nuevo - Campus Northeast,4.7,86,8941 Dyer St,El Paso,Texas,US,http://www.vinonuevo.com/,(915) 850-0200,Church,,,,,,,,,,,,,,,,,,,,,,,https://www.google.com/maps/search/?api=1&query=Vino%20Nuevo%20-%20Campus%20Northeast&query_place_id=ChIJGfyx1l1R54YR0dzhrdctJKs,Church
Western Hills United Methodist Church,4.7,16,524 Thunderbird Dr,El Paso,Texas,US,http://www.westernhillsep.org/,(915) 584-2133,United Methodist church,,,,,,,,,,,,,,,,,,,,,,,https://www.google.com/maps/search/?api=1&query=Western%20Hills%20United%20Methodist%20Church&query_place_id=ChIJxd8estpX54YRpu9EpUWK5Uk,United Methodist church
Saint Nicholas Greek Orthodox Church,4.6,9,124 S Festival Dr,El Paso,Texas,US,http://stnicholasep.com/,(915) 833-0882,Greek Orthodox church,,,,,,,,,,,,,,,,,,,,,,,https://www.google.com/maps/search/?api=1&query=Saint%20Nicholas%20Greek%20Orthodox%20Church&query_place_id=ChIJ9blkEPJX54YRkPcihjpWzfk,Greek Orthodox church
Christ Church El Paso,5,8,470 Eagle Dr,El Paso,Texas,US,https://www.christchurchep.org/?utm_source=google&utm_medium=wix_google_business_profile&utm_campaign=2690235902593922650,(915) 584-5967,Anglican church,,,,,,,,,,,,,,,,,,,,,,,https://www.google.com/maps/search/?api=1&query=Christ%20Church%20El%20Paso&query_place_id=ChIJx1jthhZX54YRVpLfgMu5bC4,Anglican church
Alive Church,,,7820 Helen of Troy Dr,El Paso,Texas,US,http://alivechurchep.com/,,Non-denominational church,,,,,,,,,,,,,,,,,,,,,,,https://www.google.com/maps/search/?api=1&query=Alive%20Church&query_place_id=ChIJcVMrMkv53YYRMfkYmoaV4v0,Non-denominational church
Faith United Methodist Church,4.3,14,313 La Mirada Cir,El Paso,Texas,US,http://www.faithumcelpaso.org/,(915) 566-1654,United Methodist church,Methodist church,,,,,,,,,,,,,,,,,,,,,,https://www.google.com/maps/search/?api=1&query=Faith%20United%20Methodist%20Church&query_place_id=ChIJH4c-3JFZ54YRMaDP9u5bKYY,United Methodist church
Assumption Church Hall,5,1,Byron St,El Paso,Texas,US,,,Church,,,,,,,,,,,,,,,,,,,,,,,https://www.google.com/maps/search/?api=1&query=Assumption%20Church%20Hall&query_place_id=ChIJPUsZZldX54YRoOdk9y4y1As,Church
Holy Spirit Episcopal Church,4.2,13,10500 Kenworthy St,El Paso,Texas,US,,(915) 821-1362,Episcopal church,,,,,,,,,,,,,,,,,,,,,,,https://www.google.com/maps/search/?api=1&query=Holy%20Spirit%20Episcopal%20Church&query_place_id=ChIJpYU7A_pT54YRTiJ82eeK1R8,Episcopal church
Mc Combs Baptist Church,4.9,22,10601 McCombs St,El Paso,Texas,US,https://www.mccombsbaptist.org/,(915) 821-5144,Baptist church,,,,,,,,,,,,,,,,,,,,,,,https://www.google.com/maps/search/?api=1&query=Mc%20Combs%20Baptist%20Church&query_place_id=ChIJ9SOeMsVT54YRcxb3Mfz0nSo,Baptist church
Jubilee Apostolic Church,5,10,5763 Montoya Dr,El Paso,Texas,US,https://www.facebook.com/share/1BMTkKVUVD/?mibextid=wwXIfr,(915) 525-1210,Apostolic church,,,,,,,,,,,,,,,,,,,,,,,https://www.google.com/maps/search/?api=1&query=Jubilee%20Apostolic%20Church&query_place_id=ChIJOXrr9jz53YYRXnc2iDbNEeM,Apostolic church
New Vision Church,4.7,7,10122 Dyer St,El Paso,Texas,US,,(915) 777-5717,Church,Religious organization,,,,,,,,,,,,,,,,,,,,,,https://www.google.com/maps/search/?api=1&query=New%20Vision%20Church&query_place_id=ChIJfT65lGhR54YRTMBPSKyGmVY,Church
Fresh Vision Calvary Chapel,5,5,4242 Hondo Pass Dr #101,El Paso,Texas,US,http://fvccelp.com/,(915) 843-8999,Calvary Chapel church,Christian church,Evangelical church,Non-denominational church,,,,,,,,,,,,,,,,,,,,https://www.google.com/maps/search/?api=1&query=Fresh%20Vision%20Calvary%20Chapel&query_place_id=ChIJ62QBD01R54YRio26kG7_0Hs,Calvary Chapel church
The Door - Northeast CFM church,3,4,4525 Sun Valley Dr,El Paso,Texas,US,https://the-door-northeast-el-paso.cfmsite.com/,(915) 474-0905,Pentecostal church,,,,,,,,,,,,,,,,,,,,,,,https://www.google.com/maps/search/?api=1&query=The%20Door%20-%20Northeast%20CFM%20church&query_place_id=ChIJIw3RLLxV54YRXmwTputysU0,Pentecostal church
Comunidad Cristiana Hechos,4.9,31,4984 Hondo Pass Dr,El Paso,Texas,US,https://www.facebook.com/cchechos,(915) 820-0700,Church,,,,,,,,,,,,,,,,,,,,,,,https://www.google.com/maps/search/?api=1&query=Comunidad%20Cristiana%20Hechos&query_place_id=ChIJNXnbuL5R54YRLTrXzNDPADs,Church
Vino Nuevo - Campus West,4.8,62,1035 Belvidere St,El Paso,Texas,US,http://vinonuevo.com/,(915) 850-0200,Church,,,,,,,,,,,,,,,,,,,,,,,https://www.google.com/maps/search/?api=1&query=Vino%20Nuevo%20-%20Campus%20West&query_place_id=ChIJ-YAHXIH43YYRaODuEBMTND8,Church
Grace Lutheran Church,5,9,9301 Diana Dr,El Paso,Texas,US,https://elpgrace.org/,(915) 755-1322,Lutheran church,,,,,,,,,,,,,,,,,,,,,,,https://www.google.com/maps/search/?api=1&query=Grace%20Lutheran%20Church&query_place_id=ChIJg3PBsSRR54YRNA7ZGsRcte8,Lutheran church
Sun Valley Baptist Church,5,24,9901 McCombs St,El Paso,Texas,US,http://www.sunvalleybaptist.com/contact/,(915) 755-7232,Baptist church,Church,,,,,,,,,,,,,,,,,,,,,,https://www.google.com/maps/search/?api=1&query=Sun%20Valley%20Baptist%20Church&query_place_id=ChIJP-dFDW5R54YRNSM8NN2WzDo,Baptist church
Third Church of Christ Scientist,4,3,100 Fountain Rd,El Paso,Texas,US,https://www.elpasochristianscience.com/,(915) 581-1965,Church,,,,,,,,,,,,,,,,,,,,,,,https://www.google.com/maps/search/?api=1&query=Third%20Church%20of%20Christ%20Scientist&query_place_id=ChIJD9FLRnb43YYRt-UHAlSY-I0,Church
Iglesia Filadelfia,4.6,12,5904 Threadgill Ave,El Paso,Texas,US,,(915) 759-7010,Church,,,,,,,,,,,,,,,,,,,,,,,https://www.google.com/maps/search/?api=1&query=Iglesia%20Filadelfia&query_place_id=ChIJu5SVMwxR54YRcak3Cyy8snI,Church
El Paso Agape Mission Church,5,2,5434 Salem Dr,El Paso,Texas,US,https://epamc.godaddysites.com/?,,Church,,,,,,,,,,,,,,,,,,,,,,,https://www.google.com/maps/search/?api=1&query=El%20Paso%20Agape%20Mission%20Church&query_place_id=ChIJMwEond1T54YReuHfRKH8Reg,Church
Tobin Park UMC,5,5,9410 Roanoke Dr,El Paso,Texas,US,,(915) 755-7146,United Methodist church,,,,,,,,,,,,,,,,,,,,,,,https://www.google.com/maps/search/?api=1&query=Tobin%20Park%20UMC&query_place_id=ChIJN4cmvexR54YRxaJakT8GTEo,United Methodist church
Iglesia Fuente de Vida El Paso TX,5,3,10152 Dyer St,El Paso,Texas,US,https://www.facebook.com/FUENTEDEVIDAELPASO?mibextid=LQQJ4d,(915) 258-7989,Hispanic church,Church,,,,,,,,,,,,,,,,,,,,,,https://www.google.com/maps/search/?api=1&query=Iglesia%20Fuente%20de%20Vida%20El%20Paso%20TX&query_place_id=ChIJ93fZcwBR54YR0EClcOc4Ods,Hispanic church
Antioch Full Gospel Church,5,3,10411 McCombs St,El Paso,Texas,US,,(915) 274-3376,Church,,,,,,,,,,,,,,,,,,,,,,,https://www.google.com/maps/search/?api=1&query=Antioch%20Full%20Gospel%20Church&query_place_id=ChIJiS7Q-tlT54YRMeduvWy8RdA,Church
Cole Church,4,1,,El Paso,Texas,US,,,Church,,,,,,,,,,,,,,,,,,,,,,,https://www.google.com/maps/search/?api=1&query=Cole%20Church&query_place_id=ChIJZ14S-FVX54YRJO1_a687WuI,Church
El Paso Northeast Seventh-day Adventist Church,4.8,18,6035 Woodrow Bean Transmountain,El Paso,Texas,US,https://www.epnortheast.org/,(915) 209-2730,Seventh-day Adventist church,,,,,,,,,,,,,,,,,,,,,,,https://www.google.com/maps/search/?api=1&query=El%20Paso%20Northeast%20Seventh-day%20Adventist%20Church&query_place_id=ChIJxb_Z3thT54YRUPEIyD8pbew,Seventh-day Adventist church
Grace Church,3,1,,El Paso,Texas,US,,,Church,,,,,,,,,,,,,,,,,,,,,,,https://www.google.com/maps/search/?api=1&query=Grace%20Church&query_place_id=ChIJXUeQoypR54YRemi77Z2fhSw,Church
Cristo Rey CTK,5,1,1500 Resler Dr Ste 101,El Paso,Texas,US,https://www.youtube.com/channel/UC5vtFGmMAGRq2iafWPikU5Q,(915) 730-8411,Christian church,,,,,,,,,,,,,,,,,,,,,,,https://www.google.com/maps/search/?api=1&query=Cristo%20Rey%20CTK&query_place_id=ChIJ9dmwcM_43YYRfaN0GY114a8,Christian church
El Paso Central Korean Baptist Church,5,6,5307 Hondo Pass Dr,El Paso,Texas,US,,(915) 637-5356,Korean church,Baptist church,,,,,,,,,,,,,,,,,,,,,,https://www.google.com/maps/search/?api=1&query=El%20Paso%20Central%20Korean%20Baptist%20Church&query_place_id=ChIJMR7eUh9R54YRe3H6NSWQMjU,Korean church
Restoration Alliance Church,5,5,9206 McCombs St,El Paso,Texas,US,,(915) 499-0416,Church,,,,,,,,,,,,,,,,,,,,,,,https://www.google.com/maps/search/?api=1&query=Restoration%20Alliance%20Church&query_place_id=ChIJxXFM3ydR54YRcl7LdswdZ_k,Church
Good Shephard Lutheran Church,5,1,,El Paso,Texas,US,,,Church,,,,,,,,,,,,,,,,,,,,,,,https://www.google.com/maps/search/?api=1&query=Good%20Shephard%20Lutheran%20Church&query_place_id=ChIJ797aziVR54YR4VTBAQTp1aM,Church
Iglesia Delta,5,8,6236 Quail Ave,El Paso,Texas,US,https://www.iglesiadelta.com/,(915) 751-7304,Church,,,,,,,,,,,,,,,,,,,,,,,https://www.google.com/maps/search/?api=1&query=Iglesia%20Delta&query_place_id=ChIJlas1fbJR54YRW8d0bGwe7js,Church
First United Baptist Church,,,5529 Threadgill Ave,El Paso,Texas,US,,,Church,,,,,,,,,,,,,,,,,,,,,,,https://www.google.com/maps/search/?api=1&query=First%20United%20Baptist%20Church&query_place_id=ChIJm_uaihRR54YR1bnaiyg2XNk,Church
Life Worth Living Church,,,,El Paso,Texas,US,,,Religious institution,,,,,,,,,,,,,,,,,,,,,,,https://www.google.com/maps/search/?api=1&query=Life%20Worth%20Living%20Church&query_place_id=ChIJr55DsNZQ54YRNjGAincL7ww,Religious institution
Higher Calling Community Outreach Church,5,3,10122 Dyer St,El Paso,Texas,US,https://www.highercallingchurchept.com/,(575) 312-6316,Church,,,,,,,,,,,,,,,,,,,,,,,https://www.google.com/maps/search/?api=1&query=Higher%20Calling%20Community%20Outreach%20Church&query_place_id=ChIJ1UDmc5BR54YRcpXuEvBJTRc,Church
CITI DEL OF PRAISE,4.7,22,5720 Woodrow Bean Transmountain,El Paso,Texas,US,,(915) 873-5792,Church,,,,,,,,,,,,,,,,,,,,,,,https://www.google.com/maps/search/?api=1&query=CITI%20DEL%20OF%20PRAISE&query_place_id=ChIJM9qwjm9R54YR4GEr4CyhIT8,Church
Greater Faith Church,5,1,10061 Rushing Rd,El Paso,Texas,US,,(773) 759-6617,Church,Baptist church,Christian church,Gospel church,Non-profit organization,,,,,,,,,,,,,,,,,,,https://www.google.com/maps/search/?api=1&query=Greater%20Faith%20Church&query_place_id=ChIJz9GqWNFR54YRMd5l5Ws140w,Church
True Holiness Church El Paso,,,5710 Souda Dr,El Paso,Texas,US,https://www.youtube.com/channel/UC-trTiEOAsdOLWnfvEymEnA,(915) 274-8918,Church,,,,,,,,,,,,,,,,,,,,,,,https://www.google.com/maps/search/?api=1&query=True%20Holiness%20Church%20El%20Paso&query_place_id=ChIJEaypZGNR54YRHJn4yfx4On0,Church
Iglesia Bautista Colina Alta,4.9,9,4846 Titanic Ave,El Paso,Texas,US,,(915) 751-5944,Baptist church,,,,,,,,,,,,,,,,,,,,,,,https://www.google.com/maps/search/?api=1&query=Iglesia%20Bautista%20Colina%20Alta&query_place_id=ChIJR7GTrtpQ54YR6awOACl9j9E,Baptist church
Open Door Presbytery Korean Church,4.7,3,3416 Atlas Ave,El Paso,Texas,US,https://www.facebook.com/ElpasoOpenDoor,(915) 755-1490,Presbyterian church,,,,,,,,,,,,,,,,,,,,,,,https://www.google.com/maps/search/?api=1&query=Open%20Door%20Presbytery%20Korean%20Church&query_place_id=ChIJ52sLcCVX54YR6_Dw_aNWMjU,Presbyterian church
엘파소 제일한인침례교회 El Paso First Korean Baptist Church,5,6,9898 Taj Mahal St,El Paso,Texas,US,http://www.epfkbc.com/,(915) 751-7888,Church,,,,,,,,,,,,,,,,,,,,,,,https://www.google.com/maps/search/?api=1&query=%EC%97%98%ED%8C%8C%EC%86%8C%20%EC%A0%9C%EC%9D%BC%ED%95%9C%EC%9D%B8%EC%B9%A8%EB%A1%80%EA%B5%90%ED%9A%8C%20El%20Paso%20First%20Korean%20Baptist%20Church&query_place_id=ChIJ5RNE3W5R54YRfZLys5Ct_n8,Church
Korean Catholic Church,5,2,5301 Wadsworth Ave,El Paso,Texas,US,,(915) 821-1621,Church,,,,,,,,,,,,,,,,,,,,,,,https://www.google.com/maps/search/?api=1&query=Korean%20Catholic%20Church&query_place_id=ChIJI47ZmxRR54YRsHPtjF4UiTo,Church
Koinonia Fellowship Church Int'l,4,2,1060 Doniphan Park Cir,El Paso,Texas,US,http://koinoniafellowship.com/,(585) 385-0450,Religious organization,Church,,,,,,,,,,,,,,,,,,,,,,https://www.google.com/maps/search/?api=1&query=Koinonia%20Fellowship%20Church%20Int'l&query_place_id=ChIJEbIp_aX53YYRp-uyvow-9LQ,Religious organization
"Iglesia De Dios Pentecostal M.I Eben-Ezer, El Paso",5,18,4532 Sunrise Ave,El Paso,Texas,US,,(915) 990-6152,Church,,,,,,,,,,,,,,,,,,,,,,,https://www.google.com/maps/search/?api=1&query=Iglesia%20De%20Dios%20Pentecostal%20M.I%20Eben-Ezer%2C%20El%20Paso&query_place_id=ChIJsVtRpdVQ54YRcXh3As0Ql6s,Church
New Apostolic Church,3.2,6,10354 Kenworthy St,El Paso,Texas,US,http://nac-usa.org/,,Apostolic church,Church,,,,,,,,,,,,,,,,,,,,,,https://www.google.com/maps/search/?api=1&query=New%20Apostolic%20Church&query_place_id=ChIJHeOtgPtT54YRdWcF031RAHM,Apostolic church
Pentecostal Holiness Church,5,1,,El Paso,Texas,US,,,Pentecostal church,Church,,,,,,,,,,,,,,,,,,,,,,https://www.google.com/maps/search/?api=1&query=Pentecostal%20Holiness%20Church&query_place_id=ChIJjfqmPSpX54YR74UyJFIDtPE,Pentecostal church
Christ Gospel Missionary Church,5,1,4992 Hondo Pass Dr,El Paso,Texas,US,http://christgospel.org/,,Church,,,,,,,,,,,,,,,,,,,,,,,https://www.google.com/maps/search/?api=1&query=Christ%20Gospel%20Missionary%20Church&query_place_id=ChIJEXoJp5FR54YRqW1otq2VGgM,Church
El Paso Young NAK Presbyterian Church,,,9944 Eloice Rd,El Paso,Texas,US,,,Church,,,,,,,,,,,,,,,,,,,,,,,https://www.google.com/maps/search/?api=1&query=El%20Paso%20Young%20NAK%20Presbyterian%20Church&query_place_id=ChIJ2298kmhR54YRj2AFC4SDpt4,Church
Iglesia Bautista Hispana,4.9,10,6041 Woodrow Bean Transmountain,El Paso,Texas,US,,(915) 751-1872,Baptist church,,,,,,,,,,,,,,,,,,,,,,,https://www.google.com/maps/search/?api=1&query=Iglesia%20Bautista%20Hispana&query_place_id=ChIJHRZtQXdR54YRg4Z0123LNmA,Baptist church
Iglesia Apostolica de Northeast Church,,,6069 Quail Ave,El Paso,Texas,US,,,Church,,,,,,,,,,,,,,,,,,,,,,,https://www.google.com/maps/search/?api=1&query=Iglesia%20Apostolica%20de%20Northeast%20Church&query_place_id=ChIJ3eNZU3hR54YRBEXvkiODYQk,Church
Full Gospel Mission Korean Church,4,4,8524 Eclipse St,El Paso,Texas,US,,(915) 315-9044,Korean church,,,,,,,,,,,,,,,,,,,,,,,https://www.google.com/maps/search/?api=1&query=Full%20Gospel%20Mission%20Korean%20Church&query_place_id=ChIJnz9eVShX54YRw5KVNH9hW5w,Korean church
Iglesia Bautista International,4.1,10,4100 Hondo Pass Dr,El Paso,Texas,US,,(915) 309-3397,Baptist church,,,,,,,,,,,,,,,,,,,,,,,https://www.google.com/maps/search/?api=1&query=Iglesia%20Bautista%20International&query_place_id=ChIJUxW9qdNW54YRQ-3q8q-h4NU,Baptist church
Mission Apostolic Church,,,,El Paso,Texas,US,,,Church,,,,,,,,,,,,,,,,,,,,,,,https://www.google.com/maps/search/?api=1&query=Mission%20Apostolic%20Church&query_place_id=ChIJe7AcA2xR54YRmEM8-BmZj74,Church
New Life El Paso,5,1,7400 High Ridge Dr,El Paso,Texas,US,http://www.nlelpaso.org/,,Church,,,,,,,,,,,,,,,,,,,,,,,https://www.google.com/maps/search/?api=1&query=New%20Life%20El%20Paso&query_place_id=ChIJ4ytks-z53YYRsloO_rkZH08,Church
Rock Of Help,5,3,6117 Quail Ave,El Paso,Texas,US,,(915) 260-8694,Foursquare church,,,,,,,,,,,,,,,,,,,,,,,https://www.google.com/maps/search/?api=1&query=Rock%20Of%20Help&query_place_id=ChIJsbSh1IBR54YR3mN8WPHJ-Eg,Foursquare church
Bethel F.O.R.C.E. COGIC,4.6,9,"Faith Out Reach Center, 7750 Alabama St",El Paso,Texas,US,,(915) 253-9139,Religious organization,,,,,,,,,,,,,,,,,,,,,,,https://www.google.com/maps/search/?api=1&query=Bethel%20F.O.R.C.E.%20COGIC&query_place_id=ChIJYU_kUSVX54YRI9jej79pewM,Religious organization
Iglesia Adventista del Séptimo Día Hispana de El Paso - West / El Paso West Spanish Seventh-day Adventist Church,,,1699 Belvidere St,El Paso,Texas,US,http://elpasowesttx.adventistchurch.org/,(915) 867-7473,Seventh-day Adventist church,,,,,,,,,,,,,,,,,,,,,,,https://www.google.com/maps/search/?api=1&query=Iglesia%20Adventista%20del%20S%C3%A9ptimo%20D%C3%ADa%20Hispana%20de%20El%20Paso%20-%20West%20%2F%20El%20Paso%20West%20Spanish%20Seventh-day%20Adventist%20Church&query_place_id=ChIJNUJenX5X54YRWRlaXMy5_20,Seventh-day Adventist church
Reaching The Harvest,5,8,8629 Leo St,El Paso,Texas,US,,,Church of Christ,,,,,,,,,,,,,,,,,,,,,,,https://www.google.com/maps/search/?api=1&query=Reaching%20The%20Harvest&query_place_id=ChIJiZZEGypX54YRdYDEfqr1Lr0,Church of Christ
Bethany Christian Center,5,1,10208 Sharp Dr,El Paso,Texas,US,http://www.bccelpaso.com/,(915) 630-1154,Church,,,,,,,,,,,,,,,,,,,,,,,https://www.google.com/maps/search/?api=1&query=Bethany%20Christian%20Center&query_place_id=ChIJGUN57lRR54YRBqxhfc60iFs,Church
Evangelical Faith Center,5,1,5125 Bragg Ave,El Paso,Texas,US,,(915) 751-1218,Church,,,,,,,,,,,,,,,,,,,,,,,https://www.google.com/maps/search/?api=1&query=Evangelical%20Faith%20Center&query_place_id=ChIJ__w8SN1Q54YR0kSanCDr9BE,Church
New Direction Assembly of God,,,4747 Hondo Pass Dr K,El Paso,Texas,US,,,Church,,,,,,,,,,,,,,,,,,,,,,,https://www.google.com/maps/search/?api=1&query=New%20Direction%20Assembly%20of%20God&query_place_id=ChIJ4T6hKABR54YR25UMKoJkSlQ,Church
New Hope Faith Center Cogic,,,4400 Edgar Park Ave,El Paso,Texas,US,,(915) 755-5991,Church,,,,,,,,,,,,,,,,,,,,,,,https://www.google.com/maps/search/?api=1&query=New%20Hope%20Faith%20Center%20Cogic&query_place_id=ChIJFUmXp9RQ54YR58TnDL8RZdg,Church
Primera Iglesia Apostólica,4.8,17,4959 Hondo Pass Dr,El Paso,Texas,US,https://www.facebook.com/profile.php?id=100067664982520,,Church,,,,,,,,,,,,,,,,,,,,,,,https://www.google.com/maps/search/?api=1&query=Primera%20Iglesia%20Apost%C3%B3lica&query_place_id=ChIJi8iPD29R54YRsIhdy0zKaqs,Church
Southwest University Lounge,,,701 N Americas Ave Ste 101,El Paso,Texas,US,https://southwestuniversity.edu/,,School center,,,,,,,,,,,,,,,,,,,,,,,https://www.google.com/maps/search/?api=1&query=Southwest%20University%20Lounge&query_place_id=ChIJy6hr0ihD54YRlVwhn5nen5U,School center
Ablaze Worship at Western Hills UMC,,,524 Thunderbird Dr,El Paso,Texas,US,,,Religious institution,,,,,,,,,,,,,,,,,,,,,,,https://www.google.com/maps/search/?api=1&query=Ablaze%20Worship%20at%20Western%20Hills%20UMC&query_place_id=ChIJN5OaV4dX54YRVPBD3QHuwI4,Religious institution
REVIVE! Centro de Restauración & Sanidad,5,6,8626 Dyer St,El Paso,Texas,US,https://www.revive440.org/,,Church,,,,,,,,,,,,,,,,,,,,,,,https://www.google.com/maps/search/?api=1&query=REVIVE!%20Centro%20de%20Restauraci%C3%B3n%20%26%20Sanidad&query_place_id=ChIJ2asqHyJZ54YRp6_2SLoh_Cs,Church
Light House Ministries,,,,El Paso,Texas,US,,,Church,,,,,,,,,,,,,,,,,,,,,,,https://www.google.com/maps/search/?api=1&query=Light%20House%20Ministries&query_place_id=ChIJfU3FICRR54YRt9on9ypUyjE,Church
Congregación Primicias De Dios,,,,El Paso,Texas,US,,,Church,,,,,,,,,,,,,,,,,,,,,,,https://www.google.com/maps/search/?api=1&query=Congregaci%C3%B3n%20Primicias%20De%20Dios&query_place_id=ChIJkQBgICRR54YR5FBR0JJQsYo,Church
Templo Pentecostes Rey De Gloria,1,1,9574 Dyer St,El Paso,Texas,US,,(915) 955-2687,Church,,,,,,,,,,,,,,,,,,,,,,,https://www.google.com/maps/search/?api=1&query=Templo%20Pentecostes%20Rey%20De%20Gloria&query_place_id=ChIJw8WtBQBR54YRE8opYuGTiec,Church
Western Technical College - El Paso Campus,4.2,310,9624 Plaza Cir,El Paso,Texas,US,https://www.westerntech.edu/?utm_source=GMBlisting&utm_medium=organic,(800) 225-5984,Technical school,Adult education school,College,Massage school,Trade school,Training center,,,,,,,,,,,,,,,,,,https://www.google.com/maps/search/?api=1&query=Western%20Technical%20College%20-%20El%20Paso%20Campus&query_place_id=ChIJd9VSs5VC54YRxTqY5Q0qw3Q,Technical school
St Matthew Religious Education & Parish Office,4.7,3,400 W Sunset Rd,El Paso,Texas,US,,(915) 587-1524,Church,,,,,,,,,,,,,,,,,,,,,,,https://www.google.com/maps/search/?api=1&query=St%20Matthew%20Religious%20Education%20%26%20Parish%20Office&query_place_id=ChIJPQ78S0343YYRzdeYSWcyjug,Church
Misión Apostólica de la Fe en Cristo Jesús Inc.,5,2,5631 Saluki Dr,El Paso,Texas,US,,(915) 751-0767,Church,,,,,,,,,,,,,,,,,,,,,,,https://www.google.com/maps/search/?api=1&query=Misi%C3%B3n%20Apost%C3%B3lica%20de%20la%20Fe%20en%20Cristo%20Jes%C3%BAs%20Inc.&query_place_id=ChIJDb_7JGxR54YR9LhiBh9k9nI,Church
Linaje Escogido AD,4.4,13,5710 Souda Dr,El Paso,Texas,US,,,Religious institution,,,,,,,,,,,,,,,,,,,,,,,https://www.google.com/maps/search/?api=1&query=Linaje%20Escogido%20AD&query_place_id=ChIJ328fR29R54YRRx5FPEsZXmw,Religious institution
Iglesia Bautista El Camino,4.2,6,3900 Fillmore Ave,El Paso,Texas,US,,(915) 562-3633,Baptist church,,,,,,,,,,,,,,,,,,,,,,,https://www.google.com/maps/search/?api=1&query=Iglesia%20Bautista%20El%20Camino&query_place_id=ChIJmcoJ-lVX54YRttXesglupwQ,Baptist church
Iglesia Cristiana Casa de Dios,5,5,3817 Kemp Ave,El Paso,Texas,US,https://casadedios.godaddysites.com/,(915) 996-1086,Christian church,,,,,,,,,,,,,,,,,,,,,,,https://www.google.com/maps/search/?api=1&query=Iglesia%20Cristiana%20Casa%20de%20Dios&query_place_id=ChIJS8S_jAdX54YRon8bqHOVN9Q,Christian church
Salvation Army El Paso Corps,4.2,21,4900 Hercules Ave,El Paso,Texas,US,https://southernusa.salvationarmy.org/elpaso/,(915) 755-4168,Church,,,,,,,,,,,,,,,,,,,,,,,https://www.google.com/maps/search/?api=1&query=Salvation%20Army%20El%20Paso%20Corps&query_place_id=ChIJtd_lV9pQ54YR8k-uV4i5DYo,Church
Ysleta Community Learning Center,4.5,61,121 Padres Dr,El Paso,Texas,US,https://www.yisd.net/o/communityadultlc,(915) 434-9400,Adult education school,English language school,Technical school,,,,,,,,,,,,,,,,,,,,,https://www.google.com/maps/search/?api=1&query=Ysleta%20Community%20Learning%20Center&query_place_id=ChIJ7fQaPtdC54YRqexW03PN1Qg,Adult education school
SISD Community Education Department,4.9,23,12380 Pine Springs Dr,El Paso,Texas,US,https://www.sisd.net/page/community-education,(915) 937-1700,Adult education school,,,,,,,,,,,,,,,,,,,,,,,https://www.google.com/maps/search/?api=1&query=SISD%20Community%20Education%20Department&query_place_id=ChIJBYE9QdFp54YRtosancD9f2s,Adult education school
Del Valle High School,,,950 Bordeaux Dr,El Paso,Texas,US,http://www.yisd.net/delvallehigh,(915) 434-3000,High school,,,,,,,,,,,,,,,,,,,,,,,https://www.google.com/maps/search/?api=1&query=Del%20Valle%20High%20School&query_place_id=ChIJz2VkiVdC54YRuwr35ZtTl6E,High school
Capistrano Elementary School,,,240 Mecca Dr,El Paso,Texas,US,http://www.yisd.net/capistrano,(915) 434-8600,Elementary school,,,,,,,,,,,,,,,,,,,,,,,https://www.google.com/maps/search/?api=1&query=Capistrano%20Elementary%20School&query_place_id=ChIJIdj4ddFC54YRYYdmEv0q704,Elementary school
Presa Elementary School,,,128 Presa Pl,El Paso,Texas,US,https://www.yisd.net/o/presa,(915) 434-8700,Elementary school,Public educational institution,,,,,,,,,,,,,,,,,,,,,,https://www.google.com/maps/search/?api=1&query=Presa%20Elementary%20School&query_place_id=ChIJTaxuKuZC54YRDslExrK48Bw,Elementary school
Iglesia Bautista El Buen,5,2,6420 Venusiano St,El Paso,Texas,US,,(915) 777-6716,Baptist church,,,,,,,,,,,,,,,,,,,,,,,https://www.google.com/maps/search/?api=1&query=Iglesia%20Bautista%20El%20Buen&query_place_id=ChIJG62uwtL-3YYRXA_O9cf6fRU,Baptist church
San Pablo Lutheran Church,4.8,33,301 S Schutz Dr,El Paso,Texas,US,https://ylm.org/category/san-pablo-lutheran-church/,(915) 858-2588,Lutheran church,Religious organization,,,,,,,,,,,,,,,,,,,,,,https://www.google.com/maps/search/?api=1&query=San%20Pablo%20Lutheran%20Church&query_place_id=ChIJ1wD929pC54YRmU_1133m_gg,Lutheran church
Ysleta Mission,4.8,439,131 S Zaragoza Rd,El Paso,Texas,US,https://www.ysletamission.org/about/,(915) 233-3672,Catholic church,Tourist attraction,,,,,,,,,,,,,,,,,,,,,,https://www.google.com/maps/search/?api=1&query=Ysleta%20Mission&query_place_id=ChIJZ7aujdxC54YRtT8iOg2z5Mo,Catholic church
Temple of the Devine,,,9001 Cashew Dr,El Paso,Texas,US,,(915) 626-5375,Church,,,,,,,,,,,,,,,,,,,,,,,https://www.google.com/maps/search/?api=1&query=Temple%20of%20the%20Devine&query_place_id=ChIJRzSGExtD54YRRzih5DPNjII,Church
Temple of Divine Restoration,5,8,7588 N Loop Dr,El Paso,Texas,US,,(915) 861-4275,Church,,,,,,,,,,,,,,,,,,,,,,,https://www.google.com/maps/search/?api=1&query=Temple%20of%20Divine%20Restoration&query_place_id=ChIJt3DoFCJb54YRP7DRaZxh3_c,Church
The Lhakhang,4.5,2,500 W University Ave,El Paso,Texas,US,,,Buddhist temple,,,,,,,,,,,,,,,,,,,,,,,https://www.google.com/maps/search/?api=1&query=The%20Lhakhang&query_place_id=ChIJHXAL_ntZ54YR372A0PC_4T4,Buddhist temple
Bridges Academy,,,5700 Cromo Dr,El Paso,Texas,US,http://www.bridgesacademy.org/,(915) 532-6647,Special education school,Non-profit organization,,,,,,,,,,,,,,,,,,,,,,https://www.google.com/maps/search/?api=1&query=Bridges%20Academy&query_place_id=ChIJEQSTJ6tZ54YRZ9bWNfgGPOM,Special education school
Land of the Free Academy,,,4724 Vulcan Ave,El Paso,Texas,US,http://www.landofthefreeacademy.com/class-and-range-location.html,(903) 315-8802,Special education school,School,,,,,,,,,,,,,,,,,,,,,,https://www.google.com/maps/search/?api=1&query=Land%20of%20the%20Free%20Academy&query_place_id=ChIJnQ1zUs5Q54YRhSm7__tC-ao,Special education school
Barron Elementary School,,,11155 Whitey Ford St,El Paso,Texas,US,https://www.episd.org/barron,(915) 236-5075,Elementary school,Primary school,,,,,,,,,,,,,,,,,,,,,,https://www.google.com/maps/search/?api=1&query=Barron%20Elementary%20School&query_place_id=ChIJ_9AMyLhT54YRqG9zqrjMucw,Elementary school
IDEA Mesquite Hills,,,11881 Dyer St,El Paso,Texas,US,https://ideapublicschools.org/our-schools/idea-mesquite-hills,(915) 888-4700,Public educational institution,Elementary school,High school,Kindergarten,Middle school,Preschool,,,,,,,,,,,,,,,,,,https://www.google.com/maps/search/?api=1&query=IDEA%20Mesquite%20Hills&query_place_id=ChIJ-d4foklT54YRh-r_GQcQDpA,Public educational institution
North Star Elementary School,,,5950 Sean Haggerty Dr,El Paso,Texas,US,https://www.yisd.net/northstar,(915) 434-6700,Elementary school,,,,,,,,,,,,,,,,,,,,,,,https://www.google.com/maps/search/?api=1&query=North%20Star%20Elementary%20School&query_place_id=ChIJO0G4TslT54YRdEpbD9lDGFU,Elementary school
Tom Lea Elementary School,,,4851 Marcus Uribe Dr,El Paso,Texas,US,https://www.episd.org/tomlea,(915) 230-5450,Elementary school,,,,,,,,,,,,,,,,,,,,,,,https://www.google.com/maps/search/?api=1&query=Tom%20Lea%20Elementary%20School&query_place_id=ChIJ1TwHP45T54YRSvfclUHwWD8,Elementary school
Nolan Richardson Middle School,,,11350 Loma Franklin Dr,El Paso,Texas,US,http://richardson.episd.org/,(915) 236-6650,Middle school,Club,Community health center,,,,,,,,,,,,,,,,,,,,,https://www.google.com/maps/search/?api=1&query=Nolan%20Richardson%20Middle%20School&query_place_id=ChIJd3TvYwJZ54YRat5Xy0HEVjM,Middle school
Dr. Lawrence A. Nixon Elementary School,,,11141 Loma Roja Dr,El Paso,Texas,US,https://www.episd.org/o/nies,(915) 236-5900,Elementary school,,,,,,,,,,,,,,,,,,,,,,,https://www.google.com/maps/search/?api=1&query=Dr.%20Lawrence%20A.%20Nixon%20Elementary%20School&query_place_id=ChIJU4DtZIlT54YRPcCQhFyZ3wQ,Elementary school
nixon elementary,,,11141 Loma Roja Dr,El Paso,Texas,US,https://www.episd.org/o/nies,(915) 236-5900,Elementary school,Educational institution,,,,,,,,,,,,,,,,,,,,,,https://www.google.com/maps/search/?api=1&query=nixon%20elementary&query_place_id=ChIJcfEHGwBT54YRPcbE0tqqw4w,Elementary school
Smiles & Dimples Childcare,,,11280 Northview Dr,El Paso,Texas,US,,(915) 248-9872,Preschool,Child care agency,Day care center,,,,,,,,,,,,,,,,,,,,,https://www.google.com/maps/search/?api=1&query=Smiles%20%26%20Dimples%20Childcare&query_place_id=ChIJgxHyDo9T54YRW2H7S71O1Ms,Preschool
El Paso Community College - Administrative Services Center - EPCC ASC,4.5,78,9050 Viscount Blvd,El Paso,Texas,US,http://www.epcc.edu/,(915) 831-3722,Community college,,,,,,,,,,,,,,,,,,,,,,,https://www.google.com/maps/search/?api=1&query=El%20Paso%20Community%20College%20-%20Administrative%20Services%20Center%20-%20EPCC%20ASC&query_place_id=ChIJFYdOGxhb54YRF3X5ShiukWg,Community college
"College, Career & Technology Academy",,,2851 Grant Ave,El Paso,Texas,US,https://www.episd.org/CCTA,(915) 236-7700,High school,,,,,,,,,,,,,,,,,,,,,,,https://www.google.com/maps/search/?api=1&query=College%2C%20Career%20%26%20Technology%20Academy&query_place_id=ChIJURuZFpZZ54YRtnKFD5ppvVM,High school
El Paso Comunity college,,,10826 Pellicano Dr,El Paso,Texas,US,,,University,,,,,,,,,,,,,,,,,,,,,,,https://www.google.com/maps/search/?api=1&query=El%20Paso%20Comunity%20college&query_place_id=ChIJ7aoHVBFF54YRHsQ1cQF-ABM,University
House of Prayer Church of God,4.8,12,5940 Sean Haggerty Dr,El Paso,Texas,US,https://houseofprayerelpaso.org/,(915) 821-1810,Church,,,,,,,,,,,,,,,,,,,,,,,https://www.google.com/maps/search/?api=1&query=House%20of%20Prayer%20Church%20of%20God&query_place_id=ChIJUSWxLM9T54YRLkncACHiCuI,Church
Good News El Paso Church,5,7,4752 Robert Acosta Dr,El Paso,Texas,US,https://www.facebook.com/goodnewselpaso,(915) 757-5055,Church,,,,,,,,,,,,,,,,,,,,,,,https://www.google.com/maps/search/?api=1&query=Good%20News%20El%20Paso%20Church&query_place_id=ChIJjVNOAtBQ54YR8eP8NG2V7-c,Church
Chapel of the North Hills,4.8,10,4501 Jon Cunningham Blvd,El Paso,Texas,US,https://cnhelpaso.org/,(915) 356-9775,Baptist church,Church,,,,,,,,,,,,,,,,,,,,,,https://www.google.com/maps/search/?api=1&query=Chapel%20of%20the%20North%20Hills&query_place_id=ChIJ--q7gYpT54YRhBsl-_EAmgE,Baptist church
El Paso Zen Center,5,2,2718 N Campbell St,El Paso,Texas,US,https://www.elpasozen.org/,,Buddhist temple,,,,,,,,,,,,,,,,,,,,,,,https://www.google.com/maps/search/?api=1&query=El%20Paso%20Zen%20Center&query_place_id=ChIJ95B4GgBZ54YRRLs6AnwnD2U,Buddhist temple
Soka Gakkai Intl-USA,4.6,23,2901 N Campbell St,El Paso,Texas,US,https://www.sgi-usa.org/,(915) 534-7022,Buddhist temple,,,,,,,,,,,,,,,,,,,,,,,https://www.google.com/maps/search/?api=1&query=Soka%20Gakkai%20Intl-USA&query_place_id=ChIJNz5ftUVY54YRDTpKf0bTmJk,Buddhist temple
EPCC LITTLE TEMPLE,,,,El Paso,Texas,US,,,Religious institution,,,,,,,,,,,,,,,,,,,,,,,https://www.google.com/maps/search/?api=1&query=EPCC%20LITTLE%20TEMPLE&query_place_id=ChIJgdgJ1P5Y54YR8Xtm-ye2b64,Religious institution
Christ Community Methodist Church,5,4,4447 Loma Clara Ct,El Paso,Texas,US,,(915) 755-4193,Methodist church,,,,,,,,,,,,,,,,,,,,,,,https://www.google.com/maps/search/?api=1&query=Christ%20Community%20Methodist%20Church&query_place_id=ChIJ9aH4sHlU54YRfO-fPXoruDE,Methodist church
Centro Cristiano Esmirna,5,6,11000 Dyer St,El Paso,Texas,US,,(915) 240-3080,Church,,,,,,,,,,,,,,,,,,,,,,,https://www.google.com/maps/search/?api=1&query=Centro%20Cristiano%20Esmirna&query_place_id=ChIJ2f9m7apT54YRan2_mmyelSM,Church
Kidmon hall,,,5433 Pedro Lucero Dr,El Paso,Texas,US,,,Church,,,,,,,,,,,,,,,,,,,,,,,https://www.google.com/maps/search/?api=1&query=Kidmon%20hall&query_place_id=ChIJbwFUHgBT54YRQjDHFwkoCAc,Church
Zoom Spanish For All,5,1,1600 Resler Dr,El Paso,Texas,US,,(915) 408-7719,Adult education school,,,,,,,,,,,,,,,,,,,,,,,https://www.google.com/maps/search/?api=1&query=Zoom%20Spanish%20For%20All&query_place_id=ChIJJ6dSmWv53YYR4eKqsMzNiJk,Adult education school
College of Health Sciences and College of Nursing Building,4.9,17,1851 Wiggins Rd,El Paso,Texas,US,https://www.utep.edu/nursing/,(915) 747-7280,University,,,,,,,,,,,,,,,,,,,,,,,https://www.google.com/maps/search/?api=1&query=College%20of%20Health%20Sciences%20and%20College%20of%20Nursing%20Building&query_place_id=ChIJG4TeKF9Y54YR56JQXe62Apw,University
Southwest University Education Center,,,801 S Florence St,El Paso,Texas,US,,,University,,,,,,,,,,,,,,,,,,,,,,,https://www.google.com/maps/search/?api=1&query=Southwest%20University%20Education%20Center&query_place_id=ChIJrTVOkhtZ54YRHGbhCyjQ50U,University
Woody L. Hunt College of Business,4.6,7,"799689, 500 W University Ave",El Paso,TX,US,http://www.utep.edu/business/,(915) 747-5241,University,Business school,,,,,,,,,,,,,,,,,,,,,,https://www.google.com/maps/search/?api=1&query=Woody%20L.%20Hunt%20College%20of%20Business&query_place_id=ChIJCUtb4FhY54YR1r2QyD6_C3w,University
Roger Bacon College,4.9,28,2400 Marr St,El Paso,Texas,US,https://sites.google.com/view/rogerbaconcollege/home,(915) 565-2921,College,Church,Seminary,,,,,,,,,,,,,,,,,,,,,https://www.google.com/maps/search/?api=1&query=Roger%20Bacon%20College&query_place_id=ChIJ3UGNrB9a54YR1879KfGKPCc,College
College of Engineering Dean's Suite,4,1,1981 Hawthorne St,El Paso,Texas,US,,,Engineering school,,,,,,,,,,,,,,,,,,,,,,,https://www.google.com/maps/search/?api=1&query=College%20of%20Engineering%20Dean's%20Suite&query_place_id=ChIJ4W92BllY54YRI9gCRy0IoQw,Engineering school
Lydia Patterson Institute,,,517 S Florence St,El Paso,Texas,US,https://lpi-elpaso.org/,(915) 533-8286,High school,,,,,,,,,,,,,,,,,,,,,,,https://www.google.com/maps/search/?api=1&query=Lydia%20Patterson%20Institute&query_place_id=ChIJo1LgoRxZ54YRpN5M4mC3G24,High school
Radford School,,,2001 Radford St,El Paso,Texas,US,http://radfordschool.org/,(915) 565-2737,High school,Elementary school,Kindergarten,Middle school,,,,,,,,,,,,,,,,,,,,https://www.google.com/maps/search/?api=1&query=Radford%20School&query_place_id=ChIJ57w5KSBa54YRFYk4DNTlDSE,High school
Hillside Elementary School,,,4500 Clifton Ave,El Paso,Texas,US,http://www.episd.org/,(915) 236-0100,Elementary school,,,,,,,,,,,,,,,,,,,,,,,https://www.google.com/maps/search/?api=1&query=Hillside%20Elementary%20School&query_place_id=ChIJFbzZMyZa54YRBSazf-8otho,Elementary school
El Paso Country Day School,,,220 E Cliff Dr,El Paso,Texas,US,http://epcds.org/,(915) 533-4492,Middle school,Elementary school,Kindergarten,Preschool,,,,,,,,,,,,,,,,,,,,https://www.google.com/maps/search/?api=1&query=El%20Paso%20Country%20Day%20School&query_place_id=ChIJ80Hrv4pX54YRiio4tgRK-AI,Middle school
Crockett Elementary School,,,3200 Wheeling Ave,El Paso,Texas,US,,(915) 236-8675,Elementary school,Middle school,School,,,,,,,,,,,,,,,,,,,,,https://www.google.com/maps/search/?api=1&query=Crockett%20Elementary%20School&query_place_id=ChIJt7rC2ZJZ54YRpwtkP0JWpS0,Elementary school
El Paso High School,,,800 E Schuster Ave,El Paso,Texas,US,https://www.episd.org/elpaso,(915) 236-2500,High school,School,,,,,,,,,,,,,,,,,,,,,,https://www.google.com/maps/search/?api=1&query=El%20Paso%20High%20School&query_place_id=ChIJv4dJllNY54YRfIw-EfKffu4,High school
St. Clement's Parish School,,,600 Montana Ave,El Paso,Texas,US,http://www.stclements.org/,(915) 533-4248,Private educational institution,Middle school,,,,,,,,,,,,,,,,,,,,,,https://www.google.com/maps/search/?api=1&query=St.%20Clement's%20Parish%20School&query_place_id=ChIJD6rz4v9Y54YR1FvhaCYBT_0,Private educational institution
Mesita Elementary School,,,3307 N Stanton St,El Paso,Texas,US,http://mesita.episd.org/,(915) 236-6850,Elementary school,,,,,,,,,,,,,,,,,,,,,,,https://www.google.com/maps/search/?api=1&query=Mesita%20Elementary%20School&query_place_id=ChIJlX7S2EZY54YRRIDHtXvJV30,Elementary school
Vilas Elementary School,,,220 Lawton Dr,El Paso,Texas,US,,(915) 236-6850,Elementary school,School,,,,,,,,,,,,,,,,,,,,,,https://www.google.com/maps/search/?api=1&query=Vilas%20Elementary%20School&query_place_id=ChIJ_-EMbfdY54YRa5FUhSzYQDo,Elementary school
Austin High School,,,3500 Memphis Ave,El Paso,Texas,US,http://austin.episd.org/,(915) 236-4200,High school,School,,,,,,,,,,,,,,,,,,,,,,https://www.google.com/maps/search/?api=1&query=Austin%20High%20School&query_place_id=ChIJx7YDBO5Z54YRDLuQVU00iJs,High school
Father Yermo Schools PreK-12,,,250 Washington St,El Paso,Texas,US,https://www.fatheryermoelpaso.org/,(915) 533-3185,General education school,Elementary school,High school,Middle school,,,,,,,,,,,,,,,,,,,,https://www.google.com/maps/search/?api=1&query=Father%20Yermo%20Schools%20PreK-12&query_place_id=ChIJw_DO9dVb54YRuvR7qtrm8M0,General education school
Hawkins Elementary School,,,5816 Stephenson Ave,El Paso,Texas,US,http://hawkins.episd.org/,(915) 236-8900,Elementary school,,,,,,,,,,,,,,,,,,,,,,,https://www.google.com/maps/search/?api=1&query=Hawkins%20Elementary%20School&query_place_id=ChIJL2AlGjVa54YRRLblvaQTeEE,Elementary school
Bowie High School,,,801 S San Marcial St,El Paso,Texas,US,https://www.episd.org/bowie,(915) 236-7000,High school,,,,,,,,,,,,,,,,,,,,,,,https://www.google.com/maps/search/?api=1&query=Bowie%20High%20School&query_place_id=ChIJ3ZNjKnRZ54YRqiRj_Rv60wo,High school
Frederick Douglass Elementary School,,,101 S Eucalyptus St,El Paso,Texas,US,,(915) 236-8750,Elementary school,,,,,,,,,,,,,,,,,,,,,,,https://www.google.com/maps/search/?api=1&query=Frederick%20Douglass%20Elementary%20School&query_place_id=ChIJDxfmFwtZ54YRkRdAn0GhPPs,Elementary school
St. Joseph's School,,,1300 Lamar St,El Paso,Texas,US,http://stjoseph-school.org/,(915) 566-1661,Private educational institution,School,,,,,,,,,,,,,,,,,,,,,,https://www.google.com/maps/search/?api=1&query=St.%20Joseph's%20School&query_place_id=ChIJM1_X0o5Z54YRkl6STjc91f0,Private educational institution
Loretto Academy,,,1300 Hardaway St,El Paso,Texas,US,http://www.loretto.org/,(915) 566-8400,Girls' high school,High school,Middle school,Private educational institution,,,,,,,,,,,,,,,,,,,,https://www.google.com/maps/search/?api=1&query=Loretto%20Academy&query_place_id=ChIJLSw8bSZa54YRrrtVEZJF_Os,Girls' high school
St Patrick's Elementary School,,,1111 N Stanton St,El Paso,Texas,US,https://www.saintpatrickelpaso.org/,(915) 532-4142,Elementary school,Private educational institution,,,,,,,,,,,,,,,,,,,,,,https://www.google.com/maps/search/?api=1&query=St%20Patrick's%20Elementary%20School&query_place_id=ChIJ7fTuWP9Y54YRI-5hN5WmhkI,Elementary school
Cathedral High School,,,1309 N Stanton St,El Paso,Texas,US,http://www.cathedral-elpaso.org/,(915) 532-3238,High school,School,,,,,,,,,,,,,,,,,,,,,,https://www.google.com/maps/search/?api=1&query=Cathedral%20High%20School&query_place_id=ChIJKxUl4FVY54YRCZsA2X0RILI,High school
Lamar Elementary School,,,1440 E Cliff Dr,El Paso,Texas,US,http://lamar.episd.org/,(915) 236-3150,Elementary school,,,,,,,,,,,,,,,,,,,,,,,https://www.google.com/maps/search/?api=1&query=Lamar%20Elementary%20School&query_place_id=ChIJNQ3tMqxZ54YRElaR5GXaJ0w,Elementary school
Center for Career & Technology Education,4.8,57,1170 N Walnut St,El Paso,Texas,US,https://www.episd.org/o/ccte,(915) 236-7900,Institute of technology,Education center,,,,,,,,,,,,,,,,,,,,,,https://www.google.com/maps/search/?api=1&query=Center%20for%20Career%20%26%20Technology%20Education&query_place_id=ChIJ_XjfHLtZ54YRTaj6n82CtEg,Institute of technology
A Better Choice Education Program,5,61,800 E San Antonio Ave,El Paso,Texas,US,https://dwiclassestx.com/,(956) 359-6380,Educational institution,,,,,,,,,,,,,,,,,,,,,,,https://www.google.com/maps/search/?api=1&query=A%20Better%20Choice%20Education%20Program&query_place_id=ChIJsdFXQZ1Z54YRSfvY_wYkScc,Educational institution
San Jacinto Adult Learning Center,4.4,62,1216 Olive Ave,El Paso,Texas,US,https://www.episd.org/sanjacinto,(915) 230-3200,Adult education school,School,,,,,,,,,,,,,,,,,,,,,,https://www.google.com/maps/search/?api=1&query=San%20Jacinto%20Adult%20Learning%20Center&query_place_id=ChIJh6xFTg9Z54YRMyZELXcDWN4,Adult education school
Utep Education Leadership,,,500 W University Ave,El Paso,Texas,US,http://academics.utep.edu/Default.aspx?alias=academics.utep.edu/edleadership,(915) 747-5300,College,Professional services,,,,,,,,,,,,,,,,,,,,,,https://www.google.com/maps/search/?api=1&query=Utep%20Education%20Leadership&query_place_id=ChIJy5y741tY54YR-U2sMJ25ARQ,College
Academic & Education Center,,,Alberta Ave,El Paso,Texas,US,,,University,,,,,,,,,,,,,,,,,,,,,,,https://www.google.com/maps/search/?api=1&query=Academic%20%26%20Education%20Center&query_place_id=ChIJg6uvX9Nb54YRTzZ1fR527B0,University
The J Center for Early Learning,4.4,13,4408 N Stanton St,El Paso,Texas,US,http://thejelpaso.org/,(915) 534-1234,Preschool,Child care agency,Education center,Learning center,Private educational institution,Religious school,School,School center,,,,,,,,,,,,,,,,https://www.google.com/maps/search/?api=1&query=The%20J%20Center%20for%20Early%20Learning&query_place_id=ChIJYykeOSRY54YRwcgjcsxTL4k,Preschool
"Medical Education Building, MEB",5,1,5001 El Paso Dr,El Paso,Texas,US,,,University,,,,,,,,,,,,,,,,,,,,,,,https://www.google.com/maps/search/?api=1&query=Medical%20Education%20Building%2C%20MEB&query_place_id=ChIJDy5c9YRb54YR2zwoxBKnn1I,University
EPISD Education Center - Boeing,,,1014 N Stanton St,El Paso,Texas,US,http://www.episd.org/,(915) 230-2000,High school,Board of education,Elementary school,Kindergarten,Middle school,Preschool,Public educational institution,,,,,,,,,,,,,,,,,https://www.google.com/maps/search/?api=1&query=EPISD%20Education%20Center%20-%20Boeing&query_place_id=ChIJ3_KfNlla54YRKb-0HRL3GvM,High school
Hughey Elementary School,,,6201 Hughey Dr,El Paso,Texas,US,,(915) 236-0250,Elementary school,School,,,,,,,,,,,,,,,,,,,,,,https://www.google.com/maps/search/?api=1&query=Hughey%20Elementary%20School&query_place_id=ChIJw0ANw0Va54YRyFrxKPrgzVY,Elementary school
Riverside Elementary School,,,218 Barker Rd,El Paso,Texas,US,https://www.yisd.net/riversideelementary,(915) 434-7600,Elementary school,,,,,,,,,,,,,,,,,,,,,,,https://www.google.com/maps/search/?api=1&query=Riverside%20Elementary%20School&query_place_id=ChIJf3sRBtJb54YR3evuU4CE4wo,Elementary school
Ascarate Elementary School,,,7090 Alameda Ave,El Paso,Texas,US,,(915) 434-7400,Elementary school,School,,,,,,,,,,,,,,,,,,,,,,https://www.google.com/maps/search/?api=1&query=Ascarate%20Elementary%20School&query_place_id=ChIJcx2BmnVb54YRg3PugaWGsrk,Elementary school
Thomas Manor Elementary School,,,7900 Jersey St,El Paso,Texas,US,https://www.yisd.net/thomasmanor,(915) 434-7500,Elementary school,,,,,,,,,,,,,,,,,,,,,,,https://www.google.com/maps/search/?api=1&query=Thomas%20Manor%20Elementary%20School&query_place_id=ChIJXbx7EJhc54YR9p1KLd-Ttvg,Elementary school
William H. Burges High School,,,7800 Edgemere Blvd,El Paso,Texas,US,https://www.episd.org/burges,(915) 236-7200,High school,,,,,,,,,,,,,,,,,,,,,,,https://www.google.com/maps/search/?api=1&query=William%20H.%20Burges%20High%20School&query_place_id=ChIJI8g-ffxa54YRPzDhH9bVgBE,High school
El Paso Leadership Academy,,,1918 Texas Ave,El Paso,Texas,US,http://www.epleadershipacademy.org/,(915) 298-3900,Middle school,,,,,,,,,,,,,,,,,,,,,,,https://www.google.com/maps/search/?api=1&query=El%20Paso%20Leadership%20Academy&query_place_id=ChIJSVQdvKBZ54YRj3_ruZdBqGg,Middle school
Academic Opportunities Academy,,,817 E Missouri Ave,El Paso,Texas,US,,,Private educational institution,After school program,Elementary school,High school,Learning center,Middle school,Tutoring service,,,,,,,,,,,,,,,,,https://www.google.com/maps/search/?api=1&query=Academic%20Opportunities%20Academy&query_place_id=ChIJhc618wBZ54YRIwp1II8VTvo,Private educational institution
Mesita ECDC At Vilas,,,220 Lawton Dr,El Paso,Texas,US,https://www.episd.org/o/meses/page/mesita-ecdc,(915) 236-6865,Elementary school,Kindergarten,Middle school,,,,,,,,,,,,,,,,,,,,,https://www.google.com/maps/search/?api=1&query=Mesita%20ECDC%20At%20Vilas&query_place_id=ChIJXTnybPdY54YRCK1NmtLcieY,Elementary school
Raymond Telles Academy,,,2851 Grant Ave,El Paso,Texas,US,http://episd.org/,(915) 236-7800,High school,Middle school,,,,,,,,,,,,,,,,,,,,,,https://www.google.com/maps/search/?api=1&query=Raymond%20Telles%20Academy&query_place_id=ChIJ4X-iBf5Z54YR8IN4_YS6DxY,High school
EOTP LLC -Simulation LAB,,,1701 Bassett Ave Suite #112,El Paso,Texas,US,https://www.eotp911.com/,(915) 241-1911,Adult education school,,,,,,,,,,,,,,,,,,,,,,,https://www.google.com/maps/search/?api=1&query=EOTP%20LLC%20-Simulation%20LAB&query_place_id=ChIJIfS5MWdZ54YRVe4XsGOjhOc,Adult education school
Wiggs Middle School,,,1300 Circle Dr,El Paso,Texas,US,http://wiggs.episd.org/,(915) 236-3600,Middle school,,,,,,,,,,,,,,,,,,,,,,,https://www.google.com/maps/search/?api=1&query=Wiggs%20Middle%20School&query_place_id=ChIJ16cdM82lToYRaoEOy0utYGw,Middle school
Paul L. Foster School of Medicine,4.5,44,5001 El Paso Dr,El Paso,Texas,US,https://ttuhscep.edu/som/,(915) 215-4360,University,,,,,,,,,,,,,,,,,,,,,,,https://www.google.com/maps/search/?api=1&query=Paul%20L.%20Foster%20School%20of%20Medicine&query_place_id=ChIJt2Tf-dJb54YReNrp3IXkss4,University
UTEP Professional and Public Programs,,,101 W Robinson Ave,El Paso,Texas,US,https://www.utep.edu/extendeduniversity/professional-and-public-programs/,(915) 747-5142,University,,,,,,,,,,,,,,,,,,,,,,,https://www.google.com/maps/search/?api=1&query=UTEP%20Professional%20and%20Public%20Programs&query_place_id=ChIJ_SyRg-RZ54YRQD8p2Y-TqKI,University
El Paso Independent School District,3.4,20,1100 N Stanton St,El Paso,Texas,US,https://www.episd.org/,(915) 230-2000,School district office,,,,,,,,,,,,,,,,,,,,,,,https://www.google.com/maps/search/?api=1&query=El%20Paso%20Independent%20School%20District&query_place_id=ChIJTYr_qXxZ54YRx-Gyy5PFzEs,School district office
Delta Academy,,,6400 Delta Dr,El Paso,Texas,US,https://www.episd.org/delta,(915) 774-0447,High school,Middle school,,,,,,,,,,,,,,,,,,,,,,https://www.google.com/maps/search/?api=1&query=Delta%20Academy&query_place_id=ChIJcxEObbxb54YRFibsAk9iRrg,High school
"TTUHSCEP IA Department, Institutional Advancement Department",,,222 Rick Francis St,El Paso,Texas,US,,,University,,,,,,,,,,,,,,,,,,,,,,,https://www.google.com/maps/search/?api=1&query=TTUHSCEP%20IA%20Department%2C%20Institutional%20Advancement%20Department&query_place_id=ChIJY3-8tG1b54YRrp0J1A0GTuM,University
Texas Alcohol Education Services,,,7501 Lockheed Dr,El Paso,Texas,US,,(915) 204-4045,Educational institution,,,,,,,,,,,,,,,,,,,,,,,https://www.google.com/maps/search/?api=1&query=Texas%20Alcohol%20Education%20Services&query_place_id=ChIJS80n2Pla54YRq7kOabE9HZo,Educational institution
Sound Word Worship Center,,,4026 N Mesa St,El Paso,Texas,US,https://soundwordworshipcenter.com/,(915) 307-6983,Church,Christian church,Place of worship,Religious organization,,,,,,,,,,,,,,,,,,,,https://www.google.com/maps/search/?api=1&query=Sound%20Word%20Worship%20Center&query_place_id=ChIJAQAAfAX43YYRr4qZhFphsZA,Church
The Potter's House Christian Fellowship Church,4.9,57,5001 Montana Ave,El Paso,Texas,US,,(915) 205-8756,Christian church,,,,,,,,,,,,,,,,,,,,,,,https://www.google.com/maps/search/?api=1&query=The%20Potter's%20House%20Christian%20Fellowship%20Church&query_place_id=ChIJrzYdNWZb54YR_RmOQIUAoD0,Christian church
Grace Christian Center,4.5,51,820 N Raynor St,El Paso,Texas,US,,(915) 544-7400,Church,,,,,,,,,,,,,,,,,,,,,,,https://www.google.com/maps/search/?api=1&query=Grace%20Christian%20Center&query_place_id=ChIJpQXSQtVb54YROoCIUzs7bc0,Church
World Victory Center,5,9,3224 Fort Blvd,El Paso,Texas,US,https://www.worldvictorycenter.org/,,Christian church,,,,,,,,,,,,,,,,,,,,,,,https://www.google.com/maps/search/?api=1&query=World%20Victory%20Center&query_place_id=ChIJESzkEC5Z54YRXnPIaAYiKDU,Christian church
Cross of Grace Church,4.4,55,4700 Leeds Ave,El Paso,Texas,US,http://www.crossofgrace.net/,(915) 562-7100,Church,,,,,,,,,,,,,,,,,,,,,,,https://www.google.com/maps/search/?api=1&query=Cross%20of%20Grace%20Church&query_place_id=ChIJn9DDqxha54YRBu10WjoFkwA,Church
Bethel International Pentacostal Fellowship Inc.,4.9,13,4332 E Missouri Ave,El Paso,Texas,US,,(915) 566-6437,Church,,,,,,,,,,,,,,,,,,,,,,,https://www.google.com/maps/search/?api=1&query=Bethel%20International%20Pentacostal%20Fellowship%20Inc.&query_place_id=ChIJYXyg8yla54YRFolrgkzWQi0,Church
Old Paths Christian Church,4.7,15,3501 Morehead Ave,El Paso,Texas,US,,(915) 478-9417,Church,,,,,,,,,,,,,,,,,,,,,,,https://www.google.com/maps/search/?api=1&query=Old%20Paths%20Christian%20Church&query_place_id=ChIJvwwu0vpZ54YR-6cf_WnOm3E,Church
Church of St. Clement,4.6,55,810 N Campbell St,El Paso,Texas,US,http://www.stclements.com/,(915) 533-4915,Anglican church,Catholic church,,,,,,,,,,,,,,,,,,,,,,https://www.google.com/maps/search/?api=1&query=Church%20of%20St.%20Clement&query_place_id=ChIJ9yRf1v9Y54YRiJeGKdPS0Hg,Anglican church
Unity El Paso,4.7,33,1420 Alabama St,El Paso,Texas,US,http://www.unityelpaso.org/,(915) 566-5544,Unity church,,,,,,,,,,,,,,,,,,,,,,,https://www.google.com/maps/search/?api=1&query=Unity%20El%20Paso&query_place_id=ChIJkSqlOb5Z54YRK0wwS1e95XE,Unity church
The Church In El Paso - Central District,5,3,1401 Montana Ave,El Paso,Texas,US,,,Christian church,,,,,,,,,,,,,,,,,,,,,,,https://www.google.com/maps/search/?api=1&query=The%20Church%20In%20El%20Paso%20-%20Central%20District&query_place_id=ChIJv7UVTqBZ54YRymc7ks4FsFk,Christian church
New Beginning,4.7,3,3000 Fort Blvd,El Paso,Texas,US,https://www.facebook.com/nuevocomienzoep?mibextid=ZbWKwL,,Church,,,,,,,,,,,,,,,,,,,,,,,https://www.google.com/maps/search/?api=1&query=New%20Beginning&query_place_id=ChIJjcZeNw9Z54YRyvIlj3dRl20,Church
TruChurch Calvary Chapel,5,1,1501 Sun Bowl Dr,El Paso,Texas,US,https://www.truchurchep.org/,(915) 224-0077,Christian church,,,,,,,,,,,,,,,,,,,,,,,https://www.google.com/maps/search/?api=1&query=TruChurch%20Calvary%20Chapel&query_place_id=ChIJx5k00QT53YYRfm0uL9DNqVU,Christian church
El Paso Holiness Church,5,1,,El Paso,Texas,US,,,Church,,,,,,,,,,,,,,,,,,,,,,,https://www.google.com/maps/search/?api=1&query=El%20Paso%20Holiness%20Church&query_place_id=ChIJ2_IESu5Z54YR_LhbhF0AiTc,Church
Sun City Church,5,7,2800 San Diego Ave,El Paso,Texas,US,http://suncityep.com/,,Church,,,,,,,,,,,,,,,,,,,,,,,https://www.google.com/maps/search/?api=1&query=Sun%20City%20Church&query_place_id=ChIJVXmEm2BH54YRoD5Y2PVppME,Church
Enough Grace Ministry,5,1,4600 La Luz Ave,El Paso,Texas,US,,(915) 494-0720,Church,,,,,,,,,,,,,,,,,,,,,,,https://www.google.com/maps/search/?api=1&query=Enough%20Grace%20Ministry&query_place_id=ChIJ7zm_WO9b54YRjVR9NsFOvGM,Church
Congregacion Amor De Dios,4.8,17,1620 Myrtle Ave,El Paso,Texas,US,https://congregacionamordedios.org/,(915) 532-2311,Church,,,,,,,,,,,,,,,,,,,,,,,https://www.google.com/maps/search/?api=1&query=Congregacion%20Amor%20De%20Dios&query_place_id=ChIJGz-OvwlZ54YR1g_rUWQmhdA,Church
El Paso Church of God,4.8,6,2400 Federal Ave,El Paso,Texas,US,http://www.churchofgod.org/,(516) 909-8152,Church,,,,,,,,,,,,,,,,,,,,,,,https://www.google.com/maps/search/?api=1&query=El%20Paso%20Church%20of%20God&query_place_id=ChIJj0DrXb9Z54YRTf3GY9L1Kzw,Church
Faith Tabernacle Church,4.8,13,3927 Bliss Ave,El Paso,Texas,US,,(915) 303-0377,Church,,,,,,,,,,,,,,,,,,,,,,,https://www.google.com/maps/search/?api=1&query=Faith%20Tabernacle%20Church&query_place_id=ChIJAzyeQYlZ54YRh6AbR6LE5Lo,Church
Templo Bethel Del Cladic,4.5,8,244 S Glenwood St,El Paso,Texas,US,,(915) 772-4163,Church,,,,,,,,,,,,,,,,,,,,,,,https://www.google.com/maps/search/?api=1&query=Templo%20Bethel%20Del%20Cladic&query_place_id=ChIJVcT598Zb54YRllPfHPQcU7w,Church
Paul Moreno Elementary School,,,2300 San Diego Ave,El Paso,Texas,US,https://www.episd.org/o/moes,(915) 236-0400,Elementary school,,,,,,,,,,,,,,,,,,,,,,,https://www.google.com/maps/search/?api=1&query=Paul%20Moreno%20Elementary%20School&query_place_id=ChIJsw2UN7lZ54YROBH_abeYoB8,Elementary school
MacArthur Elementary-Intermediate School,,,8101 Whitus Dr,El Paso,Texas,US,https://www.episd.org/macarthur,(915) 236-0625,Elementary school,Kindergarten,Middle school,Preschool,,,,,,,,,,,,,,,,,,,,https://www.google.com/maps/search/?api=1&query=MacArthur%20Elementary-Intermediate%20School&query_place_id=ChIJ4dgNd-Ja54YRGL77l6UBL_E,Elementary school
Rusk Elementary School,,,3601 N Copia St,El Paso,Texas,US,https://www.episd.org/rusk,(915) 236-0475,Elementary school,Kindergarten,Preschool,,,,,,,,,,,,,,,,,,,,,https://www.google.com/maps/search/?api=1&query=Rusk%20Elementary%20School&query_place_id=ChIJWcoEwORZ54YRv-dzUxYLFgU,Elementary school
Coldwell Elementary School,,,4101 Altura Ave,El Paso,Texas,US,https://www.episd.org/coldwell,(915) 236-8525,Elementary school,School,,,,,,,,,,,,,,,,,,,,,,https://www.google.com/maps/search/?api=1&query=Coldwell%20Elementary%20School&query_place_id=ChIJyTg61YpZ54YR4M-Fl-OO_mQ,Elementary school
Riverside High School,,,301 Midway Dr,El Paso,Texas,US,https://www.yisd.net/riversidehigh,(915) 434-7000,High school,,,,,,,,,,,,,,,,,,,,,,,https://www.google.com/maps/search/?api=1&query=Riverside%20High%20School&query_place_id=ChIJgcU6YJ9c54YRtRw8p9Mqahg,High school
Thomas Jefferson High School,,,4700 Alameda Ave,El Paso,Texas,US,http://jefferson.episd.org/,(915) 236-7400,High school,,,,,,,,,,,,,,,,,,,,,,,https://www.google.com/maps/search/?api=1&query=Thomas%20Jefferson%20High%20School&query_place_id=ChIJGQjCeNRb54YRPHpOmCngGHY,High school
Riverside Middle School,,,7615 Mimosa Ave,El Paso,Texas,US,https://www.yisd.net/riversidemiddle,(915) 434-7300,Middle school,,,,,,,,,,,,,,,,,,,,,,,https://www.google.com/maps/search/?api=1&query=Riverside%20Middle%20School&query_place_id=ChIJEctNS5xc54YRcqnouA2uPB4,Middle school
Zavala Elementary School,,,51 N Hammett St,El Paso,Texas,US,https://www.episd.org/zavala,(915) 236-0550,Elementary school,,,,,,,,,,,,,,,,,,,,,,,https://www.google.com/maps/search/?api=1&query=Zavala%20Elementary%20School&query_place_id=ChIJ_cNSJYJZ54YRHlaSll3eoBY,Elementary school
Cooley Elementary School,,,107 N Collingsworth St,El Paso,Texas,US,https://www.episd.org/cooley,(915) 236-8600,Elementary school,Kindergarten,Music school,,,,,,,,,,,,,,,,,,,,,https://www.google.com/maps/search/?api=1&query=Cooley%20Elementary%20School&query_place_id=ChIJ8WdW0Mlb54YRgMB9DHryB1k,Elementary school
Church of Pentecost (PIWC) El Paso Assembly,4.9,27,7505 Lockheed Dr,El Paso,Texas,US,http://church-assembly.jany.io/,(571) 373-7662,Church,,,,,,,,,,,,,,,,,,,,,,,https://www.google.com/maps/search/?api=1&query=Church%20of%20Pentecost%20(PIWC)%20El%20Paso%20Assembly&query_place_id=ChIJfep5IgJb54YRROUhWMuVFG8,Church
SOMOS Church,4.8,4,6440 Gtwy Blvd E B,El Paso,Texas,US,https://www.somoschurch.cc/,,Church,,,,,,,,,,,,,,,,,,,,,,,https://www.google.com/maps/search/?api=1&query=SOMOS%20Church&query_place_id=ChIJ88eVECNZ54YRgJ3ahVeJLLQ,Church
Horizon Christian Fellowship,4.4,30,1401 Hawkins Blvd,El Paso,Texas,US,http://www.horizonelp.org/,(915) 303-5155,Church,,,,,,,,,,,,,,,,,,,,,,,https://www.google.com/maps/search/?api=1&query=Horizon%20Christian%20Fellowship&query_place_id=ChIJYZdL6yhX54YRwZrJfVVpvmY,Church
Grandview Baptist Church,4.9,29,3331 Idalia Ave,El Paso,Texas,US,http://www.grandviewonline.info/,(915) 565-1419,Baptist church,Church,Food bank,Gym,Student dormitory,,,,,,,,,,,,,,,,,,,https://www.google.com/maps/search/?api=1&query=Grandview%20Baptist%20Church&query_place_id=ChIJkT__i-9Z54YRdc9hktqbKv8,Baptist church
TORIM CHURCH,5,7,6501 Boeing Dr suite i,El Paso,Texas,US,https://www.torimchurch.org/,(915) 342-6798,Christian church,,,,,,,,,,,,,,,,,,,,,,,https://www.google.com/maps/search/?api=1&query=TORIM%20CHURCH&query_place_id=ChIJe5tU0lta54YRx6skrraLgVQ,Christian church
Croom Kingdom Hall,4.9,13,168 Croom Rd,El Paso,Texas,US,,(915) 778-5421,Church,,,,,,,,,,,,,,,,,,,,,,,https://www.google.com/maps/search/?api=1&query=Croom%20Kingdom%20Hall&query_place_id=ChIJG2ufv3db54YRAkdLIJwoCRs,Church
Abundant Church,4.7,16,209 S El Paso St,El Paso,Texas,US,https://www.abundant.org/downtown,(915) 532-8543,Religious organization,,,,,,,,,,,,,,,,,,,,,,,https://www.google.com/maps/search/?api=1&query=Abundant%20Church&query_place_id=ChIJb2vRCgNZ54YRuYBnlz2IXyA,Religious organization
Centro,,,601 W Schuster Ave,El Paso,Texas,US,,,University,,,,,,,,,,,,,,,,,,,,,,,https://www.google.com/maps/search/?api=1&query=Centro&query_place_id=ChIJ6W1sYQBZ54YROO8Vw1BsDhU,University
Gayle Greve Hunt School of Nursing,4.1,19,200 Rick Francis St,El Paso,Texas,US,http://elpaso.ttuhsc.edu/son,(915) 215-6100,University,,,,,,,,,,,,,,,,,,,,,,,https://www.google.com/maps/search/?api=1&query=Gayle%20Greve%20Hunt%20School%20of%20Nursing&query_place_id=ChIJW9Z949Jb54YRc1fGCocWj70,University
EPCC Advanced Technology Center,4.9,7,919 Hunter Dr,El Paso,Texas,US,http://epcc.edu/Academics/AdvancedTechnologyCenter,(915) 831-2350,Technical school,School,,,,,,,,,,,,,,,,,,,,,,https://www.google.com/maps/search/?api=1&query=EPCC%20Advanced%20Technology%20Center&query_place_id=ChIJreVsh2lb54YRyMVCs9lqqTY,Technical school
Miles Building,5,1,301 Rick Francis St,El Paso,Texas,US,,,University,,,,,,,,,,,,,,,,,,,,,,,https://www.google.com/maps/search/?api=1&query=Miles%20Building&query_place_id=ChIJlWMlunRb54YRU4zT9weVHnw,University
Rio Poderoso Ministries,4.7,20,7028 Alameda Ave,El Paso,Texas,US,http://www.rpm.church/,(915) 317-6521,Christian church,,,,,,,,,,,,,,,,,,,,,,,https://www.google.com/maps/search/?api=1&query=Rio%20Poderoso%20Ministries&query_place_id=ChIJe8r6MDBa54YRvW59HvWo2B4,Christian church
Encuentro Con Dios Church,4.9,14,7830 Knights Dr,El Paso,Texas,US,,(915) 772-7911,Church,,,,,,,,,,,,,,,,,,,,,,,https://www.google.com/maps/search/?api=1&query=Encuentro%20Con%20Dios%20Church&query_place_id=ChIJ3Xgz3Zlc54YRRE74D0fgdTI,Church
El Paso Grace Chinese Baptist Church,5,15,1000 Montana Ave,El Paso,Texas,US,https://www.epgcbc.org/,(915) 383-4858,Baptist church,Church,,,,,,,,,,,,,,,,,,,,,,https://www.google.com/maps/search/?api=1&query=El%20Paso%20Grace%20Chinese%20Baptist%20Church&query_place_id=ChIJ43qZY6pZ54YRVKsdrT-Hchg,Baptist church
Tierra FIRME,4.6,7,2819 N Copia St,El Paso,Texas,US,https://www.tierrafirmechurch.org/,(915) 920-7456,Christian church,,,,,,,,,,,,,,,,,,,,,,,https://www.google.com/maps/search/?api=1&query=Tierra%20FIRME&query_place_id=ChIJi7u0te9Z54YRYHvtt9ocggE,Christian church
Saint Patrick Multipurpose Center,5,1,1167 N Stanton St,El Paso,Texas,US,,,Church,,,,,,,,,,,,,,,,,,,,,,,https://www.google.com/maps/search/?api=1&query=Saint%20Patrick%20Multipurpose%20Center&query_place_id=ChIJR8pn91VY54YR_90dPmqG-Co,Church
Templo Jerusalem,5,2,4300 Yandell Dr,El Paso,Texas,US,,,Christian church,,,,,,,,,,,,,,,,,,,,,,,https://www.google.com/maps/search/?api=1&query=Templo%20Jerusalem&query_place_id=ChIJ_x04nkJb54YRv3P83nFqJxo,Christian church
Immanuel Church,4.6,49,1201 Hawkins Blvd,El Paso,Texas,US,http://myimmanuelchurch.com/,(915) 772-7461,Church,,,,,,,,,,,,,,,,,,,,,,,https://www.google.com/maps/search/?api=1&query=Immanuel%20Church&query_place_id=ChIJ3-h1Sxlb54YRKpDcL1yUEAE,Church
First Baptist Church,4.7,130,805 Montana Ave,El Paso,Texas,US,http://www.fbcep.com/,(915) 533-1465,Baptist church,,,,,,,,,,,,,,,,,,,,,,,https://www.google.com/maps/search/?api=1&query=First%20Baptist%20Church&query_place_id=ChIJpT8OvapZ54YRFRWTiapgEt0,Baptist church
Santa Teresita Mission,4.6,31,3401 Zapal Ave,El Paso,Texas,US,,(915) 584-6412,Catholic church,Church,,,,,,,,,,,,,,,,,,,,,,https://www.google.com/maps/search/?api=1&query=Santa%20Teresita%20Mission&query_place_id=ChIJD5S8_QD43YYRCXycAg0lC2c,Catholic church
Nuevo Amanecer Church,4,13,6500 Boeing Dr,El Paso,Texas,US,https://www.facebook.com/nuevoamanecer.church.3?mibextid=LQQJ4dp,(915) 778-1119,Church,,,,,,,,,,,,,,,,,,,,,,,https://www.google.com/maps/search/?api=1&query=Nuevo%20Amanecer%20Church&query_place_id=ChIJlYERJ1pa54YRLErWhFh69BI,Church
The Church of Jesus Christ of Latter-day Saints,4.8,75,3625 Douglas Ave,El Paso,Texas,US,https://local.churchofjesuschrist.org/en/us/tx/el-paso/3625-douglas-avenue?utm_source=gmb&utm_medium=yext&y_source=1_NjcwODIwNjItNzE1LWxvY2F0aW9uLndlYnNpdGU%3D,(626) 280-1355,Christian church,Church of Jesus Christ of Latter-day Saints,Religious organization,,,,,,,,,,,,,,,,,,,,,https://www.google.com/maps/search/?api=1&query=The%20Church%20of%20Jesus%20Christ%20of%20Latter-day%20Saints&query_place_id=ChIJw6NS2Y1Z54YRQnfKdj10eLE,Christian church
Comunidad de Dios,5,2,6596 Montana Ave # H,El Paso,Texas,US,,,Church,,,,,,,,,,,,,,,,,,,,,,,https://www.google.com/maps/search/?api=1&query=Comunidad%20de%20Dios&query_place_id=ChIJKWY8gmlb54YRa6kHkdsxz7k,Church
Trinity-First United Methodist,4.7,29,801 N Mesa St,El Paso,Texas,US,http://www.trinity-first.org/,(915) 533-2674,United Methodist church,,,,,,,,,,,,,,,,,,,,,,,https://www.google.com/maps/search/?api=1&query=Trinity-First%20United%20Methodist&query_place_id=ChIJTVrX4v5Y54YRiOr7uKEVPuU,United Methodist church
Sol de Justicia Evangelical Church,5,1,4512 Montana Ave,El Paso,Texas,US,https://ministerio-jesuseselcamino-soldejusticia.my.canva.site/ministerio-jesus-es-el-camino-jeec-sdj,,Evangelical church,,,,,,,,,,,,,,,,,,,,,,,https://www.google.com/maps/search/?api=1&query=Sol%20de%20Justicia%20Evangelical%20Church&query_place_id=ChIJEwZpFQBb54YRXyXmd1kewJw,Evangelical church
Centro Nueva Vida Camino De Santidad,5,6,200 Poplar St,El Paso,Texas,US,https://m.facebook.com/iglesiacaminodesantidadep/,(915) 691-9102,Church,,,,,,,,,,,,,,,,,,,,,,,https://www.google.com/maps/search/?api=1&query=Centro%20Nueva%20Vida%20Camino%20De%20Santidad&query_place_id=ChIJjSI_XZ9Z54YRcb1d3pG6saY,Church
El Paso Monthly Meeting,5,3,3501 Hueco Ave,El Paso,Texas,US,https://americatopbusi.top/details/el-paso-monthly-meeting-ChIJX3u,(915) 546-5651,Church,,,,,,,,,,,,,,,,,,,,,,,https://www.google.com/maps/search/?api=1&query=El%20Paso%20Monthly%20Meeting&query_place_id=ChIJX3uCKY5Z54YR-L1Ikgdaxes,Church
Uncion Celestial,5,2,3704 Alameda Ave,El Paso,Texas,US,,,Church,,,,,,,,,,,,,,,,,,,,,,,https://www.google.com/maps/search/?api=1&query=Uncion%20Celestial&query_place_id=ChIJJfIVYIJZ54YRIyl3Y7LTDHg,Church
Del Sol Church Centro,4.7,13,2117 Magoffin Ave,El Paso,Texas,US,http://www.delsolchurch.com/,(915) 855-3798,Church,Christian church,,,,,,,,,,,,,,,,,,,,,,https://www.google.com/maps/search/?api=1&query=Del%20Sol%20Church%20Centro&query_place_id=ChIJZQFGBqBZ54YRmMg0OkYMAE0,Church
All Saints Catholic Church,4.8,37,1415 Dakota St,El Paso,Texas,US,http://www.allsaintselpaso.org/,(915) 566-9711,Catholic church,,,,,,,,,,,,,,,,,,,,,,,https://www.google.com/maps/search/?api=1&query=All%20Saints%20Catholic%20Church&query_place_id=ChIJpx7l2b5Z54YR2IOToiwzH1U,Catholic church
I.C.P. Spanish Assemblies of God,4.3,6,3325 N Copia St,El Paso,Texas,US,https://www.facebook.com/ICP-Assembly-of-God-1786939881630008/,,Assemblies of God church,,,,,,,,,,,,,,,,,,,,,,,https://www.google.com/maps/search/?api=1&query=I.C.P.%20Spanish%20Assemblies%20of%20God&query_place_id=ChIJDVthF-VZ54YRN_7JJ74V4R4,Assemblies of God church
Futuro,5,7,3799 Frutas Ave,El Paso,Texas,US,http://www.instagram.com/futuro.ep,(915) 730-5085,Church,,,,,,,,,,,,,,,,,,,,,,,https://www.google.com/maps/search/?api=1&query=Futuro&query_place_id=ChIJq-SwTwBZ54YRSIoFR7YfjvA,Church
Our Lady of the Light Church,4.7,101,4700 Delta Dr,El Paso,Texas,US,,(915) 532-1757,Catholic church,,,,,,,,,,,,,,,,,,,,,,,https://www.google.com/maps/search/?api=1&query=Our%20Lady%20of%20the%20Light%20Church&query_place_id=ChIJLx8AJtpb54YR51MlVaBRnp0,Catholic church
Greater Mt. Calvary Church of God in Christ,5,3,7163 Dale Rd,El Paso,Texas,US,,(915) 779-1777,Church,,,,,,,,,,,,,,,,,,,,,,,https://www.google.com/maps/search/?api=1&query=Greater%20Mt.%20Calvary%20Church%20of%20God%20in%20Christ&query_place_id=ChIJq8mMA3Nb54YRMqW8lQvffNU,Church
Heart For the World Ministries,,,2118 Grant Ave,El Paso,Texas,US,,(915) 532-2023,Church,,,,,,,,,,,,,,,,,,,,,,,https://www.google.com/maps/search/?api=1&query=Heart%20For%20the%20World%20Ministries&query_place_id=ChIJi0CijKRZ54YR1DWk457txwU,Church
Holy Ghost Powered Ministries,,,1500 Magruder St Apt 403G,El Paso,Texas,US,https://holyghostpoweredministries.com/,(915) 888-6356,Church,,,,,,,,,,,,,,,,,,,,,,,https://www.google.com/maps/search/?api=1&query=Holy%20Ghost%20Powered%20Ministries&query_place_id=ChIJaemv0_Jb54YR9Gx5wR6p8xc,Church
MONTE HEBRON,5,1,1714 Yandell Dr C,El Paso,Texas,US,,,Christian church,,,,,,,,,,,,,,,,,,,,,,,https://www.google.com/maps/search/?api=1&query=MONTE%20HEBRON&query_place_id=ChIJU8j9EKZZ54YRImkdcvi3LSI,Christian church
Lakeside Baptist Church,4,3,265 George Orr Rd,El Paso,Texas,US,,,Church,,,,,,,,,,,,,,,,,,,,,,,https://www.google.com/maps/search/?api=1&query=Lakeside%20Baptist%20Church&query_place_id=ChIJ25fYp-5b54YRRrA4zzCJX6A,Church
St. Joseph Catholic Church,4.7,140,3729 Hueco Ave,El Paso,Texas,US,https://kofc638.weebly.com/st-josephs-church.html,(915) 566-9396,Catholic church,,,,,,,,,,,,,,,,,,,,,,,https://www.google.com/maps/search/?api=1&query=St.%20Joseph%20Catholic%20Church&query_place_id=ChIJa89Wk45Z54YRbcEMMAtdar0,Catholic church
Called-Out Christian Ministries ( COCM) El Paso,4.4,7,1317 E Missouri Ave,El Paso,Texas,US,https://www.calledoutchristianministries.org/,(915) 355-1390,Gospel church,Religious institution,,,,,,,,,,,,,,,,,,,,,,https://www.google.com/maps/search/?api=1&query=Called-Out%20Christian%20Ministries%20(%20COCM)%20El%20Paso&query_place_id=ChIJzZqyzKlZ54YRAwC56tkcLdI,Gospel church
St. Paul's United Methodist Church,4.6,40,7000 Edgemere Blvd,El Paso,Texas,US,http://stpaulschurchelpaso.org/,(915) 772-2734,United Methodist church,,,,,,,,,,,,,,,,,,,,,,,https://www.google.com/maps/search/?api=1&query=St.%20Paul's%20United%20Methodist%20Church&query_place_id=ChIJrfJmIf9a54YR1-kp6EYJXoQ,United Methodist church
Jesus & Mary Roman Catholic Chapel,4.8,56,1401 W Yandell Dr,El Paso,Texas,US,http://jesusandmarychapel.weebly.com/,(915) 544-7385,Church,,,,,,,,,,,,,,,,,,,,,,,https://www.google.com/maps/search/?api=1&query=Jesus%20%26%20Mary%20Roman%20Catholic%20Chapel&query_place_id=ChIJD2YMW_ZY54YRtWYparXIoos,Church
La Fe Preparatory School,,,616 E Father Rahm Ave,El Paso,Texas,US,https://lafeprep105644166.wordpress.com/,(915) 533-3922,Preparatory school,Middle school,,,,,,,,,,,,,,,,,,,,,,https://www.google.com/maps/search/?api=1&query=La%20Fe%20Preparatory%20School&query_place_id=ChIJE3RcfhxZ54YRweNh7YIqJTk,Preparatory school
Father Yermo Schools Pre-k to 12th,,,237 Tobin Pl,El Paso,Texas,US,https://www.fatheryermoelpaso.org/,(915) 533-4693,Elementary school,High school,Private educational institution,,,,,,,,,,,,,,,,,,,,,https://www.google.com/maps/search/?api=1&query=Father%20Yermo%20Schools%20Pre-k%20to%2012th&query_place_id=ChIJaYFEldVb54YRTem6la2yk9A,Elementary school
Silva Magnet High School,,,121 Val Verde St EPISD,El Paso,Texas,US,http://silva.episd.org/,(915) 236-7600,High school,Public educational institution,,,,,,,,,,,,,,,,,,,,,,https://www.google.com/maps/search/?api=1&query=Silva%20Magnet%20High%20School&query_place_id=ChIJHZCZxNNb54YRtnh4s2eZRG0,High school
Coach Wally Hartley School PK-8,,,6201 Hughey Dr,El Paso,Texas,US,https://www.episd.org/hartley,(915) 236-0800,Middle school,Primary school,,,,,,,,,,,,,,,,,,,,,,https://www.google.com/maps/search/?api=1&query=Coach%20Wally%20Hartley%20School%20PK-8&query_place_id=ChIJddnXXuVb54YRIFRE79mYkbQ,Middle school
Triumph Public High School - El Paso West,,,711 N Mesa St,El Paso,Texas,US,https://www.triumphpublicschools.org/,(915) 532-7216,High school,Charter school,Public educational institution,,,,,,,,,,,,,,,,,,,,,https://www.google.com/maps/search/?api=1&query=Triumph%20Public%20High%20School%20-%20El%20Paso%20West&query_place_id=ChIJVaQPtPhZ54YRaNNKyulKMMg,High school
Immanuel Christian School,,,1201 Hawkins Blvd,El Paso,Texas,US,http://www.immanuelwarriors.org/,(915) 778-6160,Private educational institution,Day care center,Elementary school,High school,Kindergarten,Preschool,Summer camp organizer,,,,,,,,,,,,,,,,,https://www.google.com/maps/search/?api=1&query=Immanuel%20Christian%20School&query_place_id=ChIJ3-h1Sxlb54YRToSyJnVrB3E,Private educational institution
St. Pius X School,,,1007 Geronimo Dr,El Paso,Texas,US,http://elpasostpiusx.org/,(915) 262-4846,Catholic school,High school,Private educational institution,School,,,,,,,,,,,,,,,,,,,,https://www.google.com/maps/search/?api=1&query=St.%20Pius%20X%20School&query_place_id=ChIJnRcbME1a54YRdSz3P8QZEYs,Catholic school
James Pinckney Henderson Middle School,,,5505 Robert Alva Ave,El Paso,Texas,US,,(915) 236-0700,Middle school,,,,,,,,,,,,,,,,,,,,,,,https://www.google.com/maps/search/?api=1&query=James%20Pinckney%20Henderson%20Middle%20School&query_place_id=ChIJVwG8Y8Vb54YR3RXA-puRK5M,Middle school
San Juan School,,,,El Paso,Texas,US,,,General education school,,,,,,,,,,,,,,,,,,,,,,,https://www.google.com/maps/search/?api=1&query=San%20Juan%20School&query_place_id=ChIJCZD9PTVa54YRF10oeabKMwc,General education school
First Presbyterian School - Preschool (1 yr - Pre-K),,,1340 Murchison Dr,El Paso,Texas,US,http://firstpresbyterianpreschool.com/,(915) 532-6157,Private educational institution,,,,,,,,,,,,,,,,,,,,,,,https://www.google.com/maps/search/?api=1&query=First%20Presbyterian%20School%20-%20Preschool%20(1%20yr%20-%20Pre-K)&query_place_id=ChIJoSEPCc1Z54YRAPZD0Kx7Upo,Private educational institution
Young Women's Academy,,,2231 Arizona Ave,El Paso,Texas,US,https://www.episd.org/o/ywa,(915) 236-4800,High school,Middle school,Public educational institution,,,,,,,,,,,,,,,,,,,,,https://www.google.com/maps/search/?api=1&query=Young%20Women's%20Academy&query_place_id=ChIJx1kdnrxZ54YRUGHXVXJLsvQ,High school
Carl Hertzog Building,5,1,,El Paso,Texas,US,,,Educational institution,,,,,,,,,,,,,,,,,,,,,,,https://www.google.com/maps/search/?api=1&query=Carl%20Hertzog%20Building&query_place_id=ChIJgaLKzVhY54YRaTzuVMBe9aM,Educational institution
Prospect Hall,3.5,4,601 Circle Dr,El Paso,Texas,US,,,Educational institution,,,,,,,,,,,,,,,,,,,,,,,https://www.google.com/maps/search/?api=1&query=Prospect%20Hall&query_place_id=ChIJp-Dqa1xY54YRJlKSoD69H1E,Educational institution
Riverside Culinary Arts,,,300 Vocational Dr,El Paso,Texas,US,,,High school,,,,,,,,,,,,,,,,,,,,,,,https://www.google.com/maps/search/?api=1&query=Riverside%20Culinary%20Arts&query_place_id=ChIJQ5cAVABd54YRcvBzFi5MmGY,High school
Young Women’s STEAM Research & Preparatory Academy,,,2231 Arizona Ave,El Paso,Texas,US,https://www.episd.org/steamacademy,(915) 236-4800,High school,,,,,,,,,,,,,,,,,,,,,,,https://www.google.com/maps/search/?api=1&query=Young%20Women%E2%80%99s%20STEAM%20Research%20%26%20Preparatory%20Academy&query_place_id=ChIJ5ehRIbtZ54YRSrTZqgDEH5o,High school
El Divino Redentor United,5,8,3131 Yandell Dr,El Paso,Texas,US,,(915) 565-2830,United Methodist church,Methodist church,,,,,,,,,,,,,,,,,,,,,,https://www.google.com/maps/search/?api=1&query=El%20Divino%20Redentor%20United&query_place_id=ChIJG5KlCZpZ54YRLigJqK7Qeno,United Methodist church
Manhattan Presbyterian Church,5,1,1201 N Piedras St,El Paso,Texas,US,,(915) 562-4757,Presbyterian church,,,,,,,,,,,,,,,,,,,,,,,https://www.google.com/maps/search/?api=1&query=Manhattan%20Presbyterian%20Church&query_place_id=ChIJ9caBcJZZ54YRfAX_koS_S0g,Presbyterian church
"The Church of Pentecost USA., El Paso District",,,7505 Lockheed Dr,El Paso,Texas,US,,(336) 926-3264,Pentecostal church,,,,,,,,,,,,,,,,,,,,,,,https://www.google.com/maps/search/?api=1&query=The%20Church%20of%20Pentecost%20USA.%2C%20El%20Paso%20District&query_place_id=ChIJm33wyQdb54YR2L2hMDo5xnk,Pentecostal church
Templo La Evangelica,5,6,519 S Ochoa St,El Paso,Texas,US,,(915) 315-3418,Church,,,,,,,,,,,,,,,,,,,,,,,https://www.google.com/maps/search/?api=1&query=Templo%20La%20Evangelica&query_place_id=ChIJL7SNahtZ54YRiuLwQkgboOg,Church
St Ignatius of Loyola Parish,4.7,216,408 Park St,El Paso,Texas,US,http://st-parish.poi.place/,(915) 532-9534,Church,,,,,,,,,,,,,,,,,,,,,,,https://www.google.com/maps/search/?api=1&query=St%20Ignatius%20of%20Loyola%20Parish&query_place_id=ChIJq-JA-A9Z54YRFNDLRBKTZyg,Church
Redeemed Church of God,5,2,6596 Montana Ave,El Paso,Texas,US,,(915) 775-1222,Church,,,,,,,,,,,,,,,,,,,,,,,https://www.google.com/maps/search/?api=1&query=Redeemed%20Church%20of%20God&query_place_id=ChIJ4QKdNlda54YROtu5aulDfOU,Church
Valley View Baptist Church,4.6,5,1500 Mescalero Dr,El Paso,Texas,US,,(915) 779-0131,Church,,,,,,,,,,,,,,,,,,,,,,,https://www.google.com/maps/search/?api=1&query=Valley%20View%20Baptist%20Church&query_place_id=ChIJ7Qx-p09a54YR2vAm_GCEMBQ,Church
Noble Street Mission,5,1,150 Noble St,El Paso,Texas,US,,(915) 332-4307,Church,,,,,,,,,,,,,,,,,,,,,,,https://www.google.com/maps/search/?api=1&query=Noble%20Street%20Mission&query_place_id=ChIJt7S309pZ54YRF_bfGNZso7E,Church
Centro Familiar El Calvario Asambleas de Dios,5,2,605 S Kansas St,El Paso,Texas,US,,,Assemblies of God church,,,,,,,,,,,,,,,,,,,,,,,https://www.google.com/maps/search/?api=1&query=Centro%20Familiar%20El%20Calvario%20Asambleas%20de%20Dios&query_place_id=ChIJJx9d8RxZ54YRHx7sidHV7jM,Assemblies of God church
Anglican Diocese of the Southwest,,,810 N Campbell St,El Paso,Texas,US,http://www.anglicansw.org/,(505) 312-8877,Church,,,,,,,,,,,,,,,,,,,,,,,https://www.google.com/maps/search/?api=1&query=Anglican%20Diocese%20of%20the%20Southwest&query_place_id=ChIJC-X1qSILIocRU6C1vSzRylM,Church
Saint Paul The Apostle Catholic Church,4.8,138,7424 Mimosa Ave,El Paso,Texas,US,https://www.parishesonline.com/organization/st-paul-the-apostle-church-79915,(915) 778-5304,Catholic church,,,,,,,,,,,,,,,,,,,,,,,https://www.google.com/maps/search/?api=1&query=Saint%20Paul%20The%20Apostle%20Catholic%20Church&query_place_id=ChIJFZbP43xb54YRrVN0QwdNsTI,Catholic church
Iglesia Luterana Cristo Rey,4.8,8,1010 Yandell Dr,El Paso,Texas,US,https://iglesiacristorey.wixsite.com/luterana,(915) 544-6545,Lutheran church,,,,,,,,,,,,,,,,,,,,,,,https://www.google.com/maps/search/?api=1&query=Iglesia%20Luterana%20Cristo%20Rey&query_place_id=ChIJGWhGdKpZ54YRhTerA8whPS4,Lutheran church
Mount Zion Baptist Church,4.9,29,3400 Wyoming Ave,El Paso,Texas,US,,(915) 566-2827,Baptist church,,,,,,,,,,,,,,,,,,,,,,,https://www.google.com/maps/search/?api=1&query=Mount%20Zion%20Baptist%20Church&query_place_id=ChIJuyzk6ZpZ54YRE1Sfp52j5MA,Baptist church
Transfiguration Mural,1,1,5690 Gateway Blvd W,El Paso,Texas,US,,(915) 342-4603,Church,,,,,,,,,,,,,,,,,,,,,,,https://www.google.com/maps/search/?api=1&query=Transfiguration%20Mural&query_place_id=ChIJ1VYZWDRa54YR-pZs6KZyFRY,Church
Beth El Bible Church,4.3,31,6440 Montana Ave,El Paso,Texas,US,http://www.bethelbible.org/,(915) 772-4330,Church,Evangelical church,,,,,,,,,,,,,,,,,,,,,,https://www.google.com/maps/search/?api=1&query=Beth%20El%20Bible%20Church&query_place_id=ChIJCV4gbFBa54YRT3uBD7WqhmU,Church
Salvacion,5,1,6210 Trowbridge Dr,El Paso,Texas,US,,(915) 920-8608,Church,,,,,,,,,,,,,,,,,,,,,,,https://www.google.com/maps/search/?api=1&query=Salvacion&query_place_id=ChIJoz618wRb54YRIgytrL_ions,Church
Our Lady of Guadalupe Church,4.7,373,2709 Alabama St,El Paso,Texas,US,https://olgelpaso.org/,(915) 562-4304,Catholic church,,,,,,,,,,,,,,,,,,,,,,,https://www.google.com/maps/search/?api=1&query=Our%20Lady%20of%20Guadalupe%20Church&query_place_id=ChIJH6Bj8MJZ54YRX7x_nNsb3g4,Catholic church
Iglesia del Nazareno Church,3.4,5,3430 Pera Ave,El Paso,Texas,US,,,Church,,,,,,,,,,,,,,,,,,,,,,,https://www.google.com/maps/search/?api=1&query=Iglesia%20del%20Nazareno%20Church&query_place_id=ChIJRzNMUp1Z54YRHIr9FwOegkk,Church
Jehovah-Rapha,,,1504 St Johns Dr,El Paso,Texas,US,,,Church,,,,,,,,,,,,,,,,,,,,,,,https://www.google.com/maps/search/?api=1&query=Jehovah-Rapha&query_place_id=ChIJ0SDNq-db54YRMRGUOiK0gyU,Church
ThornCrown Covenant Baptist Church,5,5,4712 Montana Ave,El Paso,Texas,US,https://www.thorncrowncovenant.church/,(915) 843-8088,Church,Baptist church,Reformed church,,,,,,,,,,,,,,,,,,,,,https://www.google.com/maps/search/?api=1&query=ThornCrown%20Covenant%20Baptist%20Church&query_place_id=ChIJqVTxNLlb54YR6EwA_ylK6bg,Church
Ministerios El shaddai Adrian Delgado,5,1,4005 Montana Ave,El Paso,Texas,US,,,Pentecostal church,,,,,,,,,,,,,,,,,,,,,,,https://www.google.com/maps/search/?api=1&query=Ministerios%20El%20shaddai%20Adrian%20Delgado&query_place_id=ChIJ9yKHVMlZ54YRXSWIF8hkRhM,Pentecostal church
Iglesia Universal De Jesuristo,5,2,3011 Alameda Ave,El Paso,Texas,US,,,Church of Christ,,,,,,,,,,,,,,,,,,,,,,,https://www.google.com/maps/search/?api=1&query=Iglesia%20Universal%20De%20Jesuristo&query_place_id=ChIJQ2bIi55Z54YRBCwkjS8vqQE,Church of Christ
Olga Roderick Middle School,,,,El Paso,Texas,US,,,Middle school,,,,,,,,,,,,,,,,,,,,,,,https://www.google.com/maps/search/?api=1&query=Olga%20Roderick%20Middle%20School&query_place_id=ChIJycnH4_9Y54YR0koaC4129nI,Middle school
El Paso Independent School District - Delta Operations Center,4,2,1905 Delta Dr,El Paso,Texas,US,https://www.episd.org/page/operations-support-services,(915) 230-2420,School district office,,,,,,,,,,,,,,,,,,,,,,,https://www.google.com/maps/search/?api=1&query=El%20Paso%20Independent%20School%20District%20-%20Delta%20Operations%20Center&query_place_id=ChIJ6-GP9cdZ54YRAPTx3JDRO7s,School district office
School,,,Glory Rd,El Paso,Texas,US,,,Educational institution,,,,,,,,,,,,,,,,,,,,,,,https://www.google.com/maps/search/?api=1&query=School&query_place_id=ChIJUYH_56BZ54YRIZ5eZmmuus8,Educational institution
Trinity-First Day School,,,801 N Mesa St,El Paso,Texas,US,https://www.trinity-first.org/day-school/,(915) 533-2674,Preschool,Day care center,Kindergarten,,,,,,,,,,,,,,,,,,,,,https://www.google.com/maps/search/?api=1&query=Trinity-First%20Day%20School&query_place_id=ChIJn-d8-_5Y54YR25F16TFv3og,Preschool
El Paso Independent School Dst,,,3200 Wheeling Ave,El Paso,Texas,US,https://www.episd.org/,(915) 566-0921,School district office,,,,,,,,,,,,,,,,,,,,,,,https://www.google.com/maps/search/?api=1&query=El%20Paso%20Independent%20School%20Dst&query_place_id=ChIJt7rC2ZJZ54YRecKlh5gsUF8,School district office
Language Plus,4.8,69,1301 N Oregon St #100,El Paso,Texas,US,https://languageplus.edu/,(915) 544-8600,Language school,English language school,Foreign languages program school,French language school,German language school,,,,,,,,,,,,,,,,,,,https://www.google.com/maps/search/?api=1&query=Language%20Plus&query_place_id=ChIJoZAdHhdY54YRIne-fkjOt-4,Language school
CDL. EP Texas Trucking School,4.5,201,5577 Alameda Ave,El Paso,Texas,US,https://eptexastruckingschoolllc.com/,(915) 702-0132,Truck driving school,Truck stop,,,,,,,,,,,,,,,,,,,,,,https://www.google.com/maps/search/?api=1&query=CDL.%20EP%20Texas%20Trucking%20School&query_place_id=ChIJUTp3r85b54YRIei6biKdqRU,Truck driving school
Roots School of Music,5,15,2326 Wyoming Ave,El Paso,Texas,US,https://www.eprootsmusicschool.com/,(915) 244-5106,Music school,,,,,,,,,,,,,,,,,,,,,,,https://www.google.com/maps/search/?api=1&query=Roots%20School%20of%20Music&query_place_id=ChIJ57e0q_RZ54YRhL5XejY9X7k,Music school
Ysleta Independent School District,4.5,2,7615 Mimosa Ave,El Paso,Texas,US,https://www.yisd.net/,(915) 434-7310,School district office,,,,,,,,,,,,,,,,,,,,,,,https://www.google.com/maps/search/?api=1&query=Ysleta%20Independent%20School%20District&query_place_id=ChIJEctNS5xc54YR0R_OectbIRw,School district office
School,,,919 N Oregon St,El Paso,Texas,US,,,General education school,,,,,,,,,,,,,,,,,,,,,,,https://www.google.com/maps/search/?api=1&query=School&query_place_id=ChIJO93uYABZ54YRWZMoCYyrqOs,General education school
Kelly Hall,4.2,13,2101 Sun Bowl Dr,El Paso,Texas,US,,,University,,,,,,,,,,,,,,,,,,,,,,,https://www.google.com/maps/search/?api=1&query=Kelly%20Hall&query_place_id=ChIJ89RV5VtY54YReflkGPgNoKU,University
"Delia Montes-Gallo Library, AEC Library",,,4800 Alberta Ave,El Paso,Texas,US,https://elpaso-ttuhsc.libguides.com/home,,University,,,,,,,,,,,,,,,,,,,,,,,https://www.google.com/maps/search/?api=1&query=Delia%20Montes-Gallo%20Library%2C%20AEC%20Library&query_place_id=ChIJ6w5CVylb54YR5LjkyEtsiMc,University
MSBII - Medical Sciences Buildings II,,,206 Raynolds St,El Paso,Texas,US,,,University,,,,,,,,,,,,,,,,,,,,,,,https://www.google.com/maps/search/?api=1&query=MSBII%20-%20Medical%20Sciences%20Buildings%20II&query_place_id=ChIJabfACOhb54YRoj1n0lhh1rg,University
Academy Of Real Estate,4.7,61,6500 Boeing Dr # L112,El Paso,Texas,US,http://academyofrealestate.org/,(915) 779-0096,Trade school,Real estate school,,,,,,,,,,,,,,,,,,,,,,https://www.google.com/maps/search/?api=1&query=Academy%20Of%20Real%20Estate&query_place_id=ChIJlYERJ1pa54YRZrYDovET3WU,Trade school
Jose H. Damian Elementary School,,,6300 Strahan Rd,El Paso,Texas,US,https://canutillojde.ss6.sharpschool.com/,(915) 877-6800,Elementary school,,,,,,,,,,,,,,,,,,,,,,,https://www.google.com/maps/search/?api=1&query=Jose%20H.%20Damian%20Elementary%20School&query_place_id=ChIJH1Pvnkr53YYRriNksD2R3tg,Elementary school
Thrive In Life Church,,,6455 Hiller St Suite A-18,El Paso,Texas,US,,(915) 328-6542,Christian church,,,,,,,,,,,,,,,,,,,,,,,https://www.google.com/maps/search/?api=1&query=Thrive%20In%20Life%20Church&query_place_id=ChIJj0pwOC1b54YRW5zJjwyJ9ls,Christian church
Immaculate Conception Catholic Church,4.9,142,118 N Campbell St,El Paso,Texas,US,https://www.fsspelpaso.com/,(915) 533-3427,Catholic church,,,,,,,,,,,,,,,,,,,,,,,https://www.google.com/maps/search/?api=1&query=Immaculate%20Conception%20Catholic%20Church&query_place_id=ChIJGyREowNZ54YR6SnnnyzmZNU,Catholic church
St. Pius X Catholic Church,4.7,296,1050 N Clark Dr,El Paso,Texas,US,https://stpiusxelpaso.org/,(915) 772-3226,Catholic church,,,,,,,,,,,,,,,,,,,,,,,https://www.google.com/maps/search/?api=1&query=St.%20Pius%20X%20Catholic%20Church&query_place_id=ChIJNVxHG01a54YRY1ZfB0Ub5aU,Catholic church
Garfield Church TXE001,,,205 Ange St,El Paso,Texas,US,,,Church,,,,,,,,,,,,,,,,,,,,,,,https://www.google.com/maps/search/?api=1&query=Garfield%20Church%20TXE001&query_place_id=ChIJC5nmaQFZ54YR_D1vbJ-pbFw,Church
El Divino Salvador Iglesia Presbiteriana,4.3,3,314 S Glenwood St,El Paso,Texas,US,,,Presbyterian church,,,,,,,,,,,,,,,,,,,,,,,https://www.google.com/maps/search/?api=1&query=El%20Divino%20Salvador%20Iglesia%20Presbiteriana&query_place_id=ChIJG6nD38Zb54YRDYRJVEIbfyY,Presbyterian church
First Mexican Baptist Church / Primera Iglesia Bautista,4.8,33,1212 N Stevens St,El Paso,Texas,US,https://www.pibmelpaso.org/,(915) 565-7047,Baptist church,,,,,,,,,,,,,,,,,,,,,,,https://www.google.com/maps/search/?api=1&query=First%20Mexican%20Baptist%20Church%20%2F%20Primera%20Iglesia%20Bautista&query_place_id=ChIJT3_l945Z54YRAdhWNiJRdVM,Baptist church
Iglesia Amistad Cristiana,4,5,1809 Yandell Dr,El Paso,Texas,US,https://www.facebook.com/amistacristianaept/,(915) 258-4389,Christian church,,,,,,,,,,,,,,,,,,,,,,,https://www.google.com/maps/search/?api=1&query=Iglesia%20Amistad%20Cristiana&query_place_id=ChIJeQF7daZZ54YRngfWN_PphPg,Christian church
Iglesia en N.E Rey de Gloria,5,2,4810 Pershing Dr,El Paso,Texas,US,,,Church,,,,,,,,,,,,,,,,,,,,,,,https://www.google.com/maps/search/?api=1&query=Iglesia%20en%20N.E%20Rey%20de%20Gloria&query_place_id=ChIJ_zqjsvVZ54YRypnQ8yRsXDs,Church
Iglesia Cristiana Pentecostés Movimiento Misionero Mundial,5,1,710 N Clark Dr B,El Paso,Texas,US,,,Christian church,,,,,,,,,,,,,,,,,,,,,,,https://www.google.com/maps/search/?api=1&query=Iglesia%20Cristiana%20Pentecost%C3%A9s%20Movimiento%20Misionero%20Mundial&query_place_id=ChIJB_wE3rRb54YRXrPiE_TjWF8,Christian church
San Juan Bautista Catholic Church,4.6,85,5649 Dailey Ave,El Paso,Texas,US,,(915) 779-1583,Catholic church,,,,,,,,,,,,,,,,,,,,,,,https://www.google.com/maps/search/?api=1&query=San%20Juan%20Bautista%20Catholic%20Church&query_place_id=ChIJwc9oR8tb54YRpcs-ymWddFU,Catholic church
Iglesia de Gracia,5,1,801 Magoffin Ave,El Paso,Texas,US,https://www.facebook.com/share/wzhiRWLZ61cmbG4r/?mibextid=wwXIfr,(915) 275-3924,Church,,,,,,,,,,,,,,,,,,,,,,,https://www.google.com/maps/search/?api=1&query=Iglesia%20de%20Gracia&query_place_id=ChIJN_45LABZ54YRGec8u8NxZf0,Church
Jewish Education Center,,,6516 Escondido Dr,El Paso,Texas,US,,,Religious school,,,,,,,,,,,,,,,,,,,,,,,https://www.google.com/maps/search/?api=1&query=Jewish%20Education%20Center&query_place_id=ChIJR3czLX_43YYRTBO7Dp89JGA,Religious school
Bright Minds and Music Academy,,,7316 Golden Hawk Dr,El Paso,Texas,US,,(915) 263-0718,Co-ed school,,,,,,,,,,,,,,,,,,,,,,,https://www.google.com/maps/search/?api=1&query=Bright%20Minds%20and%20Music%20Academy&query_place_id=ChIJa9QpD1n53YYRJgFGajGfSyc,Co-ed school
El Pipo Barber College,4.2,38,1012 N Raynor St,El Paso,Texas,US,http://facebook.com/elpipobarbercollege,(915) 562-4069,Barber school,,,,,,,,,,,,,,,,,,,,,,,https://www.google.com/maps/search/?api=1&query=El%20Pipo%20Barber%20College&query_place_id=ChIJCQQl449Z54YR-fhPhbJKR7Y,Barber school
Zion Lutheran Day School,5,1,2800 Pershing Dr,El Paso,Texas,US,,(915) 566-4667,Preschool,Day care center,Kindergarten,,,,,,,,,,,,,,,,,,,,,https://www.google.com/maps/search/?api=1&query=Zion%20Lutheran%20Day%20School&query_place_id=ChIJV02axJdZ54YRmGiWl_rSKkE,Preschool
Captain Jhon Chapin high school,,,4700 Alameda Ave,El Paso,Texas,US,,,General education school,,,,,,,,,,,,,,,,,,,,,,,https://www.google.com/maps/search/?api=1&query=Captain%20Jhon%20Chapin%20high%20school&query_place_id=ChIJXQXEdu9b54YRA4AbaloMhgk,General education school
El Paso Independent School District Administrative Office,5,1,1014 N Stanton St,El Paso,Texas,US,http://episd.org/,(915) 230-2000,School district office,,,,,,,,,,,,,,,,,,,,,,,https://www.google.com/maps/search/?api=1&query=El%20Paso%20Independent%20School%20District%20Administrative%20Office&query_place_id=ChIJ-YoiCQBZ54YRezwygW7zuKk,School district office
Clayworks Pottery School,,,2323 Alameda Ave B,El Paso,Texas,US,http://www.clayworkselp.com/,(915) 222-8055,School center,,,,,,,,,,,,,,,,,,,,,,,https://www.google.com/maps/search/?api=1&query=Clayworks%20Pottery%20School&query_place_id=ChIJXULUe7tZ54YR4C9aAW8sqls,School center
Texas Tech School-Medicine,,,4800 Alberta Ave,El Paso,Texas,US,,,Medical school,,,,,,,,,,,,,,,,,,,,,,,https://www.google.com/maps/search/?api=1&query=Texas%20Tech%20School-Medicine&query_place_id=ChIJibIlX9Nb54YR0NzYt4x4H0o,Medical school
El Paso Conservatory of Music,4.8,18,"Trinity Hall, 801 N Mesa St 3rd Floor",El Paso,Texas,US,http://www.elpasoconservatory.org/,(915) 833-0263,Music school,Drum school,Music conservatory,Piano instructor,Vocal instructor,,,,,,,,,,,,,,,,,,,https://www.google.com/maps/search/?api=1&query=El%20Paso%20Conservatory%20of%20Music&query_place_id=ChIJ5df05eb43YYRAs7O_KD2hZA,Music school
Joe's Flight School & Aviation,4.6,20,8411 Lockheed Dr #2,El Paso,Texas,US,http://joesflightschool.com/,(915) 781-7733,Flight school,,,,,,,,,,,,,,,,,,,,,,,https://www.google.com/maps/search/?api=1&query=Joe's%20Flight%20School%20%26%20Aviation&query_place_id=ChIJRSepKPZa54YRohLBvf_rrug,Flight school
New Horizons Computer Learning Centers,4.7,15,1625 Hawkins Blvd Suite 100,El Paso,Texas,US,https://www.newhorizons.com/,,Computer training school,Adult education school,Business development service,Learning center,Technical school,,,,,,,,,,,,,,,,,,,https://www.google.com/maps/search/?api=1&query=New%20Horizons%20Computer%20Learning%20Centers&query_place_id=ChIJcfXhzS1E54YRBpkQNKHLK6Q,Computer training school
Guardian Angel Catholic Church,4.8,132,3021 Frutas Ave,El Paso,Texas,US,https://masstime.us/guardian-angel-catholic-church-el-paso-texas/,(915) 533-2077,Catholic church,,,,,,,,,,,,,,,,,,,,,,,https://www.google.com/maps/search/?api=1&query=Guardian%20Angel%20Catholic%20Church&query_place_id=ChIJ_aIolp5Z54YR0IHxxhnpFbU,Catholic church
UTEP CAT,,,"Old Main, 501 Circle Dr",El Paso,Texas,US,,,Religious destination,,,,,,,,,,,,,,,,,,,,,,,https://www.google.com/maps/search/?api=1&query=UTEP%20CAT&query_place_id=ChIJV7rjbwBZ54YRc7ohTvbOMxc,Religious destination
La Luz Del Mundo,4.3,41,3130 Idalia Ave,El Paso,Texas,US,,(915) 566-5443,Church,,,,,,,,,,,,,,,,,,,,,,,https://www.google.com/maps/search/?api=1&query=La%20Luz%20Del%20Mundo&query_place_id=ChIJcYIaXO9Z54YRJxBZVbsbtvI,Church
Iglesia Bautista Nueva Jerusalen,5,5,2728 Porter Ave,El Paso,Texas,US,,,Baptist church,,,,,,,,,,,,,,,,,,,,,,,https://www.google.com/maps/search/?api=1&query=Iglesia%20Bautista%20Nueva%20Jerusalen&query_place_id=ChIJCRTKaFpZ54YRzgU8mvLqHzE,Baptist church
Iglesia De Dios Central,,,2821 Hamilton Ave,El Paso,Texas,US,http://www.churchofgod.org/,(915) 691-1729,Christian church,,,,,,,,,,,,,,,,,,,,,,,https://www.google.com/maps/search/?api=1&query=Iglesia%20De%20Dios%20Central&query_place_id=ChIJqVeRd-hZ54YR8Sb6Txp_MAE,Christian church
Emmanuel United Methodist Church,5,8,1201 Magoffin Ave,El Paso,Texas,US,,(915) 260-8335,United Methodist church,,,,,,,,,,,,,,,,,,,,,,,https://www.google.com/maps/search/?api=1&query=Emmanuel%20United%20Methodist%20Church&query_place_id=ChIJJUN5BgZZ54YR4r4fKnFfkdM,United Methodist church
Iglesia Fresca Unción,,,"6400 Airport Rd BLDG-C,UNIT X",El Paso,Texas,US,https://www.facebook.com/share/16vabXTGVD/?mibextid=wwXIfr,,Apostolic church,,,,,,,,,,,,,,,,,,,,,,,https://www.google.com/maps/search/?api=1&query=Iglesia%20Fresca%20Unci%C3%B3n&query_place_id=ChIJC5fZVABb54YRpIA_lXjLpfo,Apostolic church
Church of Scientology Mission of El Paso,2.1,26,1120 El Paso St,El Paso,Texas,US,http://www.el-paso.scientologymissions.org/,(915) 727-5527,Church,Non-profit organization,Religious institution,Religious organization,,,,,,,,,,,,,,,,,,,,https://www.google.com/maps/search/?api=1&query=Church%20of%20Scientology%20Mission%20of%20El%20Paso&query_place_id=ChIJyQF4SQz53YYRkzhDQJgkHuA,Church
S.V.M. Defensive Driving School,4.6,1338,5750 Trowbridge Dr,El Paso,Texas,US,http://svmdrivingschooltx.com/,(915) 843-0386,Driving school,Department of Public Safety,Driver's license office,Drivers license training school,Driving test center,Learner driver training area,Learning center,,,,,,,,,,,,,,,,,https://www.google.com/maps/search/?api=1&query=S.V.M.%20Defensive%20Driving%20School&query_place_id=ChIJ6eTY6TVa54YROa5SWacs_nw,Driving school
Pipo Academy of Hair Design,3.8,25,3000 Pershing Dr,El Paso,Texas,US,https://pipoacademy.com/,(915) 565-3491,Beauty school,Hair salon,Hairdresser,,,,,,,,,,,,,,,,,,,,,https://www.google.com/maps/search/?api=1&query=Pipo%20Academy%20of%20Hair%20Design&query_place_id=ChIJZ9Ti35ZZ54YRMEd74TqdAPE,Beauty school
Ut Houston School Public Health,,,5130 Gtwy Blvd E,El Paso,Texas,US,https://sph.uth.edu/campuses/el-paso,(915) 747-8500,Graduate school,,,,,,,,,,,,,,,,,,,,,,,https://www.google.com/maps/search/?api=1&query=Ut%20Houston%20School%20Public%20Health&query_place_id=ChIJFy-2hFVY54YRw7xilvVwsxQ,Graduate school
Inspired by Beauty Institute,4.7,23,8700 Boeing Dr,El Paso,Texas,US,http://inspiredbybeauty.org/,(915) 355-3485,Beauty school,Adult education school,,,,,,,,,,,,,,,,,,,,,,https://www.google.com/maps/search/?api=1&query=Inspired%20by%20Beauty%20Institute&query_place_id=ChIJwfzutPRb54YRHpdaMMSunxc,Beauty school
NHHSA (New Horizons Home School & Academy),,,10737 Gateway Blvd W Suite 220,El Paso,Texas,US,https://www.nhhsa.com/,(915) 856-7243,Private educational institution,Educational institution,High school,K-12 school,Primary school,,,,,,,,,,,,,,,,,,,https://www.google.com/maps/search/?api=1&query=NHHSA%20(New%20Horizons%20Home%20School%20%26%20Academy)&query_place_id=ChIJD9QIA2RD54YRzq_zD7qKqLI,Private educational institution
Educare,,,11057 Bob Stone Dr,El Paso,Texas,US,,(915) 592-1822,Special education school,Optometrist,,,,,,,,,,,,,,,,,,,,,,https://www.google.com/maps/search/?api=1&query=Educare&query_place_id=ChIJhUB4yu1E54YRnYKYfwMYPtQ,Special education school
NOVA Career Institute,4.8,17,8720 Gtwy Blvd E Ste E,El Paso,Texas,US,https://novacareer-institute.com/,(915) 222-8187,Technical school,Adult education school,College,Education center,Educational institution,Junior college,Medical school,Private educational institution,Trade school,Vocational school,,,,,,,,,,,,,,https://www.google.com/maps/search/?api=1&query=NOVA%20Career%20Institute&query_place_id=ChIJqRIvQyZD54YR6vJ5b6jB7So,Technical school
"Office of Education, Diocese El Paso",,,499 St Matthews St,El Paso,Texas,US,http://elpasocatholicschools.org/,(915) 872-8426,Catholic school,,,,,,,,,,,,,,,,,,,,,,,https://www.google.com/maps/search/?api=1&query=Office%20of%20Education%2C%20Diocese%20El%20Paso&query_place_id=ChIJBSngBklD54YR6psxOS4Yhhc,Catholic school
Ysleta Special Education,,,9600 Sims Dr,El Paso,Texas,US,http://www.yisd.net/,(915) 434-0900,Special education school,Elementary school,High school,Kindergarten,Middle school,Preschool,,,,,,,,,,,,,,,,,,https://www.google.com/maps/search/?api=1&query=Ysleta%20Special%20Education&query_place_id=ChIJbcNt8zdb54YR2doSi6baDps,Special education school
El Paso Academy East,,,11000 Argal Ct,El Paso,Texas,US,http://www.elpacademy.com/,(915) 590-8589,General education school,Charter school,,,,,,,,,,,,,,,,,,,,,,https://www.google.com/maps/search/?api=1&query=El%20Paso%20Academy%20East&query_place_id=ChIJ27QEfqRE54YRuSH-GbNDi3k,General education school
EPLA East (El Paso Leadership Academy),,,2101 Joe Battle Blvd,El Paso,Texas,US,https://eplaeast.org/,(915) 298-3901,High school,Middle school,,,,,,,,,,,,,,,,,,,,,,https://www.google.com/maps/search/?api=1&query=EPLA%20East%20(El%20Paso%20Leadership%20Academy)&query_place_id=ChIJ_QMxwgdF54YRGlJJAEUMzJM,High school
KEYS Academy,,,12380 Pine Springs Dr,El Paso,Texas,US,https://www.sisd.net/o/keysacademy,(915) 937-4000,High school,Middle school,Public educational institution,,,,,,,,,,,,,,,,,,,,,https://www.google.com/maps/search/?api=1&query=KEYS%20Academy&query_place_id=ChIJ_Qm2JTVC54YR3m-5xMxDCoY,High school
Vista Del Sol Environmental Science Academy,,,11851 Vista del Sol Dr,El Paso,Texas,US,https://www.sisd.net/o/vistadelsol,(915) 937-7500,Elementary school,Kindergarten,Preschool,Public educational institution,,,,,,,,,,,,,,,,,,,,https://www.google.com/maps/search/?api=1&query=Vista%20Del%20Sol%20Environmental%20Science%20Academy&query_place_id=ChIJt1e5sIdD54YRXTckTavTMBY,Elementary school
Options High School,,,12380 Pine Springs Dr,El Paso,Texas,US,https://www.sisd.net/o/options,(915) 937-1300,High school,Public educational institution,,,,,,,,,,,,,,,,,,,,,,https://www.google.com/maps/search/?api=1&query=Options%20High%20School&query_place_id=ChIJC-vO0spD54YRdSC4iH-Vlcg,High school
Premier High School - El Paso (Eastpointe),,,1231 Lee Trevino Dr,El Paso,Texas,US,https://premierhighschools.com/,(915) 633-1598,Charter school,,,,,,,,,,,,,,,,,,,,,,,https://www.google.com/maps/search/?api=1&query=Premier%20High%20School%20-%20El%20Paso%20(Eastpointe)&query_place_id=ChIJH8J8021D54YRNNc1XEuzdXo,Charter school
REL Washington International School,,,3505 Lee Trevino Dr,El Paso,Texas,US,http://www.yisd.net/relwashington,(915) 434-5900,International school,,,,,,,,,,,,,,,,,,,,,,,https://www.google.com/maps/search/?api=1&query=REL%20Washington%20International%20School&query_place_id=ChIJnYbhDCJF54YRkSR7Q8CteMA,International school
O'Shea Keleher Whole Child Academy,,,1800 Leroy Bonse Dr,El Paso,Texas,US,https://www.sisd.net/o/osheakeleher,(915) 937-7200,Elementary school,Kindergarten,Preschool,Public educational institution,,,,,,,,,,,,,,,,,,,,https://www.google.com/maps/search/?api=1&query=O'Shea%20Keleher%20Whole%20Child%20Academy&query_place_id=ChIJ51521mVE54YRJMj6mXyoCUk,Elementary school
Preschool Enrichment Academy,4.9,9,1641 N Zaragoza Rd,El Paso,Texas,US,,(915) 921-5441,Preschool,Day care center,School,,,,,,,,,,,,,,,,,,,,,https://www.google.com/maps/search/?api=1&query=Preschool%20Enrichment%20Academy&query_place_id=ChIJ_VDBsYlD54YR18OhGy2-vdI,Preschool
Rooted Academy of El Paso,,,10015 Lockerbie Ave,El Paso,Texas,US,https://www.rootedacademyep.com/admissions-christian-private-school-el-paso,(915) 209-2033,Private educational institution,Elementary school,Kindergarten,School,,,,,,,,,,,,,,,,,,,,https://www.google.com/maps/search/?api=1&query=Rooted%20Academy%20of%20El%20Paso&query_place_id=ChIJpSQXRnBb54YR9tYI8exc-zk,Private educational institution
Socorro Independent School District - District Service Center,3.9,84,12440 Rojas Dr,El Paso,Texas,US,http://www.sisd.net/,(915) 937-0000,School district office,,,,,,,,,,,,,,,,,,,,,,,https://www.google.com/maps/search/?api=1&query=Socorro%20Independent%20School%20District%20-%20District%20Service%20Center&query_place_id=ChIJHR3g7DZC54YRS1s4sIqts_s,School district office
Shavuot Israel,4.4,7,7141 N Loop Dr,El Paso,Texas,US,http://www.shavuotisrael.com/,,Synagogue,,,,,,,,,,,,,,,,,,,,,,,https://www.google.com/maps/search/?api=1&query=Shavuot%20Israel&query_place_id=ChIJ0QeNZZ1b54YRadO59v_vE7A,Synagogue
La Iglesia de Jesucristo de los Santos de los Últimos Días,4.9,84,1212 Sumac Dr,El Paso,Texas,US,https://local.churchofjesuschrist.org/es/us/tx/el-paso/1212-sumac-drive?utm_source=gmb&utm_medium=yext&y_source=1_NjcwOTMwMTgtNzE1LWxvY2F0aW9uLndlYnNpdGU%3D,(915) 265-7249,Christian church,Church of Jesus Christ of Latter-day Saints,Religious organization,,,,,,,,,,,,,,,,,,,,,https://www.google.com/maps/search/?api=1&query=La%20Iglesia%20de%20Jesucristo%20de%20los%20Santos%20de%20los%20%C3%9Altimos%20D%C3%ADas&query_place_id=ChIJz3ig10pb54YRk5dvUtlPLPE,Christian church
The Rock Faith Center,4.7,83,11201 Armour Dr,El Paso,Texas,US,https://www.rockfaithcenter.com/,(915) 592-7625,Christian church,,,,,,,,,,,,,,,,,,,,,,,https://www.google.com/maps/search/?api=1&query=The%20Rock%20Faith%20Center&query_place_id=ChIJkWA9hJhE54YRMlbGu-DqVSs,Christian church
The Church of Jesus Christ of Latter-day Saints,4.8,62,2322 Lee Trevino Dr,El Paso,Texas,US,https://local.churchofjesuschrist.org/en/us/tx/el-paso/2322-north-lee-trevino-drive?utm_source=gmb&utm_medium=yext&y_source=1_NjcwOTQwODgtNzE1LWxvY2F0aW9uLndlYnNpdGU%3D,(915) 265-7249,Christian church,Church of Jesus Christ of Latter-day Saints,Religious organization,,,,,,,,,,,,,,,,,,,,,https://www.google.com/maps/search/?api=1&query=The%20Church%20of%20Jesus%20Christ%20of%20Latter-day%20Saints&query_place_id=ChIJ3VXAPuhE54YRRsbn7cDTcHY,Christian church
Christ Temple Apostolic Church,5,2,11160 Montwood Dr,El Paso,Texas,US,,,Religious institution,,,,,,,,,,,,,,,,,,,,,,,https://www.google.com/maps/search/?api=1&query=Christ%20Temple%20Apostolic%20Church&query_place_id=ChIJCX-d0PJE54YR0xSP_KicuTc,Religious institution
"St. Jude Thaddeus Spiritual Bothanic Church ""La Estrella""",4.9,83,201 Fresno Dr,El Paso,Texas,US,https://www.facebook.com/temploespiritualdesanjudastadeo,(915) 887-0701,Religious goods store,,,,,,,,,,,,,,,,,,,,,,,https://www.google.com/maps/search/?api=1&query=St.%20Jude%20Thaddeus%20Spiritual%20Bothanic%20Church%20%22La%20Estrella%22&query_place_id=ChIJcxA5zZ9c54YRc3juBj9QRuM,Religious goods store
Cielo Vista Church,4.7,236,3585 Lee Trevino Dr,El Paso,Texas,US,http://www.cielovista.church/,(915) 595-0288,Non-denominational church,,,,,,,,,,,,,,,,,,,,,,,https://www.google.com/maps/search/?api=1&query=Cielo%20Vista%20Church&query_place_id=ChIJE_NIuSJF54YRhP-rxAtGKYk,Non-denominational church
Abundant Church,4.6,1122,1000 Valley Crest Dr,El Paso,Texas,US,http://www.abundant.org/,(915) 532-8543,Non-denominational church,Christian church,Church,,,,,,,,,,,,,,,,,,,,,https://www.google.com/maps/search/?api=1&query=Abundant%20Church&query_place_id=ChIJf0Nu0RFD54YRQ6x3O8LY254,Non-denominational church
St. Thomas Aquinas Roman Catholic Church,4.8,188,10970 Bywood Dr,El Paso,Texas,US,http://stthomas-elpaso.com/,(915) 592-1313,Catholic church,Church,Event venue,Place of worship,,,,,,,,,,,,,,,,,,,,https://www.google.com/maps/search/?api=1&query=St.%20Thomas%20Aquinas%20Roman%20Catholic%20Church&query_place_id=ChIJFaEwVuZE54YRrgz0hUWwHJ8,Catholic church
Del Sol Church East,4.6,112,11501 Vista del Sol Dr,El Paso,Texas,US,http://delsolchurch.com/,(915) 855-3798,Church,Christian church,,,,,,,,,,,,,,,,,,,,,,https://www.google.com/maps/search/?api=1&query=Del%20Sol%20Church%20East&query_place_id=ChIJeUFVyIBE54YR2K0QY76Y6os,Church
Crosspoint Church,4.7,33,11995 Montwood Dr,El Paso,Texas,US,http://www.crosspointelpaso.com/,(915) 857-7492,Christian church,,,,,,,,,,,,,,,,,,,,,,,https://www.google.com/maps/search/?api=1&query=Crosspoint%20Church&query_place_id=ChIJSS503WxE54YRZqTFEqA3syE,Christian church
St. Mark Catholic Church,4.7,875,11700 Pebble Hills Blvd,El Paso,Texas,US,https://www.smccep.org/,(915) 300-2800,Catholic church,Church,,,,,,,,,,,,,,,,,,,,,,https://www.google.com/maps/search/?api=1&query=St.%20Mark%20Catholic%20Church&query_place_id=ChIJVXDlMENE54YRM95wrVU9ayM,Catholic church
Word of Life Church,4.6,185,11675 Pratt Ave,El Paso,Texas,US,http://www.tbm.org/,(915) 855-9673,Church,Christian church,Evangelical church,Full Gospel church,Non-denominational church,Pentecostal church,,,,,,,,,,,,,,,,,,https://www.google.com/maps/search/?api=1&query=Word%20of%20Life%20Church&query_place_id=ChIJAaIoyU9E54YR_CckLDlDWB0,Church
LifeGate Church,4.6,54,10555 Edgemere Blvd,El Paso,Texas,US,http://www.lifegatechurchelpaso.com/,(915) 593-1122,Church,Non-denominational church,,,,,,,,,,,,,,,,,,,,,,https://www.google.com/maps/search/?api=1&query=LifeGate%20Church&query_place_id=ChIJNd9PiChF54YRdQn9R1qGSnM,Church
Calvary Chapel of El Paso,4.9,83,1771 N Zaragoza Rd,El Paso,Texas,US,http://www.calvaryep.com/,(915) 855-4565,Calvary Chapel church,,,,,,,,,,,,,,,,,,,,,,,https://www.google.com/maps/search/?api=1&query=Calvary%20Chapel%20of%20El%20Paso&query_place_id=ChIJl76qVHRE54YR9gfo4yQXpN0,Calvary Chapel church
Corpus Christi Catholic Church,4.6,347,9205 N Loop Dr,El Paso,Texas,US,http://www.corpuschristicc.com/,(915) 858-0488,Catholic church,,,,,,,,,,,,,,,,,,,,,,,https://www.google.com/maps/search/?api=1&query=Corpus%20Christi%20Catholic%20Church&query_place_id=ChIJUeb6OuNC54YRJ5FdhuRemuo,Catholic church
The Door Christian Center,4.5,133,1000 Kastrin St,El Paso,Texas,US,http://www.elpasochristianchurch.com/,(915) 309-3091,Non-denominational church,Christian church,Church,,,,,,,,,,,,,,,,,,,,,https://www.google.com/maps/search/?api=1&query=The%20Door%20Christian%20Center&query_place_id=ChIJiVwoFWpD54YRim_IhTwHhUw,Non-denominational church
Christian Joy Center,4.4,96,1208 Sumac Dr,El Paso,Texas,US,http://www.joycenter.org/,(915) 595-1307,Protestant church,Christian church,Church,,,,,,,,,,,,,,,,,,,,,https://www.google.com/maps/search/?api=1&query=Christian%20Joy%20Center&query_place_id=ChIJdTVXNktb54YRyJuJ22omgrE,Protestant church
Vista Hills Church A Christian Fellowship,4.6,23,2301 Lee Trevino Dr,El Paso,Texas,US,http://vistahillschurch.org/,(915) 591-4400,Church,,,,,,,,,,,,,,,,,,,,,,,https://www.google.com/maps/search/?api=1&query=Vista%20Hills%20Church%20A%20Christian%20Fellowship&query_place_id=ChIJuznWJ-hE54YRa5WibfulBpE,Church
St. Stephen Deacon & Martyr Church,4.7,196,1700 George Dieter Dr,El Paso,Texas,US,http://ststephenelpaso.org/,(915) 855-1661,Catholic church,,,,,,,,,,,,,,,,,,,,,,,https://www.google.com/maps/search/?api=1&query=St.%20Stephen%20Deacon%20%26%20Martyr%20Church&query_place_id=ChIJcdbXwodE54YRim1tHm-dYkc,Catholic church
St Raphael Catholic Church,4.8,290,2301 Zanzibar Rd,El Paso,Texas,US,http://www.straphaelelpaso.com/,(915) 598-3431,Catholic church,,,,,,,,,,,,,,,,,,,,,,,https://www.google.com/maps/search/?api=1&query=St%20Raphael%20Catholic%20Church&query_place_id=ChIJq7Uzfc1E54YRPO9_PyAZH30,Catholic church
Missio Dei Church,4.5,27,11601 Montwood Dr,El Paso,Texas,US,http://missiodeicrc.com/,(915) 857-5100,Christian church,Presbyterian church,,,,,,,,,,,,,,,,,,,,,,https://www.google.com/maps/search/?api=1&query=Missio%20Dei%20Church&query_place_id=ChIJpd-T_jFE54YRhDTwd7jXjfA,Christian church
Montwood Church of Christ,4.8,44,11845 Bob Mitchell Dr,El Paso,Texas,US,https://www.montwood.org/,(915) 855-9896,Church of Christ,,,,,,,,,,,,,,,,,,,,,,,https://www.google.com/maps/search/?api=1&query=Montwood%20Church%20of%20Christ&query_place_id=ChIJ_cBLBm5E54YRkrc2VCOI650,Church of Christ
LIFEchurch El Paso,4.8,175,1580 Joe Battle Blvd,El Paso,Texas,US,http://lifechurchelpaso.com/,(915) 308-9993,Non-denominational church,,,,,,,,,,,,,,,,,,,,,,,https://www.google.com/maps/search/?api=1&query=LIFEchurch%20El%20Paso&query_place_id=ChIJUdxHGWRD54YRsHN498zfnTs,Non-denominational church
St. Francis Xavier Catholic Church & Parish,4.4,133,519 S Latta St,El Paso,Texas,US,https://www.stfrancisxaviercatholicchurch.com/,(915) 532-2761,Catholic church,,,,,,,,,,,,,,,,,,,,,,,https://www.google.com/maps/search/?api=1&query=St.%20Francis%20Xavier%20Catholic%20Church%20%26%20Parish&query_place_id=ChIJlWvMHHlZ54YR5h6vuVuMtTI,Catholic church
Harmony Science Academy - El Paso,,,9405 Betel Dr,El Paso,Texas,US,https://hsaelpaso.harmonytx.org/,(915) 859-4620,High school,Charter school,Educational institution,Middle school,Public educational institution,,,,,,,,,,,,,,,,,,,https://www.google.com/maps/search/?api=1&query=Harmony%20Science%20Academy%20-%20El%20Paso&query_place_id=ChIJe_wDf1VC54YRPz7bAqhOm68,High school
Del Valle Elementary School,,,9251 Escobar Dr,El Paso,Texas,US,http://delvalleelementary.yisd.net/,(915) 434-9300,Elementary school,,,,,,,,,,,,,,,,,,,,,,,https://www.google.com/maps/search/?api=1&query=Del%20Valle%20Elementary%20School&query_place_id=ChIJlcl6WgZD54YRLB1eSHY9-aQ,Elementary school
"Cultural Technical Institute, LLC (CTI)",4.8,556,1510 N Zaragoza Rd B13,El Paso,Texas,US,http://www.cultural-tech.com/,(915) 591-4141,Trade school,Nursing school,Training center,Truck driving school,Vocational school,,,,,,,,,,,,,,,,,,,https://www.google.com/maps/search/?api=1&query=Cultural%20Technical%20Institute%2C%20LLC%20(CTI)&query_place_id=ChIJl3x4uZ9E54YR0DrIAU-pHVo,Trade school
Cielo Vista Elementary School,,,9000 Basil Ct,El Paso,Texas,US,http://cielovista.episd.org/,(915) 236-8375,Elementary school,,,,,,,,,,,,,,,,,,,,,,,https://www.google.com/maps/search/?api=1&query=Cielo%20Vista%20Elementary%20School&query_place_id=ChIJ8ei-qt9a54YRC-jY5qKqrd4,Elementary school
Bill Sybert School,,,11530 Edgemere Blvd,El Paso,Texas,US,https://www.sisd.net/o/billsybert,(915) 937-4400,Elementary school,Kindergarten,Middle school,Preschool,Public educational institution,School,,,,,,,,,,,,,,,,,,https://www.google.com/maps/search/?api=1&query=Bill%20Sybert%20School&query_place_id=ChIJhRYNa1NE54YRx2rAsoPeUkU,Elementary school
El Paso Classical Academy - Pre K-12,,,8960 Escobar Dr,El Paso,Texas,US,https://foundersclassical.com/elpaso/,(915) 594-3305,Charter school,Elementary school,High school,Middle school,Preschool,,,,,,,,,,,,,,,,,,,https://www.google.com/maps/search/?api=1&query=El%20Paso%20Classical%20Academy%20-%20Pre%20K-12&query_place_id=ChIJqWwJ0jND54YRaNVdP0ge6HI,Charter school
Paso Del Norte Fine Arts Academy,,,12300 Tierra Este Rd,El Paso,Texas,US,https://www.sisd.net/o/pasodelnorte,(915) 937-6200,Elementary school,Art school,Kindergarten,Preschool,Public educational institution,,,,,,,,,,,,,,,,,,,https://www.google.com/maps/search/?api=1&query=Paso%20Del%20Norte%20Fine%20Arts%20Academy&query_place_id=ChIJzc57mSVE54YR6hS-rBvxu10,Elementary school
Ysleta Independent School District,4.1,47,9600 Sims Dr,El Paso,Texas,US,https://www.yisd.net/,(915) 434-0000,School district office,,,,,,,,,,,,,,,,,,,,,,,https://www.google.com/maps/search/?api=1&query=Ysleta%20Independent%20School%20District&query_place_id=ChIJbcNt8zdb54YRH3ShmnQH10I,School district office
Sierra Vista STEAM Academy,,,1501 Bob Hope Dr,El Paso,Texas,US,https://www.sisd.net/o/sierravista,(915) 937-8100,Elementary school,Preschool,Public educational institution,,,,,,,,,,,,,,,,,,,,,https://www.google.com/maps/search/?api=1&query=Sierra%20Vista%20STEAM%20Academy&query_place_id=ChIJH-BKb-xD54YRbaThMDIvuQU,Elementary school
Pasodale Elementary School,,,8253 Mc Elroy Avenue,El Paso,Texas,US,https://www.yisd.net/pasodale,(915) 434-8500,Elementary school,,,,,,,,,,,,,,,,,,,,,,,https://www.google.com/maps/search/?api=1&query=Pasodale%20Elementary%20School&query_place_id=ChIJjZLyaslc54YRx8XEL48ggsA,Elementary school
New World Montessori School,,,3510 N Yarbrough Dr,El Paso,Texas,US,http://www.nworldmontessori.org/,(915) 593-8091,Montessori school,Kindergarten,Preschool,,,,,,,,,,,,,,,,,,,,,https://www.google.com/maps/search/?api=1&query=New%20World%20Montessori%20School&query_place_id=ChIJDS47_CRF54YRclWf9_mk_1s,Montessori school
Edison Hope Christian Academy,,,2807 N Yarbrough Dr,El Paso,Texas,US,,(915) 227-1539,Private educational institution,,,,,,,,,,,,,,,,,,,,,,,https://www.google.com/maps/search/?api=1&query=Edison%20Hope%20Christian%20Academy&query_place_id=ChIJdZzx0dZE54YR_eSqQYwXcwI,Private educational institution
St. Frances Xavier Cabrini Catholic Church,4.6,246,12200 Vista del Sol Dr,El Paso,Texas,US,http://www.stfrancesxaviercabrini.org/,(915) 857-1263,Catholic church,,,,,,,,,,,,,,,,,,,,,,,https://www.google.com/maps/search/?api=1&query=St.%20Frances%20Xavier%20Cabrini%20Catholic%20Church&query_place_id=ChIJYdh8Re1D54YRNbsb4TPk9gQ,Catholic church
Bethany Christian Church,4.8,17,10453 Springwood Dr,El Paso,Texas,US,https://bethanychristianchurchofelpaso.com/,(915) 592-5977,Church,,,,,,,,,,,,,,,,,,,,,,,https://www.google.com/maps/search/?api=1&query=Bethany%20Christian%20Church&query_place_id=ChIJcZ-LhcpE54YRvgjaI7Xo1FY,Church
Cornerstone Church El Paso,4.3,18,"GECU Plaza, 12400 Montwood Dr Ste. D",El Paso,Texas,US,http://www.mycornerstonechurch.org/,(915) 300-0071,Church,Christian church,Non-denominational church,Pentecostal church,,,,,,,,,,,,,,,,,,,,https://www.google.com/maps/search/?api=1&query=Cornerstone%20Church%20El%20Paso&query_place_id=ChIJmRiXrj1d54YR3pNe5mZOu0U,Church
St Timothy Lutheran Church,4.2,19,11050 Montwood Dr,El Paso,Texas,US,http://www.sainttim.com/,(915) 598-2621,Evangelical church,,,,,,,,,,,,,,,,,,,,,,,https://www.google.com/maps/search/?api=1&query=St%20Timothy%20Lutheran%20Church&query_place_id=ChIJsRNxuexE54YRnxLR66QS-VE,Evangelical church
IM Church,3.9,200,440 S Yarbrough Dr,El Paso,Texas,US,http://ignitemovement.org/,(915) 704-7300,Church,,,,,,,,,,,,,,,,,,,,,,,https://www.google.com/maps/search/?api=1&query=IM%20Church&query_place_id=ChIJ4ZDTx7hc54YRx0yoXDl35S4,Church
Life Worth Living Church,4.5,19,9100 Mayflower Ave Suite J,El Paso,Texas,US,http://www.lifeworthlivingchurch.org/,(915) 308-3419,Church,,,,,,,,,,,,,,,,,,,,,,,https://www.google.com/maps/search/?api=1&query=Life%20Worth%20Living%20Church&query_place_id=ChIJFWiZFNlW54YRwQdT0lLeRMk,Church
Santo Nino De Atocha Church,4.6,113,210 S Clark Dr,El Paso,Texas,US,,(915) 779-3164,Catholic church,Church,,,,,,,,,,,,,,,,,,,,,,https://www.google.com/maps/search/?api=1&query=Santo%20Nino%20De%20Atocha%20Church&query_place_id=ChIJMdvsq7lb54YRbMFfBygj_Q8,Catholic church
Cristo Rey Catholic Church,4.7,155,8011 Williamette Ave,El Paso,Texas,US,http://cristo-church.poi.place/,(915) 591-0688,Catholic church,Place of worship,,,,,,,,,,,,,,,,,,,,,,https://www.google.com/maps/search/?api=1&query=Cristo%20Rey%20Catholic%20Church&query_place_id=ChIJ28gN2VVD54YR2c8jNg9pfuI,Catholic church
"Power of The Gospel Church | Iglesia El Poder Del Evangelio - El Paso, TX",4.5,15,2200 Lee Trevino Dr B3b,El Paso,Texas,US,https://linktr.ee/powerofthegospelchurch_elpaso?utm_source=linktree_profile_share&ltsid=7d641397-3774-4cb3-b052-a77f6b812e66,,Church,,,,,,,,,,,,,,,,,,,,,,,https://www.google.com/maps/search/?api=1&query=Power%20of%20The%20Gospel%20Church%20%7C%20Iglesia%20El%20Poder%20Del%20Evangelio%20-%20El%20Paso%2C%20TX&query_place_id=ChIJ607aGPhF54YR-czcKl2tdj4,Church
Valle Verde Early College High School,,,919 Hunter Dr,El Paso,Texas,US,,(915) 434-1500,High school,Public educational institution,Sports school,,,,,,,,,,,,,,,,,,,,,https://www.google.com/maps/search/?api=1&query=Valle%20Verde%20Early%20College%20High%20School&query_place_id=ChIJXfJhI0Nb54YRUn1ALku3HHs,High school
Del Valle Middle School,,,8674 N Loop Dr,El Paso,Texas,US,https://www.yisd.net/page/143,(915) 434-3300,Middle school,School,,,,,,,,,,,,,,,,,,,,,,https://www.google.com/maps/search/?api=1&query=Del%20Valle%20Middle%20School&query_place_id=ChIJ_cTzCBhD54YR2PlZs3jQU7g,Middle school
El Paso Adventist Academy,,,3510 George Dieter Dr,El Paso,Texas,US,https://epaja.org/,(915) 855-7312,Private educational institution,Elementary school,Middle school,Preschool,Religious school,School,,,,,,,,,,,,,,,,,,https://www.google.com/maps/search/?api=1&query=El%20Paso%20Adventist%20Academy&query_place_id=ChIJ4Q4ZwgBF54YRPlZrN6pfHXI,Private educational institution
J.M. Hanks Early College High School,,,2001 Lee Trevino Dr,El Paso,Texas,US,https://www.yisd.net/o/jmhechs,(915) 434-5000,High school,,,,,,,,,,,,,,,,,,,,,,,https://www.google.com/maps/search/?api=1&query=J.M.%20Hanks%20Early%20College%20High%20School&query_place_id=ChIJo7IU_epE54YRliA2owfIXO4,High school
East Point Elementary School,,,2400 Zanzibar Rd,El Paso,Texas,US,http://eastpoint.yisd.net/,(915) 434-4500,Elementary school,Primary school,,,,,,,,,,,,,,,,,,,,,,https://www.google.com/maps/search/?api=1&query=East%20Point%20Elementary%20School&query_place_id=ChIJ7ce14dJE54YRTGHP3_UIVdM,Elementary school
Vista Del Futuro Elementary,,,1671 Bob Hope Dr,El Paso,Texas,US,http://www.burnhamwood.org/?page_id=23,(915) 855-8143,Elementary school,School,,,,,,,,,,,,,,,,,,,,,,https://www.google.com/maps/search/?api=1&query=Vista%20Del%20Futuro%20Elementary&query_place_id=ChIJOSxU9u1D54YRBnj9TQIb9YM,Elementary school
Eastwood High School,,,2430 McRae Blvd,El Paso,Texas,US,https://www.yisd.net/eastwoodhigh,(915) 434-4000,High school,Public educational institution,School,,,,,,,,,,,,,,,,,,,,,https://www.google.com/maps/search/?api=1&query=Eastwood%20High%20School&query_place_id=ChIJYaQqTzBb54YRAzDn4tyb74k,High school
Cadwallader School,,,7988 Alameda Ave #79915,El Paso,Texas,US,http://thomasmanor.yisd.net/,(915) 434-7500,Elementary school,Public educational institution,,,,,,,,,,,,,,,,,,,,,,https://www.google.com/maps/search/?api=1&query=Cadwallader%20School&query_place_id=ChIJd-CMnLBc54YRKUvItf9WGuQ,Elementary school
Americas High School,,,12101 Pellicano Dr,El Paso,Texas,US,https://www.sisd.net/o/americas,(915) 937-2800,High school,Public educational institution,,,,,,,,,,,,,,,,,,,,,,https://www.google.com/maps/search/?api=1&query=Americas%20High%20School&query_place_id=ChIJ1Qcrj5RD54YRmSzz8a2fA54,High school
Del Norte Heights Elementary,,,1800 Winslow Rd,El Paso,Texas,US,,(915) 434-2400,Elementary school,,,,,,,,,,,,,,,,,,,,,,,https://www.google.com/maps/search/?api=1&query=Del%20Norte%20Heights%20Elementary&query_place_id=ChIJ3_bROT5b54YROqdEYPa8L1s,Elementary school
Young Women's Leadership Academy,,,8040 Yermoland Dr,El Paso,Texas,US,http://www.yisd.net/Page/6806,(915) 434-1300,High school,Middle school,,,,,,,,,,,,,,,,,,,,,,https://www.google.com/maps/search/?api=1&query=Young%20Women's%20Leadership%20Academy&query_place_id=ChIJkyYkX0Zb54YR3rWiDffI7KM,High school
Chester E. Jordan Elementary,,,13995 Jason Crandall Dr,El Paso,Texas,US,https://www.sisd.net/o/chesterjordan,(915) 937-8801,Elementary school,Kindergarten,Public educational institution,,,,,,,,,,,,,,,,,,,,,https://www.google.com/maps/search/?api=1&query=Chester%20E.%20Jordan%20Elementary&query_place_id=ChIJu6IdJWJG54YRhWg89oMcf4k,Elementary school
San Antonio Catholic Church,4.7,193,503 Hunter Dr,El Paso,Texas,US,http://san-church.poi.place/,(915) 598-1457,Catholic church,Place of worship,,,,,,,,,,,,,,,,,,,,,,https://www.google.com/maps/search/?api=1&query=San%20Antonio%20Catholic%20Church&query_place_id=ChIJWf7Crl1b54YR6M5V2P82-4g,Catholic church
Eastwood Church of Christ,4.6,15,10104 Album Ave,El Paso,Texas,US,http://www.eastwoodchurchofchrist.org/,(915) 593-2772,Church,Church of Christ,,,,,,,,,,,,,,,,,,,,,,https://www.google.com/maps/search/?api=1&query=Eastwood%20Church%20of%20Christ&query_place_id=ChIJCZWzIitb54YRO7el_C9A6AM,Church
Our Lady of the Valley Catholic Church,4.7,138,8600 Winchester Rd,El Paso,Texas,US,http://www.olvchurcheptx.org/?fbclid=IwVERDUAQ_hyVleHRuA2FlbQIxMABzcnRjBmFwcF9pZAo2NjI4NTY4Mzc5AAEeRHG-6z0-nzKSb-dsKoSV9W5D4QgQUHBCIWxftbgqbscTaMonr1mCQIetWe4_aem_rHvCStaheu1IaUTwYuNZbA,(915) 859-7939,Catholic church,,,,,,,,,,,,,,,,,,,,,,,https://www.google.com/maps/search/?api=1&query=Our%20Lady%20of%20the%20Valley%20Catholic%20Church&query_place_id=ChIJnQMULS9D54YRCqA-rlOCONo,Catholic church
Freedom Fellowship EP,5,26,10950 Pellicano Dr C1,El Paso,Texas,US,https://www.freedomfellowshipep.com/,(915) 355-7046,Christian church,Church,Place of worship,Religious organization,,,,,,,,,,,,,,,,,,,,https://www.google.com/maps/search/?api=1&query=Freedom%20Fellowship%20EP&query_place_id=ChIJsVCeJKRE54YRiol5VDMHkrA,Christian church
Iglesia Cristiana Nuevo Pacto,4.8,64,1401 Lomaland Dr,El Paso,Texas,US,http://www.nuevopactoelpaso.com/,(915) 591-4092,Church,Non-denominational church,,,,,,,,,,,,,,,,,,,,,,https://www.google.com/maps/search/?api=1&query=Iglesia%20Cristiana%20Nuevo%20Pacto&query_place_id=ChIJAfhniaNE54YRtXyCWLtCyAM,Church
Centro Cristiano Cantico Nuevo,4.8,78,11530 Pellicano Dr,El Paso,Texas,US,http://www.canticonuevo.tv/,(915) 633-6320,Church,,,,,,,,,,,,,,,,,,,,,,,https://www.google.com/maps/search/?api=1&query=Centro%20Cristiano%20Cantico%20Nuevo&query_place_id=ChIJUz5PkqBE54YR7_VjmNlksZQ,Church
Mesa Place Church,4.6,18,985 Loma Verde Dr,El Paso,Texas,US,http://www.mesaplacechurch.com/,(915) 465-1201,Christian church,,,,,,,,,,,,,,,,,,,,,,,https://www.google.com/maps/search/?api=1&query=Mesa%20Place%20Church&query_place_id=ChIJo4761P9Y54YRTA8Vb18K8Zs,Christian church
Little Flower Catholic Church,4.6,56,171 Polo Inn Rd,El Paso,Texas,US,https://masstime.us/little-flower-catholic-church-el-paso-texas/,(915) 772-1285,Catholic church,,,,,,,,,,,,,,,,,,,,,,,https://www.google.com/maps/search/?api=1&query=Little%20Flower%20Catholic%20Church&query_place_id=ChIJVw6oMHhb54YRRWjtI3v1SCY,Catholic church
Living Water Christian Center,4.8,26,7966 Esther Rd,El Paso,Texas,US,http://www.lwccep.com/,(404) 480-8182,Assemblies of God church,Church,,,,,,,,,,,,,,,,,,,,,,https://www.google.com/maps/search/?api=1&query=Living%20Water%20Christian%20Center&query_place_id=ChIJgZq5Y6tE54YRegOTa4B5Wi8,Assemblies of God church
Church of Christ At Eastridge,5,5,3277 Pendleton St,El Paso,Texas,US,http://elpasochurchofchrist.com/,(915) 855-1524,Church of Christ,,,,,,,,,,,,,,,,,,,,,,,https://www.google.com/maps/search/?api=1&query=Church%20of%20Christ%20At%20Eastridge&query_place_id=ChIJjV04YlVE54YRm5tbp0R5PNA,Church of Christ
Christ Our Redeemer (WELS),4.6,23,2500 George Dieter Dr,El Paso,Texas,US,http://www.corwels.org/,(915) 304-1888,Lutheran church,,,,,,,,,,,,,,,,,,,,,,,https://www.google.com/maps/search/?api=1&query=Christ%20Our%20Redeemer%20(WELS)&query_place_id=ChIJX7-sBfdE54YRIThtXbJ3i14,Lutheran church
Calvary Mission Valley School,,,8069 Alameda Ave,El Paso,Texas,US,https://cmvs.institute/,(915) 235-1400,Private educational institution,,,,,,,,,,,,,,,,,,,,,,,https://www.google.com/maps/search/?api=1&query=Calvary%20Mission%20Valley%20School&query_place_id=ChIJs5d_t8hd54YRs1JP4rl_qfc,Private educational institution
Capt. Walter E. Clarke Middle,,,1515 Bob Hope Dr,El Paso,Texas,US,https://www.sisd.net/o/captwalterclarke,(915) 937-5600,Middle school,Public educational institution,,,,,,,,,,,,,,,,,,,,,,https://www.google.com/maps/search/?api=1&query=Capt.%20Walter%20E.%20Clarke%20Middle&query_place_id=ChIJNz0nUOxD54YRi179mPVe59U,Middle school
Triumph Public High Schools - El Paso East,,,1599 George Dieter Dr,El Paso,Texas,US,https://www.triumphpublicschools.org/,(915) 298-3637,High school,,,,,,,,,,,,,,,,,,,,,,,https://www.google.com/maps/search/?api=1&query=Triumph%20Public%20High%20Schools%20-%20El%20Paso%20East&query_place_id=ChIJL7jNlaFF54YRYqit9KqjSBU,High school
J.M. Hanks Middle School,,,11201 Pebble Hills Blvd,El Paso,Texas,US,https://www.yisd.net/hanksmiddle,(915) 434-5300,Middle school,,,,,,,,,,,,,,,,,,,,,,,https://www.google.com/maps/search/?api=1&query=J.M.%20Hanks%20Middle%20School&query_place_id=ChIJgQc6g_xE54YRYiS__Wj_NRg,Middle school
Sun Ridge Middle School,,,2210 Sun Country Dr,El Paso,Texas,US,https://www.sisd.net/o/sunridge,(915) 937-6600,Middle school,Community health center,Public educational institution,,,,,,,,,,,,,,,,,,,,,https://www.google.com/maps/search/?api=1&query=Sun%20Ridge%20Middle%20School&query_place_id=ChIJM847mBtE54YRufUTiXmzsCs,Middle school
Bel Air High School Health Professions,,,7930-7998 Santa Maria Rd,El Paso,Texas,US,https://www.yisd.net/belair,(915) 434-2000,High school,,,,,,,,,,,,,,,,,,,,,,,https://www.google.com/maps/search/?api=1&query=Bel%20Air%20High%20School%20Health%20Professions&query_place_id=ChIJ7S_UO1Nb54YRjBfoK6EB7kY,High school
Myrtle Cooper Elementary,,,1515 Rebecca Ann Dr,El Paso,Texas,US,https://www.sisd.net/o/myrtlecooper,(915) 937-7700,Elementary school,Kindergarten,Preschool,Public educational institution,,,,,,,,,,,,,,,,,,,,https://www.google.com/maps/search/?api=1&query=Myrtle%20Cooper%20Elementary&query_place_id=ChIJkR0weoRD54YRE_6G2jbph6Y,Elementary school
Hurshel Antwine Middle,,,3830 Rich Beem Blvd,El Paso,Texas,US,https://www.sisd.net/o/hurshelantwine,(915) 937-6400,Middle school,Public educational institution,,,,,,,,,,,,,,,,,,,,,,https://www.google.com/maps/search/?api=1&query=Hurshel%20Antwine%20Middle&query_place_id=ChIJiW1poH5G54YR1ED057hwAF0,Middle school
Élfida P. Chávez Elementary,,,11720 Pebble Hills Blvd,El Paso,Texas,US,https://www.sisd.net/o/elfidachavez,(915) 937-8300,Elementary school,Kindergarten,Preschool,Public educational institution,,,,,,,,,,,,,,,,,,,,https://www.google.com/maps/search/?api=1&query=%C3%89lfida%20P.%20Ch%C3%A1vez%20Elementary&query_place_id=ChIJw_WcQUZE54YR3XdRIToG5J8,Elementary school
Bel Air Middle School,,,7909 Ranchland Dr,El Paso,Texas,US,http://belairmiddle.yisd.net/,(915) 434-2200,Middle school,Elementary school,Kindergarten,,,,,,,,,,,,,,,,,,,,,https://www.google.com/maps/search/?api=1&query=Bel%20Air%20Middle%20School&query_place_id=ChIJTzJdOFFD54YRz94DsF_FP9U,Middle school
Loma Terrace Elementary School,,,8200 Ryland Ct,El Paso,Texas,US,https://www.yisd.net/o/lomaterrace,(915) 434-2600,Elementary school,,,,,,,,,,,,,,,,,,,,,,,https://www.google.com/maps/search/?api=1&query=Loma%20Terrace%20Elementary%20School&query_place_id=ChIJO3yAhVpD54YRXRcz4AxBz78,Elementary school
Our Lady of Mount Carmel Catholic Church,4.8,38,131 S Zaragoza Rd,El Paso,Texas,US,https://www.ysletamission.org/,(915) 859-9848,Catholic church,,,,,,,,,,,,,,,,,,,,,,,https://www.google.com/maps/search/?api=1&query=Our%20Lady%20of%20Mount%20Carmel%20Catholic%20Church&query_place_id=ChIJMWsKPI9D54YR0EWdmXDuTks,Catholic church
Our Lady of Mt Carmel Catholic Church,4.7,41,9101 Socorro Rd,El Paso,Texas,US,,,Catholic church,,,,,,,,,,,,,,,,,,,,,,,https://www.google.com/maps/search/?api=1&query=Our%20Lady%20of%20Mt%20Carmel%20Catholic%20Church&query_place_id=ChIJe32uJyBD54YRYDsiJnTCMMo,Catholic church
Vino Nuevo El Paso,4.8,271,988 Kessler Dr,El Paso,Texas,US,http://www.vinonuevo.com/,(915) 850-0200,Church,,,,,,,,,,,,,,,,,,,,,,,https://www.google.com/maps/search/?api=1&query=Vino%20Nuevo%20El%20Paso&query_place_id=ChIJK_-ZXRRD54YRYhENbTjTgEg,Church
Faith Baptist Church,4.6,10,10622 Montwood Dr Suite A,El Paso,Texas,US,http://www.faithbaptistelpaso.org/,(915) 591-8168,Baptist church,,,,,,,,,,,,,,,,,,,,,,,https://www.google.com/maps/search/?api=1&query=Faith%20Baptist%20Church&query_place_id=ChIJsyigNzNb54YRFImaC9woD5w,Baptist church
The Journey Church,5,1,10015 Lockerbie Ave,El Paso,Texas,US,http://thejourneychurcheastside.com/,(915) 244-7077,Church,,,,,,,,,,,,,,,,,,,,,,,https://www.google.com/maps/search/?api=1&query=The%20Journey%20Church&query_place_id=ChIJDV2RfRpF54YRJ8GwOlw0nYs,Church
Nueva Iglesia Puerta del Cielo,4.5,24,1430 Gail Borden Pl,El Paso,Texas,US,http://facebook.com/NuevaIglesiaPDC,(915) 266-8675,Church,,,,,,,,,,,,,,,,,,,,,,,https://www.google.com/maps/search/?api=1&query=Nueva%20Iglesia%20Puerta%20del%20Cielo&query_place_id=ChIJe_wDf1VC54YRk_WT9x6XoG0,Church
Our Lady of Sorrows Catholic,4.8,166,7712 S Rosedale St,El Paso,Texas,US,,(915) 433-8694,Catholic church,Place of worship,,,,,,,,,,,,,,,,,,,,,,https://www.google.com/maps/search/?api=1&query=Our%20Lady%20of%20Sorrows%20Catholic&query_place_id=ChIJKxP3NKdc54YRdWpp2Ghl8Ys,Catholic church
First Assembly of God,4.7,14,3928 Montana Ave,El Paso,Texas,US,http://www.elpaso1st.com/,(915) 565-2337,Assemblies of God church,,,,,,,,,,,,,,,,,,,,,,,https://www.google.com/maps/search/?api=1&query=First%20Assembly%20of%20God&query_place_id=ChIJKfSBHoZZ54YRWsZSBm9Aqt0,Assemblies of God church
Scotsdale Baptist Church,4.9,34,10015 Lockerbie Ave,El Paso,Texas,US,http://scotsdale.org/,(915) 595-2811,Christian church,Baptist church,Church,,,,,,,,,,,,,,,,,,,,,https://www.google.com/maps/search/?api=1&query=Scotsdale%20Baptist%20Church&query_place_id=ChIJN54EYipb54YRyvdJchaUPZU,Christian church
Shiloh Baptist Church,4.6,16,3201 Frutas Ave,El Paso,Texas,US,http://www.shilohbaptistep.org/,(915) 533-1795,Baptist church,,,,,,,,,,,,,,,,,,,,,,,https://www.google.com/maps/search/?api=1&query=Shiloh%20Baptist%20Church&query_place_id=ChIJY7BUR5xZ54YRIctR_yCsXuk,Baptist church
Friendship Baptist Church,4.8,16,7615 Matamoros Dr,El Paso,Texas,US,,(915) 598-9657,Baptist church,,,,,,,,,,,,,,,,,,,,,,,https://www.google.com/maps/search/?api=1&query=Friendship%20Baptist%20Church&query_place_id=ChIJadvilE9b54YRpZz6qSxmGi4,Baptist church
Ministerios Encuentro & Conexion,4.9,54,8800 Cristo Viene Dr,El Paso,Texas,US,http://www.mecelp.org/,(915) 592-1061,Church,,,,,,,,,,,,,,,,,,,,,,,https://www.google.com/maps/search/?api=1&query=Ministerios%20Encuentro%20%26%20Conexion&query_place_id=ChIJze_FaxpD54YRevybIT74LTw,Church
Restoration Community Church,5,8,11236 Montana Ave,El Paso,Texas,US,http://rccelp.com/,(915) 633-1544,Church,,,,,,,,,,,,,,,,,,,,,,,https://www.google.com/maps/search/?api=1&query=Restoration%20Community%20Church&query_place_id=ChIJhZfA59dE54YRNbMGPoeWjvE,Church
St Luke United Methodist Church,4.7,16,9915 Montwood Dr,El Paso,Texas,US,,(915) 591-8126,United Methodist church,,,,,,,,,,,,,,,,,,,,,,,https://www.google.com/maps/search/?api=1&query=St%20Luke%20United%20Methodist%20Church&query_place_id=ChIJp22xRjJb54YRYJMTI85slIU,United Methodist church
All Saints Episcopal Church,4.6,14,3500 McRae Blvd,El Paso,Texas,US,http://allsaintsepiscopalep.org/,(915) 598-0721,Episcopal church,,,,,,,,,,,,,,,,,,,,,,,https://www.google.com/maps/search/?api=1&query=All%20Saints%20Episcopal%20Church&query_place_id=ChIJJWDVrNFa54YRNCUD3Av3bPQ,Episcopal church
Roca Church,5,17,11205 Rojas Dr,El Paso,Texas,US,https://www.roca.church/,(915) 493-1516,Church,,,,,,,,,,,,,,,,,,,,,,,https://www.google.com/maps/search/?api=1&query=Roca%20Church&query_place_id=ChIJGT2Bb6BE54YRvn2WRHwCxVw,Church
Iglesia Cristiana El Pescador Church,4.3,14,3423 Lee Blvd,El Paso,Texas,US,,(915) 855-9231,Church,,,,,,,,,,,,,,,,,,,,,,,https://www.google.com/maps/search/?api=1&query=Iglesia%20Cristiana%20El%20Pescador%20Church&query_place_id=ChIJVQ4_UqtF54YRSBH8ehNrCKE,Church
El Dorado High School,,,12401 Edgemere Blvd,El Paso,Texas,US,https://www.sisd.net/o/eldorado,(915) 937-3200,High school,Architecture school,Community health center,Public educational institution,,,,,,,,,,,,,,,,,,,,https://www.google.com/maps/search/?api=1&query=El%20Dorado%20High%20School&query_place_id=ChIJkQdodixE54YRfGIR6BFBI2U,High school
Ysleta High School,,,8600 Alameda Ave,El Paso,Texas,US,https://www.yisd.net/ysletahigh,(915) 434-8000,High school,Public educational institution,,,,,,,,,,,,,,,,,,,,,,https://www.google.com/maps/search/?api=1&query=Ysleta%20High%20School&query_place_id=ChIJP7449ClD54YRfoABRr_5EyE,High school
Helen Ball Elementary,,,1950 Firehouse Dr,El Paso,Texas,US,https://www.sisd.net/o/helenball,(915) 937-8200,Elementary school,Kindergarten,Public educational institution,,,,,,,,,,,,,,,,,,,,,https://www.google.com/maps/search/?api=1&query=Helen%20Ball%20Elementary&query_place_id=ChIJyZFsbhJE54YRa7j3gP_XH6Q,Elementary school
Rainbow Pre-School,4.4,7,1580 Joe Battle Blvd,El Paso,Texas,US,,(915) 593-5817,Preschool,,,,,,,,,,,,,,,,,,,,,,,https://www.google.com/maps/search/?api=1&query=Rainbow%20Pre-School&query_place_id=ChIJmZWH5XND54YRlg6n_cpJVFs,Preschool
ProAction Emergency Services Institute,4.9,382,1400 George Dieter Dr #260,El Paso,Texas,US,http://www.pro-action.org/,(915) 532-2771,Emergency training school,Adult education school,Ambulance service,Emergency care service,Event management company,Event planner,First aid station,Medical school,Safety equipment supplier,Trade school,,,,,,,,,,,,,,https://www.google.com/maps/search/?api=1&query=ProAction%20Emergency%20Services%20Institute&query_place_id=ChIJdd3sVFda54YRMvhUvvnkong,Emergency training school
Montwood Middle School,,,11710 Pebble Hills Blvd,El Paso,Texas,US,https://www.sisd.net/o/montwoodms,(915) 937-5800,Middle school,Community health center,Public educational institution,,,,,,,,,,,,,,,,,,,,,https://www.google.com/maps/search/?api=1&query=Montwood%20Middle%20School&query_place_id=ChIJHZFUCUZE54YRUkcHYUaZZSA,Middle school
Benito Martinez Elementary,,,2640 Robert Wynn St,El Paso,Texas,US,https://www.sisd.net/o/benitomartinez,(915) 937-8000,Elementary school,Kindergarten,Preschool,Public educational institution,,,,,,,,,,,,,,,,,,,,https://www.google.com/maps/search/?api=1&query=Benito%20Martinez%20Elementary&query_place_id=ChIJIaAHqkRE54YRGaSInHI6VVk,Elementary school
Spc. Rafael Hernando III Middle,,,3451 Rich Beem Blvd,El Paso,Texas,US,https://www.sisd.net/o/spcrafaelhernando,(915) 937-9800,Middle school,Public educational institution,,,,,,,,,,,,,,,,,,,,,,https://www.google.com/maps/search/?api=1&query=Spc.%20Rafael%20Hernando%20III%20Middle&query_place_id=ChIJ_6J67YVG54YRrGzulJS6DK0,Middle school
St. Christopher's Episcopal Church,5,3,300 Riverside Dr,El Paso,Texas,US,,(915) 859-9329,Church,,,,,,,,,,,,,,,,,,,,,,,https://www.google.com/maps/search/?api=1&query=St.%20Christopher's%20Episcopal%20Church&query_place_id=ChIJJYjv8wpd54YR35l9wzTIH-c,Church
House of Purpose Church International,5,2,11220 Rojas Dr Ste. C 3,El Paso,Texas,US,,,Christian church,,,,,,,,,,,,,,,,,,,,,,,https://www.google.com/maps/search/?api=1&query=House%20of%20Purpose%20Church%20International&query_place_id=ChIJC2L75OVD54YRHbtHpT-aJYI,Christian church
Zion Lutheran Church,4.9,16,2800 Pershing Dr,El Paso,Texas,US,https://zionelpaso.org/,(915) 566-4667,Lutheran church,,,,,,,,,,,,,,,,,,,,,,,https://www.google.com/maps/search/?api=1&query=Zion%20Lutheran%20Church&query_place_id=ChIJV02axJdZ54YRK0d9xw41JMY,Lutheran church
First Church of the Nazarene,5,11,2520 Silver Ave,El Paso,Texas,US,https://epfirstnaz.org/,(915) 565-4649,Church of the Nazarene,,,,,,,,,,,,,,,,,,,,,,,https://www.google.com/maps/search/?api=1&query=First%20Church%20of%20the%20Nazarene&query_place_id=ChIJNyqXB79Z54YRoLn-CIzfsPo,Church of the Nazarene
The Church in El Paso - East District,5,2,11395 James Watt Dr STE A9,El Paso,Texas,US,,,Church,,,,,,,,,,,,,,,,,,,,,,,https://www.google.com/maps/search/?api=1&query=The%20Church%20in%20El%20Paso%20-%20East%20District&query_place_id=ChIJLyx5F41D54YR8TCG09AUBYg,Church
At His Feet Church | Iglesia A Sus Pies,4.6,28,440 S Yarbrough Dr,El Paso,Texas,US,https://www.athisfeetchurch.org/,(915) 704-7300,Church,,,,,,,,,,,,,,,,,,,,,,,https://www.google.com/maps/search/?api=1&query=At%20His%20Feet%20Church%20%7C%20Iglesia%20A%20Sus%20Pies&query_place_id=ChIJyV61_4Rd54YRvZ6lnwePOB0,Church
Community Baptist Church,4.7,15,7801 Phoenix Ave,El Paso,Texas,US,http://communitybaptistep.org/church/,(915) 598-7778,Baptist church,,,,,,,,,,,,,,,,,,,,,,,https://www.google.com/maps/search/?api=1&query=Community%20Baptist%20Church&query_place_id=ChIJy2_xi05b54YRrbV59U7QgUg,Baptist church
St. Alban's Episcopal Church,4.9,14,1810 Elm St,El Paso,Texas,US,http://saintalbanelpaso.org/,(915) 565-2727,Episcopal church,Church,,,,,,,,,,,,,,,,,,,,,,https://www.google.com/maps/search/?api=1&query=St.%20Alban's%20Episcopal%20Church&query_place_id=ChIJnzPXOehZ54YRss7d6QxliQ8,Episcopal church
Montana Avenue Church of Christ / Iglesia de Cristo,5,10,3101 Montana Ave,El Paso,Texas,US,http://www.nuestravision.org/,(915) 565-8731,Church of Christ,Christian church,Religious institution,,,,,,,,,,,,,,,,,,,,,https://www.google.com/maps/search/?api=1&query=Montana%20Avenue%20Church%20of%20Christ%20%2F%20Iglesia%20de%20Cristo&query_place_id=ChIJj9L8MpdZ54YRyuhNy27QDnk,Church of Christ
Saint Peter Missionary Baptist Church,4.6,10,3550 George Dieter Dr,El Paso,Texas,US,,(915) 855-2143,Church,Baptist church,,,,,,,,,,,,,,,,,,,,,,https://www.google.com/maps/search/?api=1&query=Saint%20Peter%20Missionary%20Baptist%20Church&query_place_id=ChIJsyaULwdF54YRV4HKUv13rBw,Church
EPCC Valle Verde Enrollment Center,1.8,4,600 College Creek,El Paso,Texas,US,,,Community college,,,,,,,,,,,,,,,,,,,,,,,https://www.google.com/maps/search/?api=1&query=EPCC%20Valle%20Verde%20Enrollment%20Center&query_place_id=ChIJg1znJMVb54YRQyRTF0yxjE0,Community college
Milan Institute of Cosmetology - El Paso,4.7,1234,1580 George Dieter Dr Ste 207,El Paso,Texas,US,https://milaninstitute.edu/locations/el-paso-texas/,(915) 213-0470,College,Barber school,Beauty salon,Beauty school,,,,,,,,,,,,,,,,,,,,https://www.google.com/maps/search/?api=1&query=Milan%20Institute%20of%20Cosmetology%20-%20El%20Paso&query_place_id=ChIJCSZYQYBE54YRPgW0D6ds1bQ,College
Freedom Victory Bible College,5,2,11675 Pratt Ave,El Paso,Texas,US,http://www.freedomvictory.com/,(915) 383-1483,College,,,,,,,,,,,,,,,,,,,,,,,https://www.google.com/maps/search/?api=1&query=Freedom%20Victory%20Bible%20College&query_place_id=ChIJ97sfADVF54YRoivOQ9Qd8hA,College
Bronx Barber College,4.4,33,1360 Lee Trevino Dr,El Paso,Texas,US,https://bronxbarbercollege.com/,(915) 260-9088,Barber school,School,,,,,,,,,,,,,,,,,,,,,,https://www.google.com/maps/search/?api=1&query=Bronx%20Barber%20College&query_place_id=ChIJ43E4MBZD54YRyStzK316hp4,Barber school
EPCC Culinary Arts Greenhouse,,,"El Paso Community College Administration, 9050 Viscount Blvd",El Paso,Texas,US,http://www.epcc.edu/,(915) 831-3722,College,,,,,,,,,,,,,,,,,,,,,,,https://www.google.com/maps/search/?api=1&query=EPCC%20Culinary%20Arts%20Greenhouse&query_place_id=ChIJlfdpRwBb54YRvE9nkarbAVo,College
Shiloh Christian Academy,,,8800 Cristo Viene Dr,El Paso,Texas,US,https://scaelp.org/,(915) 592-1909,Private educational institution,,,,,,,,,,,,,,,,,,,,,,,https://www.google.com/maps/search/?api=1&query=Shiloh%20Christian%20Academy&query_place_id=ChIJze_FaxpD54YRc1Azn8aPELI,Private educational institution
David L. Carrasco Job Corps Center,3.7,101,11155 Gateway Blvd W,El Paso,Texas,US,https://davidlcarrasco.jobcorps.gov/,(915) 594-0022,Technical school,,,,,,,,,,,,,,,,,,,,,,,https://www.google.com/maps/search/?api=1&query=David%20L.%20Carrasco%20Job%20Corps%20Center&query_place_id=ChIJSygeTqdE54YRLT7mH3avNAk,Technical school
John Drugan School,,,12451 Pellicano Dr,El Paso,Texas,US,https://www.sisd.net/o/johndrugan,(915) 937-6800,Elementary school,Kindergarten,Middle school,Preschool,Public educational institution,School,,,,,,,,,,,,,,,,,,https://www.google.com/maps/search/?api=1&query=John%20Drugan%20School&query_place_id=ChIJy2t7dN5D54YRzPZ3V2nMQr4,Elementary school
Bel Air High School,,,731 N Yarbrough Dr,El Paso,Texas,US,http://belair.yisd.net/,(915) 434-2000,High school,School,,,,,,,,,,,,,,,,,,,,,,https://www.google.com/maps/search/?api=1&query=Bel%20Air%20High%20School&query_place_id=ChIJp8uRrqxE54YRk3gcL1hBOts,High school
Loma Verde Elementary,,,12150 Ted Houghton Dr,El Paso,Texas,US,https://www.sisd.net/o/lomaverde,(915) 937-8600,Elementary school,Kindergarten,Preschool,Public educational institution,,,,,,,,,,,,,,,,,,,,https://www.google.com/maps/search/?api=1&query=Loma%20Verde%20Elementary&query_place_id=ChIJL3U90rBD54YRvIKlQH65j-s,Elementary school
Jane A. Hambric School,,,3535 Nolan Richardson Dr,El Paso,Texas,US,https://www.sisd.net/o/janehambric,(915) 937-4600,Elementary school,Kindergarten,Middle school,Preschool,Public educational institution,School,,,,,,,,,,,,,,,,,,https://www.google.com/maps/search/?api=1&query=Jane%20A.%20Hambric%20School&query_place_id=ChIJE1x4GbVF54YRkEWpuZ3PxDE,Elementary school
West Texas Driving Academy,4.1,135,12371 Edgemere Blvd #213,El Paso,Texas,US,http://www.westtexasdriving.com/,(915) 857-1700,Driving school,,,,,,,,,,,,,,,,,,,,,,,https://www.google.com/maps/search/?api=1&query=West%20Texas%20Driving%20Academy&query_place_id=ChIJuaPcsy1E54YRXoBSewtbpkI,Driving school
Sgt. Roberto Ituarte Elementary,,,12860 Tierra Sonora Dr,El Paso,Texas,US,https://www.sisd.net/o/sgtrobertoituarte,(915) 937-7000,Elementary school,Kindergarten,Preschool,Public educational institution,,,,,,,,,,,,,,,,,,,,https://www.google.com/maps/search/?api=1&query=Sgt.%20Roberto%20Ituarte%20Elementary&query_place_id=ChIJRe1Ro4VG54YRNyCtRppltjM,Elementary school
Jesus Chapel School,,,10200 Album Ave,El Paso,Texas,US,http://www.jchapel.org/,(915) 593-1153,Private educational institution,Preschool,,,,,,,,,,,,,,,,,,,,,,https://www.google.com/maps/search/?api=1&query=Jesus%20Chapel%20School&query_place_id=ChIJHzfXttRE54YRdCkkLUDYp_c,Private educational institution
William D. Slider Middle,,,11700 School Ln,El Paso,Texas,US,https://www.sisd.net/o/williamslider,(915) 937-5400,Middle school,Community health center,Public educational institution,,,,,,,,,,,,,,,,,,,,,https://www.google.com/maps/search/?api=1&query=William%20D.%20Slider%20Middle&query_place_id=ChIJ873WCW9E54YRxwPjLyQPPaE,Middle school
Sun City Driving School - East,4.6,190,12300 Pellicano Dr,El Paso,Texas,US,http://www.suncitydriving.com/,(915) 858-0080,Driving school,School,,,,,,,,,,,,,,,,,,,,,,https://www.google.com/maps/search/?api=1&query=Sun%20City%20Driving%20School%20-%20East&query_place_id=ChIJb_w3YcFD54YRN01YMXzL11M,Driving school
Montwood High School,,,12000 Montwood Dr,El Paso,Texas,US,https://www.sisd.net/o/montwoodhs,(915) 937-2400,High school,Public educational institution,,,,,,,,,,,,,,,,,,,,,,https://www.google.com/maps/search/?api=1&query=Montwood%20High%20School&query_place_id=ChIJW7gZXG1E54YRkNDKT9McdbY,High school
Lujan-Chavez Elementary,,,2200 Sun Country Dr,El Paso,Texas,US,https://www.sisd.net/o/lujanchavez,(915) 937-8700,Elementary school,Kindergarten,Preschool,Public educational institution,,,,,,,,,,,,,,,,,,,,https://www.google.com/maps/search/?api=1&query=Lujan-Chavez%20Elementary&query_place_id=ChIJBaMENh5E54YRBGrr_BvIWhw,Elementary school
L. Frederick Francis Graduate School of Biomedical Sciences,4.7,3,5001 El Paso Dr,El Paso,Texas,US,http://elpaso.ttuhsc.edu/gsbs,(915) 215-4157,University,,,,,,,,,,,,,,,,,,,,,,,https://www.google.com/maps/search/?api=1&query=L.%20Frederick%20Francis%20Graduate%20School%20of%20Biomedical%20Sciences&query_place_id=ChIJBf9DRtJb54YRdhkqSdT5Ct0,University
St. John Paul II,4.4,14,518 Gallagher St,El Paso,Texas,US,https://www.parishesonline.com/find/st-john-paul-ii-79915,(915) 592-5245,Catholic church,,,,,,,,,,,,,,,,,,,,,,,https://www.google.com/maps/search/?api=1&query=St.%20John%20Paul%20II&query_place_id=ChIJJzCOv8Jd54YR6FLw116Ze-o,Catholic church
El Paso Central English Seventh-day Adventist Church,4.6,39,1801 McRae Blvd,El Paso,Texas,US,http://elpasocentral.org/,(915) 598-7730,Seventh-day Adventist church,Christian church,,,,,,,,,,,,,,,,,,,,,,https://www.google.com/maps/search/?api=1&query=El%20Paso%20Central%20English%20Seventh-day%20Adventist%20Church&query_place_id=ChIJY9ovIzdb54YRqpduadSQcU4,Seventh-day Adventist church
Morning Star Christian Church,4.4,7,1852 Dale Douglas Dr STE D,El Paso,Texas,US,https://m.facebook.com/profile.php?id=427810550748218&ref=content_filter,(915) 256-4115,Christian church,Non-profit organization,,,,,,,,,,,,,,,,,,,,,,https://www.google.com/maps/search/?api=1&query=Morning%20Star%20Christian%20Church&query_place_id=ChIJ3Ztn04xE54YRS_dLh709tgw,Christian church
Surrendered Church,5,3,8617 N Loop Dr,El Paso,Texas,US,http://wearesurrendered.com/,(915) 229-5723,Church,,,,,,,,,,,,,,,,,,,,,,,https://www.google.com/maps/search/?api=1&query=Surrendered%20Church&query_place_id=ChIJ6WvXkupD54YRLzegFPfTSl8,Church
Garden of Grace Church,,,2521 Samoa Dr,El Paso,Texas,US,http://gardenofgracechurch.com/,(915) 841-7130,Church,,,,,,,,,,,,,,,,,,,,,,,https://www.google.com/maps/search/?api=1&query=Garden%20of%20Grace%20Church&query_place_id=ChIJwx9ZD5pb54YReYwqluX8t4c,Church
Montwood Church of Nazarene,5,2,10640 Montwood Dr,El Paso,Texas,US,,(915) 592-7434,Church of the Nazarene,,,,,,,,,,,,,,,,,,,,,,,https://www.google.com/maps/search/?api=1&query=Montwood%20Church%20of%20Nazarene&query_place_id=ChIJK5DaH8RE54YRH-PTee-C2-E,Church of the Nazarene
Greater Mount Olive Baptist Church,4,9,718 La Paz Dr,El Paso,Texas,US,http://www.gmobcelpaso.org/,(915) 591-5244,Baptist church,Church,,,,,,,,,,,,,,,,,,,,,,https://www.google.com/maps/search/?api=1&query=Greater%20Mount%20Olive%20Baptist%20Church&query_place_id=ChIJ6QRyilNb54YRTK_a8T39S04,Baptist church
Holy Light Church,5,4,5922 Trowbridge Dr,El Paso,Texas,US,https://www.holylightcogic.com/,,Religious institution,,,,,,,,,,,,,,,,,,,,,,,https://www.google.com/maps/search/?api=1&query=Holy%20Light%20Church&query_place_id=ChIJmwM5ikpa54YRerdViKDu5oA,Religious institution
Heart for the World Fil-am Church,2,1,3105 N Yarbrough Dr Suite A,El Paso,Texas,US,https://www.facebook.com/HftwFilAmChurch?mibextid=LQQJ4d,(915) 539-9627,Church,,,,,,,,,,,,,,,,,,,,,,,https://www.google.com/maps/search/?api=1&query=Heart%20for%20the%20World%20Fil-am%20Church&query_place_id=ChIJMxn2GAVF54YRM3I37c96JSA,Church
St Andrew Presbyterian Church,4.9,9,2155 Wedgewood Dr,El Paso,Texas,US,,(915) 598-7577,Presbyterian church,,,,,,,,,,,,,,,,,,,,,,,https://www.google.com/maps/search/?api=1&query=St%20Andrew%20Presbyterian%20Church&query_place_id=ChIJmQrhXjJb54YRQB6_4Uwxx1I,Presbyterian church
First Baptist Church,5,1,11985 Pellicano Dr,El Paso,Texas,US,,(903) 215-8224,Baptist church,,,,,,,,,,,,,,,,,,,,,,,https://www.google.com/maps/search/?api=1&query=First%20Baptist%20Church&query_place_id=ChIJI10irzBD54YRNsYhqe78nto,Baptist church
Agape Cumberland Presbyterian Church,4,8,11299 Pebble Hills Blvd,El Paso,Texas,US,,(915) 592-6138,Presbyterian church,,,,,,,,,,,,,,,,,,,,,,,https://www.google.com/maps/search/?api=1&query=Agape%20Cumberland%20Presbyterian%20Church&query_place_id=ChIJX1USfflE54YRfHUIBu9vUxc,Presbyterian church
New Heights Baptist Church,,,11500 Pellicano Dr,El Paso,Texas,US,http://www.newheightselpaso.com/contact/,(915) 545-3456,Baptist church,,,,,,,,,,,,,,,,,,,,,,,https://www.google.com/maps/search/?api=1&query=New%20Heights%20Baptist%20Church&query_place_id=ChIJ____Rm1E54YRFw2wIStRftY,Baptist church
EPCC Massage Therapy,5,6,9050 Viscount Blvd Bldg b,El Paso,Texas,US,https://www.epcc.edu/Academics/ContinuingEducation/HealthAndFitness/massage-therapy,(915) 831-6547,Massage school,,,,,,,,,,,,,,,,,,,,,,,https://www.google.com/maps/search/?api=1&query=EPCC%20Massage%20Therapy&query_place_id=ChIJJ-02Hxhb54YRMOtpeEYalGo,Massage school
Woody L. Hunt School of Dental Medicine,5,3,137 Rick Francis St,El Paso,Texas,US,https://elpaso.ttuhsc.edu/sdm/,(915) 215-4231,University,,,,,,,,,,,,,,,,,,,,,,,https://www.google.com/maps/search/?api=1&query=Woody%20L.%20Hunt%20School%20of%20Dental%20Medicine&query_place_id=ChIJc5zUopVb54YRDNIXfwz6GYA,University
Purposeful Life Fellowship Church,5,1,,El Paso,Texas,US,,,Religious institution,,,,,,,,,,,,,,,,,,,,,,,https://www.google.com/maps/search/?api=1&query=Purposeful%20Life%20Fellowship%20Church&query_place_id=ChIJzdpCO1ta54YRLTk81AxjN28,Religious institution
Sendero Church,5,3,3023 Alameda Ave,El Paso,Texas,US,http://www.senderochurch.weebly.com/,(915) 383-3888,Church,,,,,,,,,,,,,,,,,,,,,,,https://www.google.com/maps/search/?api=1&query=Sendero%20Church&query_place_id=ChIJucl-iJ5Z54YRfrShHP0r94c,Church
New Spirit Church Suite G,3.9,8,12025 Rojas Dr,El Paso,Texas,US,,,Church,,,,,,,,,,,,,,,,,,,,,,,https://www.google.com/maps/search/?api=1&query=New%20Spirit%20Church%20Suite%20G&query_place_id=ChIJ8yaTsRlD54YRqOqnvsJQAyw,Church
WOW Church (Words of Wisdom),5,7,9030 Mayflower Ave,El Paso,Texas,US,,(915) 443-1504,Church,,,,,,,,,,,,,,,,,,,,,,,https://www.google.com/maps/search/?api=1&query=WOW%20Church%20(Words%20of%20Wisdom)&query_place_id=ChIJkX9ucl1b54YRzvo-YykzLLc,Church
La Verdad Community Church,5,7,7721 N Loop Dr,El Paso,Texas,US,,(915) 591-3305,Baptist church,,,,,,,,,,,,,,,,,,,,,,,https://www.google.com/maps/search/?api=1&query=La%20Verdad%20Community%20Church&query_place_id=ChIJqSkGoqdc54YRnm-3SWPceCo,Baptist church
Valley Baptist Church,5,4,269 Chanticleer Pl,El Paso,Texas,US,http://www.valleybaptistelpaso.com/,(915) 345-9208,Baptist church,,,,,,,,,,,,,,,,,,,,,,,https://www.google.com/maps/search/?api=1&query=Valley%20Baptist%20Church&query_place_id=ChIJvZ5gdLtc54YRc6t6ImyE5Q0,Baptist church
El Paso Smyrna Seventh-day Adventist Church,4.4,13,10560 Shannon Pl,El Paso,Texas,US,https://smyrnatx.adventistchurch.org/,,Seventh-day Adventist church,,,,,,,,,,,,,,,,,,,,,,,https://www.google.com/maps/search/?api=1&query=El%20Paso%20Smyrna%20Seventh-day%20Adventist%20Church&query_place_id=ChIJmbGmdSVF54YR-dKTt8eezck,Seventh-day Adventist church
Faith Presbyterian Church,4.8,4,661 Lomaland Dr,El Paso,Texas,US,,(915) 598-6735,Presbyterian church,,,,,,,,,,,,,,,,,,,,,,,https://www.google.com/maps/search/?api=1&query=Faith%20Presbyterian%20Church&query_place_id=ChIJub7j9E5D54YRBBYo38WhlUs,Presbyterian church
Rally Point Church,5,2,8515 Lockheed Dr,El Paso,Texas,US,http://rallypointchurchep.com/,(915) 383-0875,Church,,,,,,,,,,,,,,,,,,,,,,,https://www.google.com/maps/search/?api=1&query=Rally%20Point%20Church&query_place_id=ChIJfew-i6xb54YRt8239so7s1k,Church
El Paso Deaf Baptist Church,3.7,3,2011 Magoffin Ave,El Paso,Texas,US,,,Church,,,,,,,,,,,,,,,,,,,,,,,https://www.google.com/maps/search/?api=1&query=El%20Paso%20Deaf%20Baptist%20Church&query_place_id=ChIJy-457zpZ54YRiTWSU_JRD98,Church
La Vid Verdadera Church,5,1,11237 Pellicano Dr,El Paso,Texas,US,,,Religious institution,,,,,,,,,,,,,,,,,,,,,,,https://www.google.com/maps/search/?api=1&query=La%20Vid%20Verdadera%20Church&query_place_id=ChIJGb2AEZ9E54YRILAPCcoIMjM,Religious institution
Church of God Seventh Day Central,5,4,3301 Montana Ave,El Paso,Texas,US,,,Church,,,,,,,,,,,,,,,,,,,,,,,https://www.google.com/maps/search/?api=1&query=Church%20of%20God%20Seventh%20Day%20Central&query_place_id=ChIJr1sPX5BZ54YRAJcMfkTDMi8,Church
Phillips Chapel CME Church,5,2,3432 Wyoming Ave,El Paso,Texas,US,,(915) 307-5543,Church,,,,,,,,,,,,,,,,,,,,,,,https://www.google.com/maps/search/?api=1&query=Phillips%20Chapel%20CME%20Church&query_place_id=ChIJnexU0ppZ54YRoxjmUtF7WbU,Church
St James-Myrtle United Methodist,5,3,1128 Lomaland Dr,El Paso,Texas,US,,(915) 598-4413,United Methodist church,,,,,,,,,,,,,,,,,,,,,,,https://www.google.com/maps/search/?api=1&query=St%20James-Myrtle%20United%20Methodist&query_place_id=ChIJKdL0tllD54YRcNq2S_JWhto,United Methodist church
El Paso Latin Foursquare Church,5,2,,El Paso,Texas,US,,,Foursquare church,,,,,,,,,,,,,,,,,,,,,,,https://www.google.com/maps/search/?api=1&query=El%20Paso%20Latin%20Foursquare%20Church&query_place_id=ChIJS6HoaeZZ54YRp9sQD3LWOkE,Foursquare church
Pebble Hills Presbyterian Church,,,11228 Warbonnet Dr,El Paso,Texas,US,,,Church,Professional services,,,,,,,,,,,,,,,,,,,,,,https://www.google.com/maps/search/?api=1&query=Pebble%20Hills%20Presbyterian%20Church&query_place_id=ChIJDZZU4ftE54YRjm-zAq8tels,Church
First Church Of God,5,4,7623 Wilcox Dr,El Paso,Texas,US,,,Church,,,,,,,,,,,,,,,,,,,,,,,https://www.google.com/maps/search/?api=1&query=First%20Church%20Of%20God&query_place_id=ChIJFeP_qUdb54YRQcH7b4Grl3A,Church
Templo Christiano Vencedores,,,11450 James Watt Dr,El Paso,Texas,US,,(915) 629-9230,Church,,,,,,,,,,,,,,,,,,,,,,,https://www.google.com/maps/search/?api=1&query=Templo%20Christiano%20Vencedores&query_place_id=ChIJSU1xnGND54YRXFrausJ8AOI,Church
Tonal Teokalli Church,1,1,8148 Cooley Ave,El Paso,Texas,US,,(915) 858-2692,Church,,,,,,,,,,,,,,,,,,,,,,,https://www.google.com/maps/search/?api=1&query=Tonal%20Teokalli%20Church&query_place_id=ChIJu1CUIwBd54YRQ_-ML2PuO9U,Church
Loma Terrace Baptist Church,5,4,1003 Lomaland Dr,El Paso,Texas,US,,,Church,,,,,,,,,,,,,,,,,,,,,,,https://www.google.com/maps/search/?api=1&query=Loma%20Terrace%20Baptist%20Church&query_place_id=ChIJE9IlclpD54YRsd7HsKc3bhY,Church
Apostolic Faith Bible Fellowship Church,,,,El Paso,Texas,US,,,Church,,,,,,,,,,,,,,,,,,,,,,,https://www.google.com/maps/search/?api=1&query=Apostolic%20Faith%20Bible%20Fellowship%20Church&query_place_id=ChIJU91sveha54YR6L1-UpXEs6A,Church
important church updates,,,11385 James Watt Dr,El Paso,Texas,US,,(915) 873-6305,Church,,,,,,,,,,,,,,,,,,,,,,,https://www.google.com/maps/search/?api=1&query=important%20church%20updates&query_place_id=ChIJObR89WFD54YRywpQWkc4d-Y,Church
Restoration Community Church,,,,El Paso,Texas,US,,,Religious institution,,,,,,,,,,,,,,,,,,,,,,,https://www.google.com/maps/search/?api=1&query=Restoration%20Community%20Church&query_place_id=ChIJbZjS69dE54YR0_Dv1hOddlA,Religious institution
Tigua Baptist Church,,,,El Paso,Texas,US,,,Church,,,,,,,,,,,,,,,,,,,,,,,https://www.google.com/maps/search/?api=1&query=Tigua%20Baptist%20Church&query_place_id=ChIJQztopqdc54YR8HHBhVTO5Uo,Church
El Divino Redentor Church of God in Christ,5,1,426 N Carolina Dr,El Paso,Texas,US,,,Pentecostal church,,,,,,,,,,,,,,,,,,,,,,,https://www.google.com/maps/search/?api=1&query=El%20Divino%20Redentor%20Church%20of%20God%20in%20Christ&query_place_id=ChIJtyAIw6pb54YR9v0XgmvRDXQ,Pentecostal church
Agapa Cumberland Presbyterian Church,,,12008 Fred Carter Dr,El Paso,Texas,US,,,Presbyterian church,,,,,,,,,,,,,,,,,,,,,,,https://www.google.com/maps/search/?api=1&query=Agapa%20Cumberland%20Presbyterian%20Church&query_place_id=ChIJVWWXDyFD54YR8_c-Vpi87ww,Presbyterian church
Westside KinderCare,4.5,63,6923 Enid Ct,El Paso,Texas,US,https://www.kindercare.com/our-centers/el-paso/tx/300274?utm_campaign=kc-lg&utm_source=yext&utm_medium=pro&utm_keyword=&utm_platform=&utm_matchtype=&utm_adgroupid=&utm_content=gmb&y_source=1_NTA3MTk0LTcxNS1sb2NhdGlvbi53ZWJzaXRl,(915) 581-5628,Preschool,Day care center,Kindergarten,,,,,,,,,,,,,,,,,,,,,https://www.google.com/maps/search/?api=1&query=Westside%20KinderCare&query_place_id=ChIJP8dfrWT43YYRS08fl1MwK30,Preschool
Christian Life Center Scotsdale Baptist Church,,,Cork Dr,El Paso,Texas,US,,,Religious institution,,,,,,,,,,,,,,,,,,,,,,,https://www.google.com/maps/search/?api=1&query=Christian%20Life%20Center%20Scotsdale%20Baptist%20Church&query_place_id=ChIJs7mkhtVa54YRTMjn6m85T_g,Religious institution
James P. Butler Elementary,,,14251 Ralph Seitsinger,El Paso,Texas,US,https://www.sisd.net/o/jamesbutler,(915) 937-8900,Elementary school,Kindergarten,Preschool,Public educational institution,,,,,,,,,,,,,,,,,,,,https://www.google.com/maps/search/?api=1&query=James%20P.%20Butler%20Elementary&query_place_id=ChIJc8b3--1G54YRf4j4_6OqjLc,Elementary school
Cactus Trails Elementary,,,14701 Ralph Seitsinger,El Paso,Texas,US,https://www.sisd.net/o/cactustrails,(915) 938-2600,Elementary school,Kindergarten,Preschool,Public educational institution,,,,,,,,,,,,,,,,,,,,https://www.google.com/maps/search/?api=1&query=Cactus%20Trails%20Elementary&query_place_id=ChIJo3D_5zFH54YRE7unr15uEjY,Elementary school
Sgt. Jose F. Carrasco Elementary,,,14900 Tierra Mirage Ave,El Paso,Texas,US,https://www.sisd.net/o/sgtjosecarrasco,(915) 938-2400,Elementary school,Kindergarten,Preschool,Public educational institution,,,,,,,,,,,,,,,,,,,,https://www.google.com/maps/search/?api=1&query=Sgt.%20Jose%20F.%20Carrasco%20Elementary&query_place_id=ChIJD6-41SZH54YREPPC3ByYmqI,Elementary school
Texas Creative Careers of Arts,4.3,23,12301 Rojas Dr Ste A11,El Paso,Texas,US,http://texascreativecareers.com/,(915) 590-7001,Vocational school,,,,,,,,,,,,,,,,,,,,,,,https://www.google.com/maps/search/?api=1&query=Texas%20Creative%20Careers%20of%20Arts&query_place_id=ChIJJdU6WX9D54YRXOcEoSsEUXk,Vocational school
Damarys,,,3513 Tierra Vergel Dr,El Paso,Texas,US,,,College,,,,,,,,,,,,,,,,,,,,,,,https://www.google.com/maps/search/?api=1&query=Damarys&query_place_id=ChIJ8d2PbgBH54YRbe6JmLZCR5U,College
Pebble Hills High School,,,14400 Pebble Hills Blvd,El Paso,Texas,US,https://www.sisd.net/o/pebblehills,(915) 937-9400,High school,Public educational institution,,,,,,,,,,,,,,,,,,,,,,https://www.google.com/maps/search/?api=1&query=Pebble%20Hills%20High%20School&query_place_id=ChIJHc0r1OlG54YRHP6IqhIaKcs,High school
Trucco Beauty Institute,4.3,193,11385 James Watt Dr Ste B8-B10,El Paso,Texas,US,https://truccobeautyins.com/,(915) 777-9633,Beauty school,,,,,,,,,,,,,,,,,,,,,,,https://www.google.com/maps/search/?api=1&query=Trucco%20Beauty%20Institute&query_place_id=ChIJJT3xF2JD54YRI8jaK9Mzxz0,Beauty school
Immanuel Technical Institute,,,1421 Lee Trevino Dr,El Paso,Texas,US,,(915) 849-1274,Technical school,,,,,,,,,,,,,,,,,,,,,,,https://www.google.com/maps/search/?api=1&query=Immanuel%20Technical%20Institute&query_place_id=ChIJq8YcsJ9E54YR1s5KFz6RkNA,Technical school
Teachers Alternative,,,2200 Lee Trevino Dr # B25,El Paso,Texas,US,,(915) 755-2671,College,,,,,,,,,,,,,,,,,,,,,,,https://www.google.com/maps/search/?api=1&query=Teachers%20Alternative&query_place_id=ChIJM647zutE54YR6zLhev-pqy0,College
Tierra Del Sol Elementary School,,,1832 Tommy Aaron Dr,El Paso,Texas,US,https://www.yisd.net/tierradelsol,(915) 434-5800,Elementary school,School,,,,,,,,,,,,,,,,,,,,,,https://www.google.com/maps/search/?api=1&query=Tierra%20Del%20Sol%20Elementary%20School&query_place_id=ChIJgza_Qo1E54YRsrtZ51o2p50,Elementary school
Glen Cove Elementary School,,,10955 Sam Snead Dr,El Paso,Texas,US,https://www.yisd.net/glencove,(915) 434-5500,Elementary school,Kindergarten,Preschool,School,,,,,,,,,,,,,,,,,,,,https://www.google.com/maps/search/?api=1&query=Glen%20Cove%20Elementary%20School&query_place_id=ChIJGTC7wehE54YRENZ4mqNUdTM,Elementary school
Pebble Hills Elementary School,,,11145 Edgemere Blvd,El Paso,Texas,US,https://www.yisd.net/pebblehills,(915) 434-5600,Elementary school,School,,,,,,,,,,,,,,,,,,,,,,https://www.google.com/maps/search/?api=1&query=Pebble%20Hills%20Elementary%20School&query_place_id=ChIJt2mtCR9F54YRWTOyV8kODtw,Elementary school
Vista Hills Elementary School,,,10801 La Subida Dr,El Paso,Texas,US,https://www.yisd.net/vistahills,(915) 434-5700,Elementary school,Kindergarten,Preschool,,,,,,,,,,,,,,,,,,,,,https://www.google.com/maps/search/?api=1&query=Vista%20Hills%20Elementary%20School&query_place_id=ChIJ9c0MS8dE54YR-atAA4KSoWw,Elementary school
Mission Valley Elementary School,,,8674 N Loop Dr,El Paso,Texas,US,,(915) 434-3700,Elementary school,School,,,,,,,,,,,,,,,,,,,,,,https://www.google.com/maps/search/?api=1&query=Mission%20Valley%20Elementary%20School&query_place_id=ChIJiyZGWRhD54YRN4AAZrp-Qtw,Elementary school
Southwest University Lounge,,,12703 Montana Ave Ste B1 and B2,El Paso,Texas,US,https://southwestuniversity.edu/,,School center,,,,,,,,,,,,,,,,,,,,,,,https://www.google.com/maps/search/?api=1&query=Southwest%20University%20Lounge&query_place_id=ChIJLXavRfVH54YROIewrQn9UiM,School center
Schreiner University (First Year Campus- El Paso),,,10801 Gateway Blvd W #400,El Paso,Texas,US,http://www.schreiner.edu/,,University,,,,,,,,,,,,,,,,,,,,,,,https://www.google.com/maps/search/?api=1&query=Schreiner%20University%20(First%20Year%20Campus-%20El%20Paso)&query_place_id=ChIJgzJq3a5E54YRA-FeNEgkKU8,University
San Pedro de Jesus Maldonado Catholic Church,4.9,64,3000 Tim Foster St,El Paso,Texas,US,https://sites.google.com/sanpedromaldonado.org/spjm-parish,(915) 271-8060,Catholic church,,,,,,,,,,,,,,,,,,,,,,,https://www.google.com/maps/search/?api=1&query=San%20Pedro%20de%20Jesus%20Maldonado%20Catholic%20Church&query_place_id=ChIJew62Z_hH54YRcwBqN9cjms8,Catholic church
Iglesia Universal,4.5,26,12200 Windermere Ave,El Paso,Texas,US,http://universalusa.org/,(713) 665-6115,Church,,,,,,,,,,,,,,,,,,,,,,,https://www.google.com/maps/search/?api=1&query=Iglesia%20Universal&query_place_id=ChIJoX8RbAdE54YR2LPPbPPrk9Q,Church
Jubilee Ministries,5,4,12309 Rojas Dr Suite B7,El Paso,Texas,US,https://www.facebook.com/cojubilee,,Church,,,,,,,,,,,,,,,,,,,,,,,https://www.google.com/maps/search/?api=1&query=Jubilee%20Ministries&query_place_id=ChIJFXd5UtdD54YRyIx4HSuBB_8,Church
Centro Vida Life Center Ministries,4.9,30,1335 Henry Brennan Dr,El Paso,Texas,US,https://centrovidalifecenter.com/about-us/,(915) 545-5555,Church,,,,,,,,,,,,,,,,,,,,,,,https://www.google.com/maps/search/?api=1&query=Centro%20Vida%20Life%20Center%20Ministries&query_place_id=ChIJmxIZPaJD54YR1Oj9xbzL8F4,Church
YWCA After School Programs,5,1,12150 Ted Houghton Dr,El Paso,Texas,US,https://www.ywcaelpaso.org/after-school-program,(915) 472-5937,Educational institution,,,,,,,,,,,,,,,,,,,,,,,https://www.google.com/maps/search/?api=1&query=YWCA%20After%20School%20Programs&query_place_id=ChIJVT-b0bZD54YRSxwNjUMjbRM,Educational institution
scolarships,,,14323 N Cave Dr,El Paso,Texas,US,,(334) 861-1085,School center,,,,,,,,,,,,,,,,,,,,,,,https://www.google.com/maps/search/?api=1&query=scolarships&query_place_id=ChIJPRvxy81H54YRUt4swZ1ZrFc,School center
Robotics,,,12605 Tierra Alzada Dr,El Paso,Texas,US,https://www.sisd.net/o/eldorado/page/student-programs,,High school,,,,,,,,,,,,,,,,,,,,,,,https://www.google.com/maps/search/?api=1&query=Robotics&query_place_id=ChIJ8SZN1XxF54YRN9jRsNPj8cI,High school
New City Fellowship,5,4,11385 James Watt Dr STE B2,El Paso,Texas,US,https://www.newcityep.com/,(915) 258-5213,Church,,,,,,,,,,,,,,,,,,,,,,,https://www.google.com/maps/search/?api=1&query=New%20City%20Fellowship&query_place_id=ChIJQZaenf1F54YR9JhiUjxdOnQ,Church
Worship Center,,,George Dieter Dr,El Paso,Texas,US,,,Religious institution,,,,,,,,,,,,,,,,,,,,,,,https://www.google.com/maps/search/?api=1&query=Worship%20Center&query_place_id=ChIJcalN0IBE54YR9sqrbxeI5rg,Religious institution
"Hope Is On the Rise; Cesar F. Prieto, Pastor",4.4,7,11055 Argal Ct,El Paso,Texas,US,,(915) 407-3697,Church,Non-denominational church,Non-profit organization,,,,,,,,,,,,,,,,,,,,,https://www.google.com/maps/search/?api=1&query=Hope%20Is%20On%20the%20Rise%3B%20Cesar%20F.%20Prieto%2C%20Pastor&query_place_id=ChIJRVAOspxZ54YRi9iMWDsnJMw,Church
The tree Of Life COG7,5,6,3546-3550 George Dieter Dr,El Paso,Texas,US,https://www.treeoflifecog7.com/,(915) 861-6117,Christian church,,,,,,,,,,,,,,,,,,,,,,,https://www.google.com/maps/search/?api=1&query=The%20tree%20Of%20Life%20COG7&query_place_id=ChIJU1WwLwdF54YR1eogDa9YCfg,Christian church
Logos,4.9,16,11390 Montana Ave,El Paso,Texas,US,,(915) 227-2096,Religious organization,Church,,,,,,,,,,,,,,,,,,,,,,https://www.google.com/maps/search/?api=1&query=Logos&query_place_id=ChIJuSz0FqhF54YRmJLwDsBSYQY,Religious organization
Centro Cristiano Sion,4.9,11,1145 N Zaragoza Rd,El Paso,Texas,US,http://www.centrocristianosion.org/,,Church,,,,,,,,,,,,,,,,,,,,,,,https://www.google.com/maps/search/?api=1&query=Centro%20Cristiano%20Sion&query_place_id=ChIJ9eR8Ug5D54YR4LP57AIKLHo,Church
Llamamiento De dios El Paso,4.3,24,1215 Kessler Dr,El Paso,Texas,US,,,Christian church,,,,,,,,,,,,,,,,,,,,,,,https://www.google.com/maps/search/?api=1&query=Llamamiento%20De%20dios%20El%20Paso&query_place_id=ChIJx1HBqm5D54YRqClK8kgfSAw,Christian church
Renuevo Centro Cristiano,4.7,13,1480 George Dieter Dr # A,El Paso,Texas,US,http://www.ccrenuevo.com/,,Christian church,,,,,,,,,,,,,,,,,,,,,,,https://www.google.com/maps/search/?api=1&query=Renuevo%20Centro%20Cristiano&query_place_id=ChIJsfUAZ39D54YRnaR-eHYGj6s,Christian church
Purple Heart Elementary,,,14400 GR Campuzano Dr,El Paso,Texas,US,https://www.sisd.net/o/purpleheart,(915) 938-2200,Elementary school,Kindergarten,Preschool,Public educational institution,,,,,,,,,,,,,,,,,,,,https://www.google.com/maps/search/?api=1&query=Purple%20Heart%20Elementary&query_place_id=ChIJ_erQIm5G54YRLUYt1SCaZVk,Elementary school
Dios es Bueno,4.8,52,900 Kastrin St,El Paso,Texas,US,https://www.diosesbuenoep.com/,(915) 706-4706,Christian church,Hispanic church,Place of worship,Youth group,,,,,,,,,,,,,,,,,,,,https://www.google.com/maps/search/?api=1&query=Dios%20es%20Bueno&query_place_id=ChIJrUN5i2pD54YRF2JcwCgnuPY,Christian church
Heart For World Hope Center,,,11220 Rojas Dr C-11,El Paso,Texas,US,,(915) 525-3440,Church,,,,,,,,,,,,,,,,,,,,,,,https://www.google.com/maps/search/?api=1&query=Heart%20For%20World%20Hope%20Center&query_place_id=ChIJ--VTf19D54YRMqxRll1EwLU,Church
Iglesia Del Dios Vivo,5,21,8800 Cristo Viene Dr,El Paso,Texas,US,https://mecelp.org/nosotros/pastores-principales/,(915) 592-1061,Church,,,,,,,,,,,,,,,,,,,,,,,https://www.google.com/maps/search/?api=1&query=Iglesia%20Del%20Dios%20Vivo&query_place_id=ChIJze_FaxpD54YR1doxIQv3-6o,Church
El Paso Palabra Viva,5,7,3601 Esper Dr,El Paso,Texas,US,,(915) 540-9833,Church,,,,,,,,,,,,,,,,,,,,,,,https://www.google.com/maps/search/?api=1&query=El%20Paso%20Palabra%20Viva&query_place_id=ChIJA8iTncVF54YRExX4L17ntu4,Church
Iglesia Jezreel,4.6,21,11360 Turner Rd,El Paso,Texas,US,,(915) 867-8092,Church,,,,,,,,,,,,,,,,,,,,,,,https://www.google.com/maps/search/?api=1&query=Iglesia%20Jezreel&query_place_id=ChIJ5ScOOAdF54YReqsGfojadnI,Church
Centro Cristiano Vida Manantial,5,2,11237 Pellicano Dr,El Paso,Texas,US,,,Church,,,,,,,,,,,,,,,,,,,,,,,https://www.google.com/maps/search/?api=1&query=Centro%20Cristiano%20Vida%20Manantial&query_place_id=ChIJlT2eap9E54YRjOhxmM7wEN4,Church
United|EP,,,3585 Lee Trevino Dr,El Paso,Texas,US,,(915) 595-0288,Church,,,,,,,,,,,,,,,,,,,,,,,https://www.google.com/maps/search/?api=1&query=United%7CEP&query_place_id=ChIJpWbo45VF54YR7mGEFH2r7HI,Church
We Stand for God Ministries,,,11281 Pocahantas,El Paso,Texas,US,https://letslanditinscripture.com/,(915) 353-8951,Christian church,,,,,,,,,,,,,,,,,,,,,,,https://www.google.com/maps/search/?api=1&query=We%20Stand%20for%20God%20Ministries&query_place_id=ChIJu9eBbNxF54YRE0LQzyRU3Vo,Christian church
MINISTERIOS EBENEZER EL PASO,5,7,11860 Rojas Dr,El Paso,Texas,US,http://www.ebenezerelpaso.com/,(915) 996-0543,Church,,,,,,,,,,,,,,,,,,,,,,,https://www.google.com/maps/search/?api=1&query=MINISTERIOS%20EBENEZER%20EL%20PASO&query_place_id=ChIJ7YURta9D54YR8HNzdhe9WdA,Church
Iglesia Apostolica Betel,5,11,9001 Cashew Dr #900,El Paso,Texas,US,,(915) 929-2341,Apostolic church,,,,,,,,,,,,,,,,,,,,,,,https://www.google.com/maps/search/?api=1&query=Iglesia%20Apostolica%20Betel&query_place_id=ChIJe5UOERtD54YRY3JuUUod1d4,Apostolic church
Colegio María Martínez,,,14509 Juan Diego Dr,El Paso,Texas,US,,,General education school,,,,,,,,,,,,,,,,,,,,,,,https://www.google.com/maps/search/?api=1&query=Colegio%20Mar%C3%ADa%20Mart%C3%ADnez&query_place_id=ChIJ92Ofn5NH54YRKvIoeSDDEV0,General education school
Culinary Institute by Southwest University,5,5,6101 Montana Ave,El Paso,Texas,US,https://southwestuniversity.edu/,(915) 778-4001,University,,,,,,,,,,,,,,,,,,,,,,,https://www.google.com/maps/search/?api=1&query=Culinary%20Institute%20by%20Southwest%20University&query_place_id=ChIJqbpuTSJb54YRuNfTes_ocW8,University
Groundzero youth,5,1,1401 Lomaland Dr,El Paso,Texas,US,,,Church,,,,,,,,,,,,,,,,,,,,,,,https://www.google.com/maps/search/?api=1&query=Groundzero%20youth&query_place_id=ChIJ31t94hNF54YRTp3Aqf8SNUw,Church
The Porch El Paso,,,3585 Lee Trevino Dr,El Paso,Texas,US,https://www.cielovista.church/unitedep,,Church,,,,,,,,,,,,,,,,,,,,,,,https://www.google.com/maps/search/?api=1&query=The%20Porch%20El%20Paso&query_place_id=ChIJ__8_xyJF54YRj1fr-R4Rphc,Church
La Mies El Paso Tx.,5,1,11440 Montwood Dr Bldg C,El Paso,Texas,US,,,Church,,,,,,,,,,,,,,,,,,,,,,,https://www.google.com/maps/search/?api=1&query=La%20Mies%20El%20Paso%20Tx.&query_place_id=ChIJZxXkkKBF54YRPXacUdW1k6g,Church
St patrick catedral,,,1828 Pete Brown Pl,El Paso,Texas,US,,,Church,,,,,,,,,,,,,,,,,,,,,,,https://www.google.com/maps/search/?api=1&query=St%20patrick%20catedral&query_place_id=ChIJIyZKWgBF54YRT0Uv1bg56Ro,Church
Ministerio Vida en Gracia,,,12025 Rojas Dr,El Paso,Texas,US,http://www.facebook.com/ministeriovidaengracia,(915) 303-4544,Church,,,,,,,,,,,,,,,,,,,,,,,https://www.google.com/maps/search/?api=1&query=Ministerio%20Vida%20en%20Gracia&query_place_id=ChIJQRJtwZ9D54YRVMB9K0_QST4,Church
Kingdom Hall,,,Holmsley Trail,El Paso,Texas,US,,,Religious destination,,,,,,,,,,,,,,,,,,,,,,,https://www.google.com/maps/search/?api=1&query=Kingdom%20Hall&query_place_id=ChIJ65MbWwBD54YRthLB-_dNCyA,Religious destination
Apostolic Christian Center,4.3,6,3519 Confederate Dr,El Paso,Texas,US,,(915) 857-8499,Apostolic church,,,,,,,,,,,,,,,,,,,,,,,https://www.google.com/maps/search/?api=1&query=Apostolic%20Christian%20Center&query_place_id=ChIJjyriR6xF54YR1m9Mb7Ity2c,Apostolic church
Centro Cristiano Sol de Justicia,3.5,2,12025 Rojas Dr Ste b,El Paso,Texas,US,,,Pentecostal church,,,,,,,,,,,,,,,,,,,,,,,https://www.google.com/maps/search/?api=1&query=Centro%20Cristiano%20Sol%20de%20Justicia&query_place_id=ChIJU1iYwZ9D54YRh5EvWcMF574,Pentecostal church
Centro Apostolico EL VIÑEDO,,,11444 Rojas Dr C16,El Paso,Texas,US,,,Church,,,,,,,,,,,,,,,,,,,,,,,https://www.google.com/maps/search/?api=1&query=Centro%20Apostolico%20EL%20VI%C3%91EDO&query_place_id=ChIJw84JPQBD54YRaoAJMseZdMQ,Church
Encuentro Juvenil,,,8800 Cristo Viene Dr,El Paso,Texas,US,,,Church,,,,,,,,,,,,,,,,,,,,,,,https://www.google.com/maps/search/?api=1&query=Encuentro%20Juvenil&query_place_id=ChIJ87zCaxpD54YRQuaSfb02vWE,Church
La Vid Verdadera,,,,El Paso,Texas,US,,,Church,,,,,,,,,,,,,,,,,,,,,,,https://www.google.com/maps/search/?api=1&query=La%20Vid%20Verdadera&query_place_id=ChIJsbUqWwVD54YRuVGpwIu_PQE,Church
Daystar Christian Academy,,,5318 Harlan Dr Building A,El Paso,Texas,US,https://www.daystarchristianacademylions.com/,(915) 349-9234,Private educational institution,,,,,,,,,,,,,,,,,,,,,,,https://www.google.com/maps/search/?api=1&query=Daystar%20Christian%20Academy&query_place_id=ChIJN3t7XoFR54YR-Minpo2WrnI,Private educational institution
Maranata Academy,,,8877 Geranium Dr,El Paso,Texas,US,,(915) 872-1177,Church,,,,,,,,,,,,,,,,,,,,,,,https://www.google.com/maps/search/?api=1&query=Maranata%20Academy&query_place_id=ChIJ0aQSkBBD54YRpYW_bEUq7Oo,Church
Celebration Christian Ministries,,,11236 Montana Ave,El Paso,Texas,US,,,Religious organization,Church,,,,,,,,,,,,,,,,,,,,,,https://www.google.com/maps/search/?api=1&query=Celebration%20Christian%20Ministries&query_place_id=ChIJLa5j_QVF54YRUErQWpTTHR8,Religious organization
Ministerios Pacto De Fe,,,11501 Rojas Dr STE. O,El Paso,Texas,US,http://www.mpdfelpaso.com/,(915) 271-9404,Church,,,,,,,,,,,,,,,,,,,,,,,https://www.google.com/maps/search/?api=1&query=Ministerios%20Pacto%20De%20Fe&query_place_id=ChIJCTBABsFD54YRxUPSd1dIFwc,Church
Iglesia Bautista Filadelfia,4.9,16,2400 George Dieter Dr,El Paso,Texas,US,,(915) 422-1765,Baptist church,,,,,,,,,,,,,,,,,,,,,,,https://www.google.com/maps/search/?api=1&query=Iglesia%20Bautista%20Filadelfia&query_place_id=ChIJ7cbxhdJF54YR_1sgI2R93AY,Baptist church
Iglesia Apostolica Adulam,,,1491 Lee Trevino Dr Suite I,El Paso,Texas,US,,,Church,,,,,,,,,,,,,,,,,,,,,,,https://www.google.com/maps/search/?api=1&query=Iglesia%20Apostolica%20Adulam&query_place_id=ChIJ9e4hXgBF54YRLyCJhr05eyM,Church
5a Iglesia Apostolica de la Fe en Cristo Jesus,4.4,8,3620 Wooster Ln,El Paso,Texas,US,,,Apostolic church,,,,,,,,,,,,,,,,,,,,,,,https://www.google.com/maps/search/?api=1&query=5a%20Iglesia%20Apostolica%20de%20la%20Fe%20en%20Cristo%20Jesus&query_place_id=ChIJV29fGAVF54YRhMY4OVQpeYU,Apostolic church
Love of Christ,,,10964 Montwood Dr,El Paso,Texas,US,,(915) 245-7480,Church,,,,,,,,,,,,,,,,,,,,,,,https://www.google.com/maps/search/?api=1&query=Love%20of%20Christ&query_place_id=ChIJO3magPVF54YRR3-aFKvrKvo,Church
Jesus Mural,,,,El Paso,Texas,US,,,Church,,,,,,,,,,,,,,,,,,,,,,,https://www.google.com/maps/search/?api=1&query=Jesus%20Mural&query_place_id=ChIJUYqCr6NE54YRA9dHseSd9Io,Church
CADEP,5,2,2101 Joe Battle Blvd,El Paso,Texas,US,,(915) 667-7909,Church,,,,,,,,,,,,,,,,,,,,,,,https://www.google.com/maps/search/?api=1&query=CADEP&query_place_id=ChIJh7QS7SFb54YRJPQiDhnsiJc,Church
Iglesia Cristiana Jesucristo el Rey,5,5,11220 Rojas Dr Ste B-4,El Paso,Texas,US,,(915) 269-9409,Christian church,,,,,,,,,,,,,,,,,,,,,,,https://www.google.com/maps/search/?api=1&query=Iglesia%20Cristiana%20Jesucristo%20el%20Rey&query_place_id=ChIJ5aI3K-BD54YRTzJtYYrUgO0,Christian church
Iglesia Adventista del Séptimo Día Hispana de El Paso - Montana Vista / El Paso Montana Vista Spanish Seventh-Day Adventist Church,4.5,2,11299 Pebble Hills Blvd,El Paso,Texas,US,http://elpasomontanavistaspanishtx.adventistchurch.org/,(915) 258-5578,Seventh-day Adventist church,,,,,,,,,,,,,,,,,,,,,,,https://www.google.com/maps/search/?api=1&query=Iglesia%20Adventista%20del%20S%C3%A9ptimo%20D%C3%ADa%20Hispana%20de%20El%20Paso%20-%20Montana%20Vista%20%2F%20El%20Paso%20Montana%20Vista%20Spanish%20Seventh-Day%20Adventist%20Church&query_place_id=ChIJIVv_NDhF54YRPeyoyUKXtEw,Seventh-day Adventist church
Iglesia,,,11237 Pellicano Dr,El Paso,Texas,US,,,Church,,,,,,,,,,,,,,,,,,,,,,,https://www.google.com/maps/search/?api=1&query=Iglesia&query_place_id=ChIJk0ulFZ9E54YRYKeimKqXLww,Church
Saru EMS Education CPR ACLS BLS PALS,4.9,116,14438 Alyssa Marie,El Paso,Texas,US,https://saruemseducation.com/,(915) 886-8125,Emergency training school,Emergency training,,,,,,,,,,,,,,,,,,,,,,https://www.google.com/maps/search/?api=1&query=Saru%20EMS%20Education%20CPR%20ACLS%20BLS%20PALS&query_place_id=ChIJ6XyAjVRR54YR4ayoSDJ-yE8,Emergency training school
Mountain Star Kids Preschool,5,15,1385 Northwestern Dr,El Paso,Texas,US,https://www.mountainstarkidsep.com/,(915) 260-9292,Preschool,,,,,,,,,,,,,,,,,,,,,,,https://www.google.com/maps/search/?api=1&query=Mountain%20Star%20Kids%20Preschool&query_place_id=ChIJiyR-HiH53YYRnKrMestgSeQ,Preschool
Calvary Chapel Sun City,4.9,61,960 W Borderland Rd,El Paso,Texas,US,https://www.ccsuncity.org/,(915) 877-9192,Calvary Chapel church,,,,,,,,,,,,,,,,,,,,,,,https://www.google.com/maps/search/?api=1&query=Calvary%20Chapel%20Sun%20City&query_place_id=ChIJhXOxlqv-3YYRmeYxTkG6PS0,Calvary Chapel church
RCCG Living Word Center,4.6,20,3707 Admiral St,El Paso,Texas,US,,(915) 478-8817,Church,,,,,,,,,,,,,,,,,,,,,,,https://www.google.com/maps/search/?api=1&query=RCCG%20Living%20Word%20Center&query_place_id=ChIJ1cMNXMNa54YRq3KCqUUMX9k,Church
Mision de Gracia,4.9,39,1385 Northwestern Dr,El Paso,Texas,US,http://www.misiondegracia.org/,(915) 760-6434,Church,,,,,,,,,,,,,,,,,,,,,,,https://www.google.com/maps/search/?api=1&query=Mision%20de%20Gracia&query_place_id=ChIJh30NzND43YYRCMqab0D06GA,Church
New Wine Fellowship,4,3,5105 Thornton St,El Paso,Texas,US,https://newwinefellowship.church/home-2/contact-us/,(915) 599-7638,Religious institution,,,,,,,,,,,,,,,,,,,,,,,https://www.google.com/maps/search/?api=1&query=New%20Wine%20Fellowship&query_place_id=ChIJ__-vd61Z54YRveBJNRc0ji4,Religious institution
Comunidad Cristiana Upper Valley,4.7,9,5901 Upper Valley Rd,El Paso,Texas,US,,(915) 209-0104,Church,,,,,,,,,,,,,,,,,,,,,,,https://www.google.com/maps/search/?api=1&query=Comunidad%20Cristiana%20Upper%20Valley&query_place_id=ChIJwUvFDEb53YYRIG0rLqgRQms,Church
"Fuente de Gracia El Paso, Tx.",4.5,2,609 W Redd Rd,El Paso,Texas,US,https://www.facebook.com/4taiglesiaapostolicaelpasotx/,,Church,,,,,,,,,,,,,,,,,,,,,,,https://www.google.com/maps/search/?api=1&query=Fuente%20de%20Gracia%20El%20Paso%2C%20Tx.&query_place_id=ChIJ7Ud6PBb53YYRmOfsgmOF5HU,Church
Fuente De Vida,5,2,1009 Gomez Rd,El Paso,Texas,US,https://fuentedevidaeptx.wixsite.com/website,(915) 474-0443,Christian church,,,,,,,,,,,,,,,,,,,,,,,https://www.google.com/maps/search/?api=1&query=Fuente%20De%20Vida&query_place_id=ChIJS4oR0lj53YYRtnYqTJ6YX8I,Christian church
"Jehová Nissi, El Paso",5,4,5300 Doniphan Dr Suite 8,El Paso,Texas,US,http://www.ministeriosjehovanissi.org/,(915) 262-7450,Baptist church,,,,,,,,,,,,,,,,,,,,,,,https://www.google.com/maps/search/?api=1&query=Jehov%C3%A1%20Nissi%2C%20El%20Paso&query_place_id=ChIJC6NzYAL53YYRdlCSjBk0SkQ,Baptist church
Beit Ysrael Synagogue,,,504 San Saba Rd,El Paso,Texas,US,,(915) 203-3701,Christian church,,,,,,,,,,,,,,,,,,,,,,,https://www.google.com/maps/search/?api=1&query=Beit%20Ysrael%20Synagogue&query_place_id=ChIJ8WWJCZP53YYRPpm4qz-V1Zw,Christian church
Saint Patricks Mission,3,1,,El Paso,Texas,US,,,Church,,,,,,,,,,,,,,,,,,,,,,,https://www.google.com/maps/search/?api=1&query=Saint%20Patricks%20Mission&query_place_id=ChIJUwiUz0343YYR4s0tx7QmBjA,Church
Practical Nurse Course Education Division,,,3401-3499 Hayes Ave,El Paso,Texas,US,,,Nursing school,,,,,,,,,,,,,,,,,,,,,,,https://www.google.com/maps/search/?api=1&query=Practical%20Nurse%20Course%20Education%20Division&query_place_id=ChIJsWKyF1pX54YR0F-c_hcoFTw,Nursing school
INI Anesthesia PLLC,,,5008 Rico Valles Pl,El Paso,Texas,US,,(915) 916-2495,Nursing school,,,,,,,,,,,,,,,,,,,,,,,https://www.google.com/maps/search/?api=1&query=INI%20Anesthesia%20PLLC&query_place_id=ChIJEUiVrqr53YYRIeMNmFAWzow,Nursing school
El Paso Driving Academy,4,32,720 Belvidere St Ste F-6,El Paso,Texas,US,https://elpasodriving.com/,(915) 587-7000,Driving school,,,,,,,,,,,,,,,,,,,,,,,https://www.google.com/maps/search/?api=1&query=El%20Paso%20Driving%20Academy&query_place_id=ChIJFSldVpP43YYRKZvy_tCYeYc,Driving school
Iglesia de la Restauracion Hechos 3:21,5,5,105 Shorty Ln,El Paso,Texas,US,,(915) 422-2945,Apostolic church,,,,,,,,,,,,,,,,,,,,,,,https://www.google.com/maps/search/?api=1&query=Iglesia%20de%20la%20Restauracion%20Hechos%203%3A21&query_place_id=ChIJHRNFgVP43YYR-1oXlgf03mU,Apostolic church
Korean Church of Las Cruces,,,1074 Country Club Rd,Santa Teresa,New Mexico,US,,(917) 817-3883,Korean church,,,,,,,,,,,,,,,,,,,,,,,https://www.google.com/maps/search/?api=1&query=Korean%20Church%20of%20Las%20Cruces&query_place_id=ChIJ6fdxQJn53YYRnV2L0KVM8r8,Korean church
Instituto Bíblico Internacional,,,6006 N Mesa St,El Paso,Texas,US,http://www.ibinternacional.com/,(915) 800-9113,Church,Religious institution,Educational institution,,,,,,,,,,,,,,,,,,,,,https://www.google.com/maps/search/?api=1&query=Instituto%20B%C3%ADblico%20Internacional&query_place_id=ChIJYwDVY_NX54YRWCg-DICjK9E,Church
Bafilo,,,,El Paso,Texas,US,,,Parsi temple,,,,,,,,,,,,,,,,,,,,,,,https://www.google.com/maps/search/?api=1&query=Bafilo&query_place_id=ChIJvThvGABZ54YRq4nrGZfJczY,Parsi temple
Chapin G-building (Gym),,,7000 Dyer St,El Paso,Texas,US,,,Gymnasium school,,,,,,,,,,,,,,,,,,,,,,,https://www.google.com/maps/search/?api=1&query=Chapin%20G-building%20(Gym)&query_place_id=ChIJF2wYZABX54YRgnDDFliXPYo,Gymnasium school
La Paz Language Academy,4.5,28,1035 Belvidere St #280,El Paso,Texas,US,https://www.lapazacademy.com/,(915) 584-5100,Language school,,,,,,,,,,,,,,,,,,,,,,,https://www.google.com/maps/search/?api=1&query=La%20Paz%20Language%20Academy&query_place_id=ChIJazJXWoH43YYRVLPi7pem6l0,Language school
"Community Connections Center, EPISD",5,2,"U819999005A1101, 5300 Warriors Dr",El Paso,Texas,US,https://legacy.episd.org/district_info/directory_new_legacy.php?field=tdp_pos_loc&how=is&str=822W&action=search,(915) 244-1911,Educational institution,,,,,,,,,,,,,,,,,,,,,,,https://www.google.com/maps/search/?api=1&query=Community%20Connections%20Center%2C%20EPISD&query_place_id=ChIJLZhYjw_53YYRi813niBnRNI,Educational institution
The Linguistic Academy of El Paso,,,5141 Upper Valley Rd,El Paso,Texas,US,http://www.burnhamwood.org/,(915) 331-4397,Charter school,Elementary school,,,,,,,,,,,,,,,,,,,,,,https://www.google.com/maps/search/?api=1&query=The%20Linguistic%20Academy%20of%20El%20Paso&query_place_id=ChIJrU0IxFP53YYRijeQIdczmmY,Charter school
Sacred Heart Catholic Church,4.7,263,602 S Oregon St A,El Paso,Texas,US,http://www.sacredheartelpaso.org/,(915) 532-5447,Catholic church,,,,,,,,,,,,,,,,,,,,,,,https://www.google.com/maps/search/?api=1&query=Sacred%20Heart%20Catholic%20Church&query_place_id=ChIJh9WiCh1Z54YRr8sxCWcvPyA,Catholic church
First Presbyterian Church,4.8,49,1340 Murchison Dr Side Chapel,El Paso,Texas,US,https://firstpresbyterian.church/,(915) 533-7551,Presbyterian church,Church,Religious organization,,,,,,,,,,,,,,,,,,,,,https://www.google.com/maps/search/?api=1&query=First%20Presbyterian%20Church&query_place_id=ChIJr3Bzd61Z54YR6Aijv3xYz0M,Presbyterian church
University Library,4.7,129,1900 Wiggins Rd,El Paso,Texas,US,http://www.utep.edu/library,(915) 747-5672,University library,,,,,,,,,,,,,,,,,,,,,,,https://www.google.com/maps/search/?api=1&query=University%20Library&query_place_id=ChIJc7gl1lhY54YRqtT4pmoz3-M,University library
Interdisciplinary Research Building,4.6,5,910 W University Ave,El Paso,Texas,US,,,College,,,,,,,,,,,,,,,,,,,,,,,https://www.google.com/maps/search/?api=1&query=Interdisciplinary%20Research%20Building&query_place_id=ChIJmVHKuBRZ54YRzXXyKAdhJJA,College
University Relations,,,1608 Hawthorne St,El Paso,Texas,US,https://university-relations.umn.edu/,,University,,,,,,,,,,,,,,,,,,,,,,,https://www.google.com/maps/search/?api=1&query=University%20Relations&query_place_id=ChIJsUE5PFhY54YR9VmmaWEbjg4,University
Liberal Arts Park,4,1,Hawthorne St,El Paso,Texas,US,,,Public university,,,,,,,,,,,,,,,,,,,,,,,https://www.google.com/maps/search/?api=1&query=Liberal%20Arts%20Park&query_place_id=ChIJ7WbRYVlY54YRVr9_0CU6478,Public university
Texas Tech University Health Sciences Center Tm El Paso,1,1,200 Rick Francis St,El Paso,Texas,US,https://elpaso.ttuhsc.edu/,,Medical school,,,,,,,,,,,,,,,,,,,,,,,https://www.google.com/maps/search/?api=1&query=Texas%20Tech%20University%20Health%20Sciences%20Center%20Tm%20El%20Paso&query_place_id=ChIJ3wvE2dNb54YR7QjJe1-og-g,Medical school
Culinary Institute by SU,4.8,6,6140 SW University Way,El Paso,Texas,US,https://culinaryinstitute.southwestuniversity.edu/,(915) 778-4001,Culinary school,,,,,,,,,,,,,,,,,,,,,,,https://www.google.com/maps/search/?api=1&query=Culinary%20Institute%20by%20SU&query_place_id=ChIJ3SuNAUZa54YR_OUQoLNVfdY,Culinary school
Advanced Manufacturing and Aerospace Center,5,1,,El Paso,Texas,US,,,University,,,,,,,,,,,,,,,,,,,,,,,https://www.google.com/maps/search/?api=1&query=Advanced%20Manufacturing%20and%20Aerospace%20Center&query_place_id=ChIJYxqVagBZ54YRZdte5JGrwFc,University
"TTUHSCEP CSB, Clinical Science Building",,,4800 Alberta Ave,El Paso,Texas,US,,,University,,,,,,,,,,,,,,,,,,,,,,,https://www.google.com/maps/search/?api=1&query=TTUHSCEP%20CSB%2C%20Clinical%20Science%20Building&query_place_id=ChIJ53JmCYdb54YRg2KoaFseuC4,University
Campbell Building,5,1,"Health Sciences Bldg, 1101 N Campbell St",El Paso,Texas,US,https://www.utep.edu/chs/pt/about/facilities.html,(915) 747-7280,University lab room,University,,,,,,,,,,,,,,,,,,,,,,https://www.google.com/maps/search/?api=1&query=Campbell%20Building&query_place_id=ChIJ-82-hFVY54YR01S0ZvV63SE,University lab room
eMotions Technology,,,2201 N Mesa St,El Paso,Texas,US,,,University,,,,,,,,,,,,,,,,,,,,,,,https://www.google.com/maps/search/?api=1&query=eMotions%20Technology&query_place_id=ChIJf9zSR_1Z54YRfrtbtyQvAdg,University
Southwest University Imaging Bldg,,,6101-6199 SW University Way,El Paso,Texas,US,,,Research institute,,,,,,,,,,,,,,,,,,,,,,,https://www.google.com/maps/search/?api=1&query=Southwest%20University%20Imaging%20Bldg&query_place_id=ChIJ66MuBkZa54YR0bCUYMMyteQ,Research institute
Medical Science Building Annex,,,5001 El Paso Dr,El Paso,Texas,US,,,University,,,,,,,,,,,,,,,,,,,,,,,https://www.google.com/maps/search/?api=1&query=Medical%20Science%20Building%20Annex&query_place_id=ChIJnwzk4e9b54YRvFtCKHpVhkg,University
"TTUHSCEP VVBA, Val Verde Business Affairs",,,106 S Val Verde St,El Paso,Texas,US,,,University,,,,,,,,,,,,,,,,,,,,,,,https://www.google.com/maps/search/?api=1&query=TTUHSCEP%20VVBA%2C%20Val%20Verde%20Business%20Affairs&query_place_id=ChIJE_Bh0W1b54YRyl2A-Qo2IC0,University
"Doris F. Eisenberg Library, MEB Library, 2nd Floor",,,5001 El Paso Dr,El Paso,Texas,US,https://elpaso-ttuhsc.libguides.com/home,,University,,,,,,,,,,,,,,,,,,,,,,,https://www.google.com/maps/search/?api=1&query=Doris%20F.%20Eisenberg%20Library%2C%20MEB%20Library%2C%202nd%20Floor&query_place_id=ChIJcVyGScFb54YRdYGO5wGSpqs,University
Rio Grande Technology Institute,,,7921 N Loop Dr,El Paso,Texas,US,,(915) 629-7662,College,,,,,,,,,,,,,,,,,,,,,,,https://www.google.com/maps/search/?api=1&query=Rio%20Grande%20Technology%20Institute&query_place_id=ChIJWfotdq5c54YRlzv2kKyRd-8,College
Eastwood Knolls International School,,,10000 Buckwood Ave,El Paso,Texas,US,http://eastwoodknolls.yisd.net/,(915) 434-4400,High school,,,,,,,,,,,,,,,,,,,,,,,https://www.google.com/maps/search/?api=1&query=Eastwood%20Knolls%20International%20School&query_place_id=ChIJ7X2VJDRb54YRJu4YnokjEYE,High school
Texas Tech College of Architecture,3,6,700 W San Francisco Ave,El Paso,Texas,US,https://www.depts.ttu.edu/elpaso/arch/,(806) 834-6261,Architecture school,,,,,,,,,,,,,,,,,,,,,,,https://www.google.com/maps/search/?api=1&query=Texas%20Tech%20College%20of%20Architecture&query_place_id=ChIJ7QLDB_tY54YRvRwVTQwr8ig,Architecture school
EPCC Cosmetology Program & Salon,4.6,38,"B, 9050 Viscount Blvd",El Paso,TX,US,https://www.facebook.com/pg/EPCCCosmetology/about/?ref=page_internal,(915) 831-6565,Trade school,,,,,,,,,,,,,,,,,,,,,,,https://www.google.com/maps/search/?api=1&query=EPCC%20Cosmetology%20Program%20%26%20Salon&query_place_id=ChIJwcKxIxhb54YReV53LiZP4xg,Trade school
EPCC Valle Verde Campus- Firetech Building,4.5,10,,El Paso,Texas,US,,,Fire fighters academy,,,,,,,,,,,,,,,,,,,,,,,https://www.google.com/maps/search/?api=1&query=EPCC%20Valle%20Verde%20Campus-%20Firetech%20Building&query_place_id=ChIJHxiwZsJb54YR-5pTSbYbGs0,Fire fighters academy
Pan de vidaEP,,,5959 Gateway Blvd W #401,El Paso,Texas,US,https://vfm100.com/,(915) 249-6059,Christian college,Community college,Training center,,,,,,,,,,,,,,,,,,,,,https://www.google.com/maps/search/?api=1&query=Pan%20de%20vidaEP&query_place_id=ChIJ_x58VqBb54YRcxmdbhbNq5g,Christian college
Physical Plant,,,"B, 9050 Viscount Blvd",El Paso,Texas,US,,,University,,,,,,,,,,,,,,,,,,,,,,,https://www.google.com/maps/search/?api=1&query=Physical%20Plant&query_place_id=ChIJfZT6VT1b54YRR9kyHCO4TtM,University
Tri-State Cosmetology Institute,4.7,289,1120 Vista De Oro Dr,El Paso,Texas,US,http://tristatecosmetology.com/,(915) 533-8274,Beauty school,,,,,,,,,,,,,,,,,,,,,,,https://www.google.com/maps/search/?api=1&query=Tri-State%20Cosmetology%20Institute&query_place_id=ChIJAdUmCQFb54YRrJ7yyEP-Nkk,Beauty school
Univ-Tx Department of Bio Science,,,500 W University Ave,El Paso,Texas,US,,(915) 747-5844,College,,,,,,,,,,,,,,,,,,,,,,,https://www.google.com/maps/search/?api=1&query=Univ-Tx%20Department%20of%20Bio%20Science&query_place_id=ChIJj39GpF5Y54YRAfuZ-dX4LRs,College
St. Francis Montessori Christian School,,,535 Frontera Rd,El Paso,Texas,US,http://stfrancismontessori.com/,(915) 842-1765,Montessori school,,,,,,,,,,,,,,,,,,,,,,,https://www.google.com/maps/search/?api=1&query=St.%20Francis%20Montessori%20Christian%20School&query_place_id=ChIJr63YltZX54YRPjY4jyMUgCg,Montessori school
Harmony School of Excellence El Paso,,,9435 Betel Dr,El Paso,Texas,US,https://hseelpaso.harmonytx.org/,(915) 307-4772,Public educational institution,Charter school,Elementary school,School,,,,,,,,,,,,,,,,,,,,https://www.google.com/maps/search/?api=1&query=Harmony%20School%20of%20Excellence%20El%20Paso&query_place_id=ChIJaT8nfFZC54YRG-DwQH2nYC8,Public educational institution
Center for Employment Training - CET El Paso,4.4,35,294 Candelaria St,El Paso,Texas,US,https://bit.ly/3ihgjG3,(915) 859-1070,Trade school,Vocational school,,,,,,,,,,,,,,,,,,,,,,https://www.google.com/maps/search/?api=1&query=Center%20for%20Employment%20Training%20-%20CET%20El%20Paso&query_place_id=ChIJrTiJJt5C54YRbyhmeI4gx1k,Trade school
Texas AgriLife Research Center,4.2,12,1380 A and M Cir,El Paso,Texas,US,http://elpaso.tamu.edu/,(915) 859-9111,Research institute,,,,,,,,,,,,,,,,,,,,,,,https://www.google.com/maps/search/?api=1&query=Texas%20AgriLife%20Research%20Center&query_place_id=ChIJWRaE8E5C54YRze1a4UYqjLE,Research institute
"office of Diversity, Inclusion, and Global Health, TTUHSCEP",,,5310 El Paso Dr,El Paso,Texas,US,,,University,,,,,,,,,,,,,,,,,,,,,,,https://www.google.com/maps/search/?api=1&query=office%20of%20Diversity%2C%20Inclusion%2C%20and%20Global%20Health%2C%20TTUHSCEP&query_place_id=ChIJr6tri2pb54YRrSv2-dkqLYA,University
Boquillas Hall Miner Canyon,4,2,3490 Sun Bowl Dr,El Paso,Texas,US,https://www.utep.edu/student-affairs/housing/people/contact.html,(915) 747-5352,University,,,,,,,,,,,,,,,,,,,,,,,https://www.google.com/maps/search/?api=1&query=Boquillas%20Hall%20Miner%20Canyon&query_place_id=ChIJw1CIhkBY54YRZ2ZM_DKjNug,University
Open Arms Community,4,13,8210 N Loop Dr,El Paso,Texas,US,http://www.openarmscommunity.org/,(915) 595-0589,Church,Health,,,,,,,,,,,,,,,,,,,,,,https://www.google.com/maps/search/?api=1&query=Open%20Arms%20Community&query_place_id=ChIJCxm0eExD54YRIZhTgpbjjLY,Church
Calvary Chapel Mission Valley,5,18,8069 Alameda Ave,El Paso,Texas,US,http://www.ccmvep.com/,(915) 234-2266,Calvary Chapel church,,,,,,,,,,,,,,,,,,,,,,,https://www.google.com/maps/search/?api=1&query=Calvary%20Chapel%20Mission%20Valley&query_place_id=ChIJ83me1rZc54YRI5czVG7Eb3Y,Calvary Chapel church
Monte Sinai Asambleas de Dios AD,4.1,10,8471 New Haven Dr,El Paso,Texas,US,https://montesinaiad.com/,(915) 346-6921,Assemblies of God church,,,,,,,,,,,,,,,,,,,,,,,https://www.google.com/maps/search/?api=1&query=Monte%20Sinai%20Asambleas%20de%20Dios%20AD&query_place_id=ChIJ6deaCC5D54YRwlWPmKcszDs,Assemblies of God church
OLV,4.3,6,198 Davis Dr,El Paso,Texas,US,,,Church,,,,,,,,,,,,,,,,,,,,,,,https://www.google.com/maps/search/?api=1&query=OLV&query_place_id=ChIJmc7RMi9D54YRIvDU5wyP5e4,Church
Centro Familiar Cristiano,4.4,19,480 S Yarbrough Dr,El Paso,Texas,US,,(915) 859-2534,Church,,,,,,,,,,,,,,,,,,,,,,,https://www.google.com/maps/search/?api=1&query=Centro%20Familiar%20Cristiano&query_place_id=ChIJ4zHArbhc54YROKQZaNNuAqE,Church
Rose of Sharon Christian Academy,3.7,26,7932 Mansfield Ave,El Paso,Texas,US,http://roseofsharonelp.com/,(915) 772-1944,Christian church,,,,,,,,,,,,,,,,,,,,,,,https://www.google.com/maps/search/?api=1&query=Rose%20of%20Sharon%20Christian%20Academy&query_place_id=ChIJ75RxRsBc54YRuv1mzBkoo1o,Christian church
El paso tx,,,8284 Troy Ave,El Paso,Texas,US,,,Church,,,,,,,,,,,,,,,,,,,,,,,https://www.google.com/maps/search/?api=1&query=El%20paso%20tx&query_place_id=ChIJAef72vtd54YRlYNcDU93yRY,Church
ROBPM,,,8609 Alameda Ave,El Paso,Texas,US,https://www.robpm.org/?utm_source=google&utm_medium=wix_google_business_profile&utm_campaign=4254710877987813622,(915) 209-0070,Calvary Chapel church,,,,,,,,,,,,,,,,,,,,,,,https://www.google.com/maps/search/?api=1&query=ROBPM&query_place_id=ChIJa1bYScVd54YRJ8xc_R8oBB8,Calvary Chapel church
Congregacion Bautista Hispana de Ysleta,5,2,8601 Alameda Ave,El Paso,Texas,US,,(915) 226-3083,Baptist church,,,,,,,,,,,,,,,,,,,,,,,https://www.google.com/maps/search/?api=1&query=Congregacion%20Bautista%20Hispana%20de%20Ysleta&query_place_id=ChIJkbSqXylD54YRHbSCmZGEPRo,Baptist church
ICM Caminando Juntas,,,Isaac Dr,El Paso,Texas,US,https://visitmccchurch.com/,+1 811-043-6080,Hispanic church,,,,,,,,,,,,,,,,,,,,,,,https://www.google.com/maps/search/?api=1&query=ICM%20Caminando%20Juntas&query_place_id=ChIJD-0mn0xd54YRzxnDtY-yzrg,Hispanic church
Lutheran Hispanic Missionary,,,301 S Schutz Dr,El Paso,Texas,US,,(915) 790-2300,Church,,,,,,,,,,,,,,,,,,,,,,,https://www.google.com/maps/search/?api=1&query=Lutheran%20Hispanic%20Missionary&query_place_id=ChIJ1wD929pC54YRwGL19CAOoAA,Church
Primera Iglesia Bautista De Ysleta,5,4,220 N Zaragoza Rd,El Paso,Texas,US,http://www.primeraysleta.org/,(915) 443-4722,Baptist church,,,,,,,,,,,,,,,,,,,,,,,https://www.google.com/maps/search/?api=1&query=Primera%20Iglesia%20Bautista%20De%20Ysleta&query_place_id=ChIJU4pfGd9C54YRSVmYBZQoUxE,Baptist church
Iglesia Bautista Nueva Esperanza,4.2,6,880 Burgundy Dr,El Paso,Texas,US,,(915) 217-8306,Baptist church,,,,,,,,,,,,,,,,,,,,,,,https://www.google.com/maps/search/?api=1&query=Iglesia%20Bautista%20Nueva%20Esperanza&query_place_id=ChIJIaaYaflC54YRQBNB-YhhyKQ,Baptist church
Marriage & Family Life Catholic Diocese of El Paso,,,499 St Matthews St Building B,El Paso,Texas,US,https://www.elpasodiocese.org/marriage-and-family-life.html,(915) 872-8401,Catholic church,Church,,,,,,,,,,,,,,,,,,,,,,https://www.google.com/maps/search/?api=1&query=Marriage%20%26%20Family%20Life%20Catholic%20Diocese%20of%20El%20Paso&query_place_id=ChIJy6J0hk9D54YR0ECb_-POqUg,Catholic church
Bright Kids Academy,3.3,12,10710 Gateway N Blvd,El Paso,Texas,US,,(915) 313-5771,School center,Child care agency,,,,,,,,,,,,,,,,,,,,,,https://www.google.com/maps/search/?api=1&query=Bright%20Kids%20Academy&query_place_id=ChIJsZFr_5VT54YRzkU3WJ4HpX4,School center
Veterans Park Recreation Center Child Care,4.1,8,5201 Salem Dr,El Paso,Texas,US,,(915) 822-8859,Preschool,Day care center,,,,,,,,,,,,,,,,,,,,,,https://www.google.com/maps/search/?api=1&query=Veterans%20Park%20Recreation%20Center%20Child%20Care&query_place_id=ChIJW7cNi-hT54YRyVSWi-W806c,Preschool
Galleteando en USA,,,6111 Sun Valley Dr,El Paso,Texas,US,,(915) 422-2057,Trade school,,,,,,,,,,,,,,,,,,,,,,,https://www.google.com/maps/search/?api=1&query=Galleteando%20en%20USA&query_place_id=ChIJ3dTtDAJR54YREEF1FJKEnic,Trade school
Edgemere Elementary School,,,10300 Edgemere Blvd,El Paso,Texas,US,http://edgemere.yisd.net/,(915) 434-4700,Elementary school,,,,,,,,,,,,,,,,,,,,,,,https://www.google.com/maps/search/?api=1&query=Edgemere%20Elementary%20School&query_place_id=ChIJjzVBgylF54YRV-j94WAbsVg,Elementary school
Eastwood Heights Elementary School,,,10530 Janway Dr,El Paso,Texas,US,https://www.yisd.net/eastwoodheights,(915) 434-4600,Elementary school,,,,,,,,,,,,,,,,,,,,,,,https://www.google.com/maps/search/?api=1&query=Eastwood%20Heights%20Elementary%20School&query_place_id=ChIJ6SvLxstE54YRNU1471Uxszo,Elementary school
Inphinity Phlebotomy,5,135,5737 Belding Dr,El Paso,Texas,US,http://www.inphinityphlebotomy.com/,(915) 730-4301,Educational institution,Adult education school,,,,,,,,,,,,,,,,,,,,,,https://www.google.com/maps/search/?api=1&query=Inphinity%20Phlebotomy&query_place_id=ChIJEfRNIUpa54YRMFBZR4mawQM,Educational institution
TTUHSCEP TTRAC Research Academic Center,,,440 Raynolds St,El Paso,Texas,US,,,University,,,,,,,,,,,,,,,,,,,,,,,https://www.google.com/maps/search/?api=1&query=TTUHSCEP%20TTRAC%20Research%20Academic%20Center&query_place_id=ChIJiz5ii35b54YRPQJBaGDn9Tk,University
TTUHSCEP Facilities Services Building,3,1,5310 El Paso Dr,El Paso,Texas,US,,,University,,,,,,,,,,,,,,,,,,,,,,,https://www.google.com/maps/search/?api=1&query=TTUHSCEP%20Facilities%20Services%20Building&query_place_id=ChIJfZoo82db54YRFfanl7STNeM,University
Osher Lifelong Learning Institute,,,500 W University Ave,El Paso,Texas,US,https://www.utep.edu/extendeduniversity/olli/index.html,(915) 747-6280,Educational institution,Adult education school,,,,,,,,,,,,,,,,,,,,,,https://www.google.com/maps/search/?api=1&query=Osher%20Lifelong%20Learning%20Institute&query_place_id=ChIJVVWV0V5Y54YRyhtVkgDybnc,Educational institution
TTUHSCEP Archer Building,,,200 Rick Francis St,El Paso,Texas,US,,,University,,,,,,,,,,,,,,,,,,,,,,,https://www.google.com/maps/search/?api=1&query=TTUHSCEP%20Archer%20Building&query_place_id=ChIJP6gevhlb54YRupXvEpgELfc,University
Centro San Juan Diego,,,901 W Main Dr,El Paso,Texas,US,http://officeofreligiousformation.com/,(915) 262-4700,Catholic school,,,,,,,,,,,,,,,,,,,,,,,https://www.google.com/maps/search/?api=1&query=Centro%20San%20Juan%20Diego&query_place_id=ChIJUS-JSvdY54YRZimUBAYKqTw,Catholic school
Rotation Trip,,,,El Paso,Texas,US,,,University,,,,,,,,,,,,,,,,,,,,,,,https://www.google.com/maps/search/?api=1&query=Rotation%20Trip&query_place_id=ChIJn-yhs15Z54YRRD2ySJ57Gwc,University
Ramona Stem Academy,,,7755 Franklin Dr,El Paso,Texas,US,https://www.yisd.net/Page/7496,(915) 434-7700,Elementary school,School,,,,,,,,,,,,,,,,,,,,,,https://www.google.com/maps/search/?api=1&query=Ramona%20Stem%20Academy&query_place_id=ChIJCyXCTQtb54YRrIG8HLjJRRs,Elementary school
Su Yolanda Arriola Nursing School,1,1,,El Paso,Texas,US,,,Nursing school,,,,,,,,,,,,,,,,,,,,,,,https://www.google.com/maps/search/?api=1&query=Su%20Yolanda%20Arriola%20Nursing%20School&query_place_id=ChIJH3VfV09a54YR03oDQabgwkk,Nursing school
Texas Tech School-Medicine: Uhrig Henry MD,,,4800 Alberta Ave,El Paso,Texas,US,,(915) 545-6845,Medical school,,,,,,,,,,,,,,,,,,,,,,,https://www.google.com/maps/search/?api=1&query=Texas%20Tech%20School-Medicine%3A%20Uhrig%20Henry%20MD&query_place_id=ChIJp_KUadNb54YRVe4c4WRppcQ,Medical school
Institute of Religion - The Church of Jesus Christ of Latter-day Saints,,,2114 N Oregon St,El Paso,Texas,US,https://www.churchofjesuschrist.org/si/institute?utm_source=gmb&utm_medium=yext&y_source=1_MTAwOTE4NDQ0NC03MTUtbG9jYXRpb24ud2Vic2l0ZQ%3D%3D,(915) 533-5819,Religious school,,,,,,,,,,,,,,,,,,,,,,,https://www.google.com/maps/search/?api=1&query=Institute%20of%20Religion%20-%20The%20Church%20of%20Jesus%20Christ%20of%20Latter-day%20Saints&query_place_id=ChIJ6R2Sb1pY54YR1lR59-TgAi4,Religious school
The UTEP Department of Theatre & Dance,5,3,500 W University Ave,El Paso,Texas,US,http://www.utep.edu/theatredance,(915) 747-5146,University,,,,,,,,,,,,,,,,,,,,,,,https://www.google.com/maps/search/?api=1&query=The%20UTEP%20Department%20of%20Theatre%20%26%20Dance&query_place_id=ChIJI3hGpF5Y54YRumKwf_ma2T4,University
Physical Science Building,4.2,5,"Physical Sciences Bldg, 2075-2095 Hawthorne St #2075-2095",El Paso,Texas,US,https://www.utep.edu/,(915) 747-5715,Educational institution,University,,,,,,,,,,,,,,,,,,,,,,https://www.google.com/maps/search/?api=1&query=Physical%20Science%20Building&query_place_id=ChIJTwsoZllY54YRWhDxzIpLhZM,Educational institution
El Paso Beauty and Barber Academy,4.8,91,5907 Brook Hollow Dr,El Paso,Texas,US,https://elpasobeautyandbarberacademy.com/,(915) 289-8088,Beauty school,Barber school,,,,,,,,,,,,,,,,,,,,,,https://www.google.com/maps/search/?api=1&query=El%20Paso%20Beauty%20and%20Barber%20Academy&query_place_id=ChIJgdc8qbVb54YRPe8igB-ckZs,Beauty school
Smc,,,6812 Gtwy Blvd E #110,El Paso,Texas,US,,,Educational institution,,,,,,,,,,,,,,,,,,,,,,,https://www.google.com/maps/search/?api=1&query=Smc&query_place_id=ChIJ6d93EgFb54YRRpBsqajzZa8,Educational institution
Schuster 1,,,,El Paso,Texas,US,,,University,,,,,,,,,,,,,,,,,,,,,,,https://www.google.com/maps/search/?api=1&query=Schuster%201&query_place_id=ChIJn-l0cONZ54YRABciiHOXud0,University
UTEP Cotton Memorial Building,,,500 W University Ave,El Paso,Texas,US,http://www.utep.edu/,(915) 747-5000,University,,,,,,,,,,,,,,,,,,,,,,,https://www.google.com/maps/search/?api=1&query=UTEP%20Cotton%20Memorial%20Building&query_place_id=ChIJj7cJqF5Y54YR7SMqUJvEI00,University
Texas Culinary Institute,4.8,57,2101 Texas Ave,El Paso,Texas,US,http://www.txculinary.com/?utm_source=google&utm_medium=wix_google_business_profile&utm_campaign=15892839477625010950,(915) 543-8923,Cooking school,,,,,,,,,,,,,,,,,,,,,,,https://www.google.com/maps/search/?api=1&query=Texas%20Culinary%20Institute&query_place_id=ChIJOzVle-hZ54YR_YJPqqr8coI,Cooking school
TTUHSCEP Parking and Transportation Services,1,1,5310 El Paso Dr,El Paso,Texas,US,https://www.parkme.com/lot/1540/urgent-care-hospice-el-paso-tx,,University,,,,,,,,,,,,,,,,,,,,,,,https://www.google.com/maps/search/?api=1&query=TTUHSCEP%20Parking%20and%20Transportation%20Services&query_place_id=ChIJIe13YUpb54YRHQ51FBPFN0w,University
Biodiversity Collections Herbarium,,,351 W University Ave #100,El Paso,Texas,US,https://www.utep.edu/biodiversity/collections/herbarium.html,,University,,,,,,,,,,,,,,,,,,,,,,,https://www.google.com/maps/search/?api=1&query=Biodiversity%20Collections%20Herbarium&query_place_id=ChIJ2VUHAwBZ54YRgzIchr6Y_4A,University
The Anchor Church,4.8,4,100 Porfirio Diaz St,El Paso,Texas,US,https://www.anchorelpaso.com/,(915) 449-4794,Church,,,,,,,,,,,,,,,,,,,,,,,https://www.google.com/maps/search/?api=1&query=The%20Anchor%20Church&query_place_id=ChIJVVXFYFpY54YRHfA1-YGUB_U,Church
Zion EP,5,4,3616 Rutherglen St,El Paso,Texas,US,,,Church,,,,,,,,,,,,,,,,,,,,,,,https://www.google.com/maps/search/?api=1&query=Zion%20EP&query_place_id=ChIJn41Hsrhb54YRW_KsgS5Gpt0,Church
Templo La Hermosa,5,2,8201 Lockheed Dr,El Paso,Texas,US,,,Church,,,,,,,,,,,,,,,,,,,,,,,https://www.google.com/maps/search/?api=1&query=Templo%20La%20Hermosa&query_place_id=ChIJo9FUcgBb54YR5wvgQ2eYpBg,Church
Calvary Chapel New Beginnings,5,19,2155 Wedgewood Dr,El Paso,Texas,US,https://calvarychapelnewbeginnings.com/,(915) 224-1229,Church,,,,,,,,,,,,,,,,,,,,,,,https://www.google.com/maps/search/?api=1&query=Calvary%20Chapel%20New%20Beginnings&query_place_id=ChIJiesXkbdb54YRN7vjsZhEwIk,Church
Grace Chapel,5,16,7601 Wilcox Dr,El Paso,Texas,US,http://www.gracechapelelpaso.org/,(915) 598-6035,Church,,,,,,,,,,,,,,,,,,,,,,,https://www.google.com/maps/search/?api=1&query=Grace%20Chapel&query_place_id=ChIJJwrHA0db54YRg98FGiWMPBw,Church
Encuentro Con Dios,5,9,5707 Yandell Dr,El Paso,Texas,US,,,United Church of Christ,,,,,,,,,,,,,,,,,,,,,,,https://www.google.com/maps/search/?api=1&query=Encuentro%20Con%20Dios&query_place_id=ChIJ2c6mNTRa54YRLEES8aCkk7c,United Church of Christ
"Iglesia Familia El Paso, Inc.",4.1,14,9030 Mayflower Ave,El Paso,Texas,US,,(915) 246-0952,Church,,,,,,,,,,,,,,,,,,,,,,,https://www.google.com/maps/search/?api=1&query=Iglesia%20Familia%20El%20Paso%2C%20Inc.&query_place_id=ChIJJfnYAdJa54YR29U_WtgEqVo,Church
Ministerio En Victoria,4.7,13,1414 E Paisano Dr C,El Paso,Texas,US,http://www.ministerioenvictoria.com/,(915) 838-8887,Church,Addiction treatment center,,,,,,,,,,,,,,,,,,,,,,https://www.google.com/maps/search/?api=1&query=Ministerio%20En%20Victoria&query_place_id=ChIJWbIQlA9Z54YR44OoAxMpgZI,Church
Centro Familiar FIMA,5,1,7000 Edgemere Blvd,El Paso,Texas,US,,(915) 487-5232,Christian church,Church,,,,,,,,,,,,,,,,,,,,,,https://www.google.com/maps/search/?api=1&query=Centro%20Familiar%20FIMA&query_place_id=ChIJ_a_RlCRY54YRtRkUixvCHz0,Christian church
Iglesia De Dios El Elyion,4.4,21,3812 Pershing Dr,El Paso,Texas,US,,,Church,,,,,,,,,,,,,,,,,,,,,,,https://www.google.com/maps/search/?api=1&query=Iglesia%20De%20Dios%20El%20Elyion&query_place_id=ChIJO6Frm45Z54YRF1dtSCZpWlk,Church
First Christian Church - Disciples of Christ,3.6,10,1340 Murchison Dr,El Paso,Texas,US,https://elpasofirstchristian.org/,(915) 533-6819,Disciples of Christ Church,Church,,,,,,,,,,,,,,,,,,,,,,https://www.google.com/maps/search/?api=1&query=First%20Christian%20Church%20-%20Disciples%20of%20Christ&query_place_id=ChIJEQSTJ6tZ54YRxOZN9Xjr9JI,Disciples of Christ Church
Zoe Centro Familiar Cristiano,5,2,6455 Hiller St,El Paso,Texas,US,,(915) 999-8698,Church of Christ,,,,,,,,,,,,,,,,,,,,,,,https://www.google.com/maps/search/?api=1&query=Zoe%20Centro%20Familiar%20Cristiano&query_place_id=ChIJ6YzljRlb54YRnjwfCNR33po,Church of Christ
Ernest St. Leon,5,2,3700 Yandell Dr,El Paso,Texas,US,,,Religious destination,,,,,,,,,,,,,,,,,,,,,,,https://www.google.com/maps/search/?api=1&query=Ernest%20St.%20Leon&query_place_id=ChIJx0RKBABZ54YRJ2B4rvzNFB0,Religious destination
Restoration Fellowship,4.5,17,10200 Album Ave,El Paso,Texas,US,http://www.restorationep.org/,(915) 591-9330,Church,,,,,,,,,,,,,,,,,,,,,,,https://www.google.com/maps/search/?api=1&query=Restoration%20Fellowship&query_place_id=ChIJHzfXttRE54YRJVKPqOIjz2o,Church
Freedom of Faith Ministry,5,24,2200 N Yarbrough Dr,El Paso,Texas,US,,,Church,,,,,,,,,,,,,,,,,,,,,,,https://www.google.com/maps/search/?api=1&query=Freedom%20of%20Faith%20Ministry&query_place_id=ChIJGcuHCABF54YRcS76HRbhIHA,Church
Centro Nueva Vida DownTown,,,2401 Texas Ave,El Paso,Texas,US,,,Church,,,,,,,,,,,,,,,,,,,,,,,https://www.google.com/maps/search/?api=1&query=Centro%20Nueva%20Vida%20DownTown&query_place_id=ChIJB_OxBwBZ54YRQ82aXKDmmpA,Church
Primera Iglesia Apostolica De La Fe En Cristo Jesus,4.2,13,4100 Pera Ave,El Paso,Texas,US,,,Church,,,,,,,,,,,,,,,,,,,,,,,https://www.google.com/maps/search/?api=1&query=Primera%20Iglesia%20Apostolica%20De%20La%20Fe%20En%20Cristo%20Jesus&query_place_id=ChIJzSQQgn9Z54YRcPkaMBJ9a1c,Church
Templo Guerreros de Oración,4.7,12,7620 Acapulco Ave,El Paso,Texas,US,https://m.facebook.com/guerreros.de.oracion.usa/,(915) 329-4498,Pentecostal church,,,,,,,,,,,,,,,,,,,,,,,https://www.google.com/maps/search/?api=1&query=Templo%20Guerreros%20de%20Oraci%C3%B3n&query_place_id=ChIJM7rJiFpb54YRWoUai1k1ocI,Pentecostal church
Templo La Hermosa Church,4.4,8,,El Paso,Texas,US,,,Church,,,,,,,,,,,,,,,,,,,,,,,https://www.google.com/maps/search/?api=1&query=Templo%20La%20Hermosa%20Church&query_place_id=ChIJee_31WNb54YRU-Uv_Jvsimw,Church
IECE El Paso,4.3,8,8040 Floyd Way,El Paso,Texas,US,,,Evangelical church,Hispanic church,,,,,,,,,,,,,,,,,,,,,,https://www.google.com/maps/search/?api=1&query=IECE%20El%20Paso&query_place_id=ChIJcSrgA-Jd54YR0ZqqicwZHKQ,Evangelical church
Iglesia Universal,4.4,10,2120 Montana Ave,El Paso,Texas,US,http://universalusa.org/,(713) 665-6115,Church,,,,,,,,,,,,,,,,,,,,,,,https://www.google.com/maps/search/?api=1&query=Iglesia%20Universal&query_place_id=ChIJocS76rZZ54YRemEL05PtpRE,Church
Templo Cristiano El Cordero De Dios,5,7,1201 Hawkins Blvd A,El Paso,Texas,US,http://www.tcelcorderodedios.org/,(915) 564-3144,Church,,,,,,,,,,,,,,,,,,,,,,,https://www.google.com/maps/search/?api=1&query=Templo%20Cristiano%20El%20Cordero%20De%20Dios&query_place_id=ChIJfUXc3bRb54YRvSg4-24hDaU,Church
Rivera Street Iglesia de Cristo,5,2,3331 Rivera Ave,El Paso,Texas,US,,(915) 585-7890,Church of Christ,,,,,,,,,,,,,,,,,,,,,,,https://www.google.com/maps/search/?api=1&query=Rivera%20Street%20Iglesia%20de%20Cristo&query_place_id=ChIJUTqiv4lZ54YRFbwmn4tcGxY,Church of Christ
Nueva Esperanza,,,7623 Wilcox Dr,El Paso,Texas,US,http://nuevaesperanzaep.org/,(580) 461-6091,Church of Christ,,,,,,,,,,,,,,,,,,,,,,,https://www.google.com/maps/search/?api=1&query=Nueva%20Esperanza&query_place_id=ChIJXUebV3Fb54YRTc4_-tjnbcI,Church of Christ
Iglesia Christiana Yo soy,5,1,1155 Larry Mahan Dr B,El Paso,Texas,US,,(915) 279-8986,Church,,,,,,,,,,,,,,,,,,,,,,,https://www.google.com/maps/search/?api=1&query=Iglesia%20Christiana%20Yo%20soy&query_place_id=ChIJw6MO2ENb54YRO7hH9AEBC9o,Church
Eastwood Middle School,,,2612 Chaswood St,El Paso,Texas,US,http://www.yisd.net/eastwoodmiddle,(915) 434-4300,Middle school,Athletic field,,,,,,,,,,,,,,,,,,,,,,https://www.google.com/maps/search/?api=1&query=Eastwood%20Middle%20School&query_place_id=ChIJ_2pBdtBE54YR5BWcgSTwxn4,Middle school
Templo La Potenica De Dios,5,5,,El Paso,Texas,US,,,Church,,,,,,,,,,,,,,,,,,,,,,,https://www.google.com/maps/search/?api=1&query=Templo%20La%20Potenica%20De%20Dios&query_place_id=ChIJVdMR0QRZ54YRuXYy0iFdNYg,Church
Iglesia Pacto Viviente,4.5,12,9401 Carnegie Ave,El Paso,Texas,US,,,Religious institution,,,,,,,,,,,,,,,,,,,,,,,https://www.google.com/maps/search/?api=1&query=Iglesia%20Pacto%20Viviente&query_place_id=ChIJk-fEySha54YR0NGg8-IsFSw,Religious institution
"IGLESIA DEL MENSAJE EN EL PASO, TX",5,4,2530 Yandell Dr,El Paso,Texas,US,,(915) 888-1958,Church,,,,,,,,,,,,,,,,,,,,,,,https://www.google.com/maps/search/?api=1&query=IGLESIA%20DEL%20MENSAJE%20EN%20EL%20PASO%2C%20TX&query_place_id=ChIJeYvzxK1Z54YRd3vh6Txe6Uc,Church
Scotsdale Elementary School,,,2901 McRae Blvd,El Paso,Texas,US,http://scotsdale.yisd.net/,(915) 434-4800,Elementary school,,,,,,,,,,,,,,,,,,,,,,,https://www.google.com/maps/search/?api=1&query=Scotsdale%20Elementary%20School&query_place_id=ChIJiWjJayhb54YRXDC3pojK8iM,Elementary school
Christfor Mexico Mission,,,,El Paso,Texas,US,,(915) 598-7146,Church,,,,,,,,,,,,,,,,,,,,,,,https://www.google.com/maps/search/?api=1&query=Christfor%20Mexico%20Mission&query_place_id=ChIJAQAAACRb54YRgrlTUhhNjIo,Church
Kairos Mision Cristiana,,,6800 Gtwy Blvd E suite a,El Paso,Texas,US,,,Church,,,,,,,,,,,,,,,,,,,,,,,https://www.google.com/maps/search/?api=1&query=Kairos%20Mision%20Cristiana&query_place_id=ChIJufCWfzxb54YRHUUkGO3Tz4o,Church
El Paso Five Points Bilingual Seventh-day Adventist Church,,,1340 Murchison Dr,El Paso,Texas,US,http://elpasofivepointsbilingualtx.adventistchurch.org/,(915) 532-1598,Seventh-day Adventist church,,,,,,,,,,,,,,,,,,,,,,,https://www.google.com/maps/search/?api=1&query=El%20Paso%20Five%20Points%20Bilingual%20Seventh-day%20Adventist%20Church&query_place_id=ChIJQ2HfGJ1Z54YRNnmn-XoIZ8M,Seventh-day Adventist church
Iglesia Cristiana Interdenominacional Emmanuel,,,Poplar St,El Paso,Texas,US,http://www.iglesiaemanueliciar.org/,,Christian church,,,,,,,,,,,,,,,,,,,,,,,https://www.google.com/maps/search/?api=1&query=Iglesia%20Cristiana%20Interdenominacional%20Emmanuel&query_place_id=ChIJ9X87t59Z54YRuyQSFQDtyK0,Christian church
Capilla del Sagrado Corazón at Roger Beacon,,,2400 Marr St,El Paso,Texas,US,https://sites.google.com/view/rogerbaconcollege/home,(915) 565-2921,Catholic church,,,,,,,,,,,,,,,,,,,,,,,https://www.google.com/maps/search/?api=1&query=Capilla%20del%20Sagrado%20Coraz%C3%B3n%20at%20Roger%20Beacon&query_place_id=ChIJDfpUeABb54YRicc7l54Q1Zs,Catholic church
Iglesia Adventista del Séptimo Día Hispana de El Paso - Montana / El Paso Montana Spanish Seventh-day Adventist Church,4.1,7,1526 Montana Ave,El Paso,Texas,US,http://elpasomontanaspanishtx.adventistchurch.org/,(915) 258-5578,Seventh-day Adventist church,,,,,,,,,,,,,,,,,,,,,,,https://www.google.com/maps/search/?api=1&query=Iglesia%20Adventista%20del%20S%C3%A9ptimo%20D%C3%ADa%20Hispana%20de%20El%20Paso%20-%20Montana%20%2F%20El%20Paso%20Montana%20Spanish%20Seventh-day%20Adventist%20Church&query_place_id=ChIJC0yTl99Z54YRgsim5ldOOlU,Seventh-day Adventist church
The Online Trade School,5,3,11450 Rojas Dr Suite D18-11,El Paso,Texas,US,https://theonlinetradeschool.com/,(915) 201-2742,School center,,,,,,,,,,,,,,,,,,,,,,,https://www.google.com/maps/search/?api=1&query=The%20Online%20Trade%20School&query_place_id=ChIJtXLJw9dD54YRkq4tgEaSnsc,School center
Eastview Cottages,,,1637 Leroy Bonse Dr,El Paso,Texas,US,https://www.sisd.net/,(915) 937-0000,School administration office,Preschool,,,,,,,,,,,,,,,,,,,,,,https://www.google.com/maps/search/?api=1&query=Eastview%20Cottages&query_place_id=ChIJd2ZCAXxE54YR49mjFl9VDEM,School administration office
AHC Training,5,1,2300 George Dieter Dr #3963,El Paso,Texas,US,http://ahctraining.com/,(915) 603-5277,Trade school,,,,,,,,,,,,,,,,,,,,,,,https://www.google.com/maps/search/?api=1&query=AHC%20Training&query_place_id=ChIJ27bo7PZE54YR4phy9ZQ9MDI,Trade school
BRIGHTER EXPECTATIONS,,,,El Paso,Texas,US,,(915) 526-7176,After school program,College,Education,Learning center,,,,,,,,,,,,,,,,,,,,https://www.google.com/maps/search/?api=1&query=BRIGHTER%20EXPECTATIONS&query_place_id=ChIJuTOmXvRE54YRgiVx7Id7oXE,After school program
Performing Arts,,,12401 Edgemere Blvd,El Paso,Texas,US,https://www.sisd.net/o/eldorado/page/student-programs,,Educational institution,,,,,,,,,,,,,,,,,,,,,,,https://www.google.com/maps/search/?api=1&query=Performing%20Arts&query_place_id=ChIJwYyy8itE54YRWdzqOUR8ux0,Educational institution
SISD30,,,14701 Ralph Seitsinger,El Paso,Texas,US,,,Educational institution,,,,,,,,,,,,,,,,,,,,,,,https://www.google.com/maps/search/?api=1&query=SISD30&query_place_id=ChIJL3g4kldH54YRQcxfVgSN9I4,Educational institution
Sun Country Montessori,,,2191 Sun Country Dr,El Paso,Texas,US,http://www.suncountrymontessori.com/,(915) 855-1205,Montessori school,Day care center,Kindergarten,Preschool,,,,,,,,,,,,,,,,,,,,https://www.google.com/maps/search/?api=1&query=Sun%20Country%20Montessori&query_place_id=ChIJfTBvux5E54YRpKEfxEz_1vQ,Montessori school
SSG Manuel R. Puentes Middle,,,3216 Tim Foster St,El Paso,Texas,US,https://www.sisd.net/o/ssgmanuelpuentes,(915) 937-9200,Middle school,Public educational institution,,,,,,,,,,,,,,,,,,,,,,https://www.google.com/maps/search/?api=1&query=SSG%20Manuel%20R.%20Puentes%20Middle&query_place_id=ChIJVTS9C_JG54YRJRXd00UyAmQ,Middle school
Career and Technology Building,,,12000 Montwood Dr,El Paso,Texas,US,,(915) 937-2400,High school,,,,,,,,,,,,,,,,,,,,,,,https://www.google.com/maps/search/?api=1&query=Career%20and%20Technology%20Building&query_place_id=ChIJnxMcWG1E54YRfbdhTd8JHFo,High school
KEYS Elementary Academy,,,2640 Robert Wynn St,El Paso,Texas,US,https://www.sisd.net/o/keysacademy,(915) 937-4156,Elementary school,,,,,,,,,,,,,,,,,,,,,,,https://www.google.com/maps/search/?api=1&query=KEYS%20Elementary%20Academy&query_place_id=ChIJuZShF9Fp54YRpiz-EI4gxjA,Elementary school
BusinessKids El Paso,5,12,2200 Lee Trevino Dr A-4,El Paso,Texas,US,https://businesskidselp.com/,(915) 600-2881,After school program,,,,,,,,,,,,,,,,,,,,,,,https://www.google.com/maps/search/?api=1&query=BusinessKids%20El%20Paso&query_place_id=ChIJAfTyZnRF54YRm5Ksw8zKeOc,After school program
Little Scholars Academy,4.2,25,11150 Montwood Dr,El Paso,Texas,US,http://www.littlescholarsep.com/,(915) 633-1040,Preschool,Day care center,Learning center,,,,,,,,,,,,,,,,,,,,,https://www.google.com/maps/search/?api=1&query=Little%20Scholars%20Academy&query_place_id=ChIJTYxpuPJE54YRuEFwBrIndbM,Preschool
Socorro Aft,,,,El Paso,Texas,US,,(915) 593-2801,After school program,,,,,,,,,,,,,,,,,,,,,,,https://www.google.com/maps/search/?api=1&query=Socorro%20Aft&query_place_id=ChIJi6HzRIpE54YRWOrLYzXoO5M,After school program
Learning Disabilities Association + Of Texas El Paso Council,5,1,10510 Montwood Dr # D,El Paso,Texas,US,,(915) 591-8080,Educational institution,,,,,,,,,,,,,,,,,,,,,,,https://www.google.com/maps/search/?api=1&query=Learning%20Disabilities%20Association%20%2B%20Of%20Texas%20El%20Paso%20Council&query_place_id=ChIJr8Pmac9E54YR2UoFQl9W24c,Educational institution
Building B,,,2640 Robert Wynn St,El Paso,Texas,US,,,Elementary school,,,,,,,,,,,,,,,,,,,,,,,https://www.google.com/maps/search/?api=1&query=Building%20B&query_place_id=ChIJsedEeQBF54YRn17Y6Qd6o-8,Elementary school
Sandy Creek Cottages,,,11400 Long John Dr,El Paso,Texas,US,https://www.sisd.net/,(915) 937-0000,School administration office,Preschool,,,,,,,,,,,,,,,,,,,,,,https://www.google.com/maps/search/?api=1&query=Sandy%20Creek%20Cottages&query_place_id=ChIJY9A_aFhE54YRyUpdFv4z7qg,School administration office
"Building ""B""",,,12000 Montwood Dr,El Paso,Texas,US,,,Educational institution,,,,,,,,,,,,,,,,,,,,,,,https://www.google.com/maps/search/?api=1&query=Building%20%22B%22&query_place_id=ChIJcVM8Um1E54YRASzrrW3VPaA,Educational institution
YWCA After School Programs,,,"P1-A, 1950 Firehouse Dr",El Paso,Texas,US,https://www.ywcaelpaso.org/after-school-program,(915) 472-5922,After school program,,,,,,,,,,,,,,,,,,,,,,,https://www.google.com/maps/search/?api=1&query=YWCA%20After%20School%20Programs&query_place_id=ChIJkYPzSA1E54YReK765ciy-Xc,After school program
The Castle at Hanks,,,"Montwood, Lee Trevino Dr",El Paso,TX,US,https://www.yisd.net/hanks,(915) 434-5000,High school,,,,,,,,,,,,,,,,,,,,,,,https://www.google.com/maps/search/?api=1&query=The%20Castle%20at%20Hanks&query_place_id=ChIJWQX0LvNF54YR8YdgY8ejswQ,High school
YWCA After School Programs,,,3830 Rich Beem Blvd,El Paso,Texas,US,,(915) 472-5900,After school program,,,,,,,,,,,,,,,,,,,,,,,https://www.google.com/maps/search/?api=1&query=YWCA%20After%20School%20Programs&query_place_id=ChIJT6jaQnlG54YRmUW-0X6AtL8,After school program
Montana Barber Institute,1,1,1920 N Zaragoza Rd Suite 101 - 103,El Paso,Texas,US,http://montanabarberinstitute.com/,(915) 760-7964,Trade school,School,,,,,,,,,,,,,,,,,,,,,,https://www.google.com/maps/search/?api=1&query=Montana%20Barber%20Institute&query_place_id=ChIJX4RcsRZF54YRf109BZHUkvA,Trade school
Professional Building,,,12000 Montwood Dr,El Paso,Texas,US,,,Educational institution,School,,,,,,,,,,,,,,,,,,,,,,https://www.google.com/maps/search/?api=1&query=Professional%20Building&query_place_id=ChIJbW26bG1E54YRxZBrppdegMk,Educational institution
Addison Career Institute,,,1757 George Dieter Dr #126,El Paso,Texas,US,,(915) 301-1565,Educational institution,Truck driving school,,,,,,,,,,,,,,,,,,,,,,https://www.google.com/maps/search/?api=1&query=Addison%20Career%20Institute&query_place_id=ChIJPV6EfYlE54YR_SueXjdVEaY,Educational institution
El Paso Driving Academy,4.1,32,12102 Montwood Dr D,El Paso,Texas,US,http://www.elpasodriving.com/,(915) 855-4900,Driving school,,,,,,,,,,,,,,,,,,,,,,,https://www.google.com/maps/search/?api=1&query=El%20Paso%20Driving%20Academy&query_place_id=ChIJVcz2cA1E54YRYM_aJHJMK4E,Driving school
STEAM Preschool & Kindergarten,4.2,19,3019 N Yarbrough Dr Ste. C & D,El Paso,Texas,US,https://www.steampreschool.com/,(915) 224-0247,Preschool,School house,,,,,,,,,,,,,,,,,,,,,,https://www.google.com/maps/search/?api=1&query=STEAM%20Preschool%20%26%20Kindergarten&query_place_id=ChIJx532jJJF54YRYaIWnlqIrek,Preschool
Our Lil' Treasures Home Daycare,1.8,5,3209 Queens Garden Cir,El Paso,Texas,US,,(915) 258-2453,Preschool,,,,,,,,,,,,,,,,,,,,,,,https://www.google.com/maps/search/?api=1&query=Our%20Lil'%20Treasures%20Home%20Daycare&query_place_id=ChIJJ3cyWE5E54YRIAcMazvsGqQ,Preschool
Ocean Pointe Dental Assisting Academy of El Paso,,,11680 Pebble Hills Blvd,El Paso,Texas,US,,(915) 348-4451,Educational institution,,,,,,,,,,,,,,,,,,,,,,,https://www.google.com/maps/search/?api=1&query=Ocean%20Pointe%20Dental%20Assisting%20Academy%20of%20El%20Paso&query_place_id=ChIJ6YFw6WBF54YRyf67crZu-n0,Educational institution
Tropical Sno,2.2,9,2281 N Zaragoza Rd,El Paso,Texas,US,,,Educational institution,,,,,,,,,,,,,,,,,,,,,,,https://www.google.com/maps/search/?api=1&query=Tropical%20Sno&query_place_id=ChIJ42Kqmx9E54YR88aYq0v8C1k,Educational institution
Graphic Design & Vinyl Arts,4.7,3,11656 Stockmeyer Dr,El Paso,Texas,US,https://designandvinylartsclass.com/,(915) 861-1706,Art school,Print shop,,,,,,,,,,,,,,,,,,,,,,https://www.google.com/maps/search/?api=1&query=Graphic%20Design%20%26%20Vinyl%20Arts&query_place_id=ChIJm0mGJGRF54YRzI99oAiArK4,Art school
National Medical Institute,4,5,2278 Trawood Dr Suite F,El Paso,Texas,US,http://national-medical-institute.com/,(915) 262-4664,Medical school,Vocational school,,,,,,,,,,,,,,,,,,,,,,https://www.google.com/maps/search/?api=1&query=National%20Medical%20Institute&query_place_id=ChIJG-yk6kpF54YRD6zUwt6CllM,Medical school
Meadowbrook Preschool & Learning,,,1540 Pendale Rd,El Paso,Texas,US,,(915) 856-5955,Preschool,,,,,,,,,,,,,,,,,,,,,,,https://www.google.com/maps/search/?api=1&query=Meadowbrook%20Preschool%20%26%20Learning&query_place_id=ChIJs2SXFyVF54YRLCRb6xcAPUs,Preschool
Pink And Blue Daycare,5,1,12357 Tierra Limpia Dr,El Paso,Texas,US,,(915) 875-5979,After school program,,,,,,,,,,,,,,,,,,,,,,,https://www.google.com/maps/search/?api=1&query=Pink%20And%20Blue%20Daycare&query_place_id=ChIJeW_HICxE54YRtvChMtLS28E,After school program
"Behind the Wheel Driving Academy, LLC",3,2,12430 Edgemere Blvd #209,El Paso,Texas,US,,(800) 592-4586,Driving school,Adult education school,,,,,,,,,,,,,,,,,,,,,,https://www.google.com/maps/search/?api=1&query=Behind%20the%20Wheel%20Driving%20Academy%2C%20LLC&query_place_id=ChIJ6XY49itE54YRoDXHwBOzCtM,Driving school
West Texas Driving Academy,1,1,2720 John Hayes St,El Paso,Texas,US,https://www.westtexasdriving.com/,(915) 270-9108,Driving school,,,,,,,,,,,,,,,,,,,,,,,https://www.google.com/maps/search/?api=1&query=West%20Texas%20Driving%20Academy&query_place_id=ChIJ8U50CoRH54YRqtGVNeMs-74,Driving school
El Paso Pediatric Dental Assistant School,4.5,8,3037 N Zaragoza Rd Suite A,El Paso,Texas,US,https://elpasopdas.com/about-us/,(915) 242-1836,Dental school,Educational institution,,,,,,,,,,,,,,,,,,,,,,https://www.google.com/maps/search/?api=1&query=El%20Paso%20Pediatric%20Dental%20Assistant%20School&query_place_id=ChIJTaacJzdb54YRphhCfuWqN48,Dental school
Behind the Wheel Driving Academy,2.3,3,2200 Lee Trevino Dr,El Paso,Texas,US,,(915) 591-0845,Driving school,,,,,,,,,,,,,,,,,,,,,,,https://www.google.com/maps/search/?api=1&query=Behind%20the%20Wheel%20Driving%20Academy&query_place_id=ChIJbRHq0OtE54YRzPDajq2q8Qs,Driving school
Maven Beauty Institute,4.9,88,2000 Lomaland Dr Ste 102,El Paso,Texas,US,http://www.elpasolashtraining.com/,(915) 229-6567,Beauty school,,,,,,,,,,,,,,,,,,,,,,,https://www.google.com/maps/search/?api=1&query=Maven%20Beauty%20Institute&query_place_id=ChIJ-dYRJ3BZ54YRXDVL_o5zZFE,Beauty school
Camión Karina,,,E Glen Dr,El Paso,Texas,US,,,Educational institution,,,,,,,,,,,,,,,,,,,,,,,https://www.google.com/maps/search/?api=1&query=Cami%C3%B3n%20Karina&query_place_id=ChIJZz5PEgBF54YRwhc6lroFD6c,Educational institution
Wisdom Rda,5,18,3121 Forney Ln A,El Paso,Texas,US,http://facebook.com/wisdomrda,(915) 241-9004,Dental school,,,,,,,,,,,,,,,,,,,,,,,https://www.google.com/maps/search/?api=1&query=Wisdom%20Rda&query_place_id=ChIJCxLoaFNF54YRdcr4lrwSdlw,Dental school
St. Raphael Catholic School,,,2310 Woodside Dr,El Paso,Texas,US,http://www.straphaelelpaso.org/,(915) 598-2241,Catholic school,,,,,,,,,,,,,,,,,,,,,,,https://www.google.com/maps/search/?api=1&query=St.%20Raphael%20Catholic%20School&query_place_id=ChIJn11Po9JE54YRfQYbjJRk74E,Catholic school
El Paso-CPR and First Aid Training (CLOSED),4.9,48,2267 Trawood Dr B4,El Paso,Texas,US,http://www.elpaso-cpr.com/,(915) 629-0980,Trade school,,,,,,,,,,,,,,,,,,,,,,,https://www.google.com/maps/search/?api=1&query=El%20Paso-CPR%20and%20First%20Aid%20Training%20(CLOSED)&query_place_id=ChIJCwM5j-ZD54YRauDQL44VkE4,Trade school
Noahs Nook Pre-School,,,10453 Springwood Dr,El Paso,Texas,US,https://www.noahsnookinc.com/,(915) 594-9026,Preschool,,,,,,,,,,,,,,,,,,,,,,,https://www.google.com/maps/search/?api=1&query=Noahs%20Nook%20Pre-School&query_place_id=ChIJcZ-LhcpE54YRSOsuETMupPI,Preschool
Front Sight Firearms & LTC Training,4.9,51,Tierra Cecil Pl,El Paso,Texas,US,http://www.frontsightfirearmsltctraining.com/,(915) 276-3100,Firearms academy,,,,,,,,,,,,,,,,,,,,,,,https://www.google.com/maps/search/?api=1&query=Front%20Sight%20Firearms%20%26%20LTC%20Training&query_place_id=ChIJvR5hgYFG54YRxxnm19uOBfE,Firearms academy
Alchemy Karate Academy Far East,4.3,31,3560 N Zaragoza Rd Ste 209-211,El Paso,Texas,US,https://www.alchemykarateacademy.com/,(915) 588-0753,Martial arts school,,,,,,,,,,,,,,,,,,,,,,,https://www.google.com/maps/search/?api=1&query=Alchemy%20Karate%20Academy%20Far%20East&query_place_id=ChIJqxb0hYxG54YRZ0ZxP6pHMr4,Martial arts school
Abbyero Aviation,,,,,,,https://abbyeroaviation.com/,(915) 999-5352,Flight school,Service establishment,,,,,,,,,,,,,,,,,,,,,,https://www.google.com/maps/search/?api=1&query=Abbyero%20Aviation&query_place_id=ChIJKfEfBNwaYoMR58Sft5pmaPM,Flight school
Champion Ballet Academy,3.6,55,12410 Montwood Dr,El Paso,Texas,US,http://imaginedanceacademy.com/,(915) 637-5569,Dance school,,,,,,,,,,,,,,,,,,,,,,,https://www.google.com/maps/search/?api=1&query=Champion%20Ballet%20Academy&query_place_id=ChIJ71hGXQRE54YR79GQwzKjG6M,Dance school
Excalibur Stadium at Hanks High School,,,,El Paso,Texas,US,,(915) 434-5000,High school,,,,,,,,,,,,,,,,,,,,,,,https://www.google.com/maps/search/?api=1&query=Excalibur%20Stadium%20at%20Hanks%20High%20School&query_place_id=ChIJq6qq8elE54YRzFFfExAXPbo,High school
CAM MUSIC,,,2001 Trawood Dr,El Paso,Texas,US,https://www.facebook.com/CAMMUSIC25/,(915) 408-8534,Music school,,,,,,,,,,,,,,,,,,,,,,,https://www.google.com/maps/search/?api=1&query=CAM%20MUSIC&query_place_id=ChIJvyfPKulF54YRHHDrY4I9zso,Music school
Crystal Lotus School of Burlesque Arts,,,2267 Trawood Dr #2,El Paso,Texas,US,,(915) 777-1025,Dance school,Art school,School,,,,,,,,,,,,,,,,,,,,,https://www.google.com/maps/search/?api=1&query=Crystal%20Lotus%20School%20of%20Burlesque%20Arts&query_place_id=ChIJZeXpRpVE54YRoBxG2gy6mjU,Dance school
Catholic Diocese of El Paso,4.5,152,499 St Matthews St,El Paso,Texas,US,http://www.elpasodiocese.org/,(915) 872-8400,Religious organization,Tourist attraction,,,,,,,,,,,,,,,,,,,,,,https://www.google.com/maps/search/?api=1&query=Catholic%20Diocese%20of%20El%20Paso&query_place_id=ChIJBSngBklD54YRmYeO18bmwRc,Religious organization
Ysleta Elementary School,,,8624 Dorbandt Cir,El Paso,Texas,US,https://www.yisd.net/ysletaelementary,(915) 434-8900,Elementary school,School,,,,,,,,,,,,,,,,,,,,,,https://www.google.com/maps/search/?api=1&query=Ysleta%20Elementary%20School&query_place_id=ChIJI8G5BylD54YR5eNAARS7_gY,Elementary school
Vargas Taekwondo EP,4.8,16,1810 Trawood Dr Suite N1,El Paso,Texas,US,https://vargasolympictkd.wixsite.com/vargas-olympic-taekw,(915) 315-6804,Taekwondo school,,,,,,,,,,,,,,,,,,,,,,,https://www.google.com/maps/search/?api=1&query=Vargas%20Taekwondo%20EP&query_place_id=ChIJQRq_ZYhF54YRxvNwSo4eOnY,Taekwondo school
Lancaster Elementary School,,,9230 Elgin Dr,El Paso,Texas,US,http://lancaster.yisd.net/,(915) 434-3400,Elementary school,,,,,,,,,,,,,,,,,,,,,,,https://www.google.com/maps/search/?api=1&query=Lancaster%20Elementary%20School&query_place_id=ChIJbaoHqORC54YRnsNtYhlVYTA,Elementary school
North Loop Elementary School,,,412 Emerson St,El Paso,Texas,US,https://www.yisd.net/northloop,(915) 434-2800,Elementary school,School,,,,,,,,,,,,,,,,,,,,,,https://www.google.com/maps/search/?api=1&query=North%20Loop%20Elementary%20School&query_place_id=ChIJByb70ahc54YRmBZJJYHeueA,Elementary school
EARLY LEARNING CENTER,,,310 Dunne Ave,El Paso,Texas,US,,,Preschool,,,,,,,,,,,,,,,,,,,,,,,https://www.google.com/maps/search/?api=1&query=EARLY%20LEARNING%20CENTER&query_place_id=ChIJHw9au9Vb54YRLi3s4bybVVY,Preschool
His Dwelling Place,,,"A & B, 3105 N Yarbrough Dr",El Paso,Texas,US,http://spiritlifecc.com/,(915) 820-2082,Religious organization,Church,,,,,,,,,,,,,,,,,,,,,,https://www.google.com/maps/search/?api=1&query=His%20Dwelling%20Place&query_place_id=ChIJB1hs6NdE54YRNKkNBEfF8cs,Religious organization
Live N Proof Restoration Ministry,4,4,3355 N Yarbrough Dr Suit J,El Paso,Texas,US,http://inprestorationchurch.services/,(915) 200-9309,Church,,,,,,,,,,,,,,,,,,,,,,,https://www.google.com/maps/search/?api=1&query=Live%20N%20Proof%20Restoration%20Ministry&query_place_id=ChIJ4dvaYbNb54YR_BGYTnSgAR4,Church
St. Raphael Religious Formation,5,2,2301 Zanzibar Rd,El Paso,Texas,US,https://straphaelparish.wixsite.com/parish,(915) 593-1901,Parish,,,,,,,,,,,,,,,,,,,,,,,https://www.google.com/maps/search/?api=1&query=St.%20Raphael%20Religious%20Formation&query_place_id=ChIJMUImtr5F54YRJ54hdRVUXb0,Parish
Un Nuevo Comienzo,5,3,3527 Firestone Dr,El Paso,Texas,US,,(915) 929-2001,Church,,,,,,,,,,,,,,,,,,,,,,,https://www.google.com/maps/search/?api=1&query=Un%20Nuevo%20Comienzo&query_place_id=ChIJTZ2UknxD54YRniwDQXi-L7c,Church
Knights of Columbus HUT #7563 Assembly #2968,3.4,5,Zanzibar Rd,El Paso,Texas,US,,,Catholic church,,,,,,,,,,,,,,,,,,,,,,,https://www.google.com/maps/search/?api=1&query=Knights%20of%20Columbus%20HUT%20%237563%20Assembly%20%232968&query_place_id=ChIJw4P-tWlF54YRTHwO2ce4XYE,Catholic church
El Paso Latinoamericana,,,10640 Montwood Dr,El Paso,Texas,US,,(915) 822-3726,Church of the Nazarene,,,,,,,,,,,,,,,,,,,,,,,https://www.google.com/maps/search/?api=1&query=El%20Paso%20Latinoamericana&query_place_id=ChIJK5DaH8RE54YRVo-B0Xfc2uA,Church of the Nazarene
El Paso ISD Purchasing,3,2,4900 Woodrow Bean Transmountain,El Paso,Texas,US,https://www.episd.org/page/warehouse-services,(915) 230-3120,School district office,,,,,,,,,,,,,,,,,,,,,,,https://www.google.com/maps/search/?api=1&query=El%20Paso%20ISD%20Purchasing&query_place_id=ChIJlY9-dh1R54YR1Z3GRQ9D_1w,School district office
YWCA After School Programs,,,9790 Pickerel Dr,El Paso,Texas,US,,(915) 472-5895,After school program,,,,,,,,,,,,,,,,,,,,,,,https://www.google.com/maps/search/?api=1&query=YWCA%20After%20School%20Programs&query_place_id=ChIJAaDXYHJR54YRcaUSuxDh_k0,After school program
Victory Warriors Academy,,,5455-5499 Annette Dr,El Paso,Texas,US,,,After school program,,,,,,,,,,,,,,,,,,,,,,,https://www.google.com/maps/search/?api=1&query=Victory%20Warriors%20Academy&query_place_id=ChIJb4n4IWlR54YRq8bcUg8FKFE,After school program
EL PASO MASSAGE INSTITUTE,,,9639 Dyer St SECOND FLOOR,El Paso,Texas,US,,(915) 308-7766,Massage school,,,,,,,,,,,,,,,,,,,,,,,https://www.google.com/maps/search/?api=1&query=EL%20PASO%20MASSAGE%20INSTITUTE&query_place_id=ChIJMQCMhlNR54YRq_AbPeBeSnI,Massage school
CDLRapido Student Finance,,,5255 Woodrow Bean Transmountain Dr ste a2,El Paso,Texas,US,https://cdlrapido.com/,(915) 494-8478,Truck driving school,,,,,,,,,,,,,,,,,,,,,,,https://www.google.com/maps/search/?api=1&query=CDLRapido%20Student%20Finance&query_place_id=ChIJ8TWV8wZR54YRxv5vXIYTwEs,Truck driving school
El Paso Karate,4.8,66,10710 Gateway N Blvd # B4,El Paso,Texas,US,http://www.epkarate.com/,(915) 822-8818,Martial arts school,,,,,,,,,,,,,,,,,,,,,,,https://www.google.com/maps/search/?api=1&query=El%20Paso%20Karate&query_place_id=ChIJN9zsMEdr-hQRT0uOD_Z5tvo,Martial arts school
Ramona Elementary School,,,7755 Franklin Dr,El Paso,Texas,US,,(915) 434-6900,Elementary school,,,,,,,,,,,,,,,,,,,,,,,https://www.google.com/maps/search/?api=1&query=Ramona%20Elementary%20School&query_place_id=ChIJ81vWBKVd54YR8tBVPisxQ_Y,Elementary school
915 Languages,4.9,10,7001 Westwind Dr,El Paso,Texas,US,https://915languages.com/,(915) 248-1035,Language school,German language school,Summer camp organizer,,,,,,,,,,,,,,,,,,,,,https://www.google.com/maps/search/?api=1&query=915%20Languages&query_place_id=ChIJWzDp02n53YYRrvwmHbtWNwU,Language school
Escuelita Mia,5,3,7113 Villa Hermosa Dr,El Paso,Texas,US,,,Preschool,,,,,,,,,,,,,,,,,,,,,,,https://www.google.com/maps/search/?api=1&query=Escuelita%20Mia&query_place_id=ChIJ__87N4n43YYR-hMmDtwxPFw,Preschool
Children's Choice Learning Center,4.5,30,6330 N Mesa St j,El Paso,Texas,US,http://www.childrenschoiceep.com/,(915) 587-9100,Preschool,,,,,,,,,,,,,,,,,,,,,,,https://www.google.com/maps/search/?api=1&query=Children's%20Choice%20Learning%20Center&query_place_id=ChIJWZL5D3b43YYRNVXpwBXCVqA,Preschool
TBA GADSEN,,,7550 Remcon Cir,El Paso,Texas,US,,,Educational institution,,,,,,,,,,,,,,,,,,,,,,,https://www.google.com/maps/search/?api=1&query=TBA%20GADSEN&query_place_id=ChIJ1yQBGQD53YYRP1LZxFCDosI,Educational institution
El Paso Parents of Multiples Club,,,5005 Love Rd,El Paso,Texas,US,,(915) 760-6955,Preschool,,,,,,,,,,,,,,,,,,,,,,,https://www.google.com/maps/search/?api=1&query=El%20Paso%20Parents%20of%20Multiples%20Club&query_place_id=ChIJj0PJRar53YYR4CCDyH7MAks,Preschool
Healing Arts Institute of Texas,5,1,6633 N Mesa St #507,El Paso,Texas,US,https://healingartsinstituteoftexas.com/,(915) 328-3608,Massage school,,,,,,,,,,,,,,,,,,,,,,,https://www.google.com/maps/search/?api=1&query=Healing%20Arts%20Institute%20of%20Texas&query_place_id=ChIJa_rLMKX53YYRa6N7CAGZ-Io,Massage school
"Jeff Speakman's Kenpo 5.0 El Paso Tx, USA",5,6,5034 Doniphan Dr Suite 1B,El Paso,Texas,US,http://www.jsk5.0elpasotxusa.com/,(915) 478-4091,Martial arts school,,,,,,,,,,,,,,,,,,,,,,,https://www.google.com/maps/search/?api=1&query=Jeff%20Speakman's%20Kenpo%205.0%20El%20Paso%20Tx%2C%20USA&query_place_id=ChIJd1DZXpP53YYRm4B9YOUSIY0,Martial arts school
EP Self Defense Initiative,,,7136 Armistad Ave,El Paso,Texas,US,,(915) 803-8148,Self defense school,,,,,,,,,,,,,,,,,,,,,,,https://www.google.com/maps/search/?api=1&query=EP%20Self%20Defense%20Initiative&query_place_id=ChIJCT0tMjf53YYRngDlahSiIYk,Self defense school
EPISD Fine Arts Office,5,2,4864 Doniphan Dr,El Paso,Texas,US,https://www.episd.org/o/episd/page/fine-arts,(915) 230-3500,School district office,,,,,,,,,,,,,,,,,,,,,,,https://www.google.com/maps/search/?api=1&query=EPISD%20Fine%20Arts%20Office&query_place_id=ChIJ53KB91P43YYRImanvm_B0Fk,School district office
Southwest Music Academy,,,8001 N Mesa St,El Paso,Texas,US,http://www.learn2play.net/contact.html,(575) 644-8025,Music school,,,,,,,,,,,,,,,,,,,,,,,https://www.google.com/maps/search/?api=1&query=Southwest%20Music%20Academy&query_place_id=ChIJq6p6MFT43YYRpuZ0E2mcULw,Music school
Center For Internal Arts,5,2,5757 Montoya Dr,El Paso,Texas,US,http://www.centerforinternalarts.com/?utm_source=google&utm_medium=wix_google_business_profile&utm_campaign=3957632550241486968,(915) 584-4730,Tai chi school,Martial arts school,,,,,,,,,,,,,,,,,,,,,,https://www.google.com/maps/search/?api=1&query=Center%20For%20Internal%20Arts&query_place_id=ChIJGTDX_zz53YYRVF3yE5VddO0,Tai chi school
OTT Taekwondo USA,5,23,7456 Cimarron Market Ave Ste E-3,El Paso,Texas,US,https://ott-usa.com/,(915) 299-9222,Martial arts school,,,,,,,,,,,,,,,,,,,,,,,https://www.google.com/maps/search/?api=1&query=OTT%20Taekwondo%20USA&query_place_id=ChIJOZdWm5H43YYRCBkOMJNgulE,Martial arts school
Premier Martial Arts West El Paso,5,46,5044 Doniphan Dr b 100,El Paso,Texas,US,https://premiermartialarts.com/texas-el-paso/,(915) 474-7850,Martial arts school,,,,,,,,,,,,,,,,,,,,,,,https://www.google.com/maps/search/?api=1&query=Premier%20Martial%20Arts%20West%20El%20Paso&query_place_id=ChIJlWA3cIL53YYR73XSU9AfvVI,Martial arts school
Champions Tae Kwon DO Center,5,92,1035 Belvidere St #350,El Paso,Texas,US,http://championstaekwondo.com/,(915) 842-8305,Martial arts school,,,,,,,,,,,,,,,,,,,,,,,https://www.google.com/maps/search/?api=1&query=Champions%20Tae%20Kwon%20DO%20Center&query_place_id=ChIJazJXWoH43YYRRgZ7PfZ_kgM,Martial arts school
Dance Palace,5,3,,El Paso,Texas,US,https://usavistalab.top/details/dance-palace-ChIJyzx,(575) 494-6835,Dance school,,,,,,,,,,,,,,,,,,,,,,,https://www.google.com/maps/search/?api=1&query=Dance%20Palace&query_place_id=ChIJyzxLtWf43YYRuf6baZLxoYc,Dance school
Hayashi's Martial Arts Academy - Hayashi Dojo EST. 1955,4.9,25,211 Teramar Way,El Paso,Texas,US,http://hayashismartialarts.com/?y_source=1_MTAwODkyNzY3OS03MTUtbG9jYXRpb24ud2Vic2l0ZQ==#,(915) 760-6999,Martial arts school,,,,,,,,,,,,,,,,,,,,,,,https://www.google.com/maps/search/?api=1&query=Hayashi's%20Martial%20Arts%20Academy%20-%20Hayashi%20Dojo%20EST.%201955&query_place_id=ChIJGxPHhlH43YYRoMbr90zYPp8,Martial arts school
Han’s Martial Arts,4.9,70,6910 N Mesa St Spc G,El Paso,Texas,US,http://hanselpasomartialarts.com/,(915) 328-2167,Martial arts school,Boxing club,Kickboxing school,Taekwondo school,,,,,,,,,,,,,,,,,,,,https://www.google.com/maps/search/?api=1&query=Han%E2%80%99s%20Martial%20Arts&query_place_id=ChIJeVko6xf43YYRApi2Ci-toXQ,Martial arts school
English Language Institute at University of Texas at El Paso,5,1,101 W Robinson Ave #107b,El Paso,Texas,US,https://www.utep.edu/extendeduniversity/professional-and-public-programs/programs/english-language-institute.html,(915) 747-5142,English language school,,,,,,,,,,,,,,,,,,,,,,,https://www.google.com/maps/search/?api=1&query=English%20Language%20Institute%20at%20University%20of%20Texas%20at%20El%20Paso&query_place_id=ChIJfZ5VeTBZ54YRzpdPF8Ckz6A,English language school
cassmar,,,500 W University Ave,El Paso,Texas,US,https://www.utep.edu/engineering/mmbme/research/research.html,(915) 747-5785,Public university,,,,,,,,,,,,,,,,,,,,,,,https://www.google.com/maps/search/?api=1&query=cassmar&query_place_id=ChIJ89RV5VtY54YRHEJHLllE1oY,Public university
Sageland Elementary School,,,7901 Santa Monica Ct,El Paso,Texas,US,http://sageland.yisd.net/,(915) 434-2900,Elementary school,,,,,,,,,,,,,,,,,,,,,,,https://www.google.com/maps/search/?api=1&query=Sageland%20Elementary%20School&query_place_id=ChIJlXeCgFRb54YRZz8xO30NgLc,Elementary school
Bliss SAC,5,2,2012 Sheridan Rd,Fort Bliss,Texas,US,https://bliss.armymwr.com/programs/school-age-centers,(915) 568-2178,After school program,,,,,,,,,,,,,,,,,,,,,,,https://www.google.com/maps/search/?api=1&query=Bliss%20SAC&query_place_id=ChIJ64jVrwFa54YRPZLd6CspL-8,After school program
Healthy Horizons Institute,4.3,11,3905 Broaddus Ave,El Paso,Texas,US,https://healthyhorizonsinstitute.com/,(915) 292-7400,Educational institution,,,,,,,,,,,,,,,,,,,,,,,https://www.google.com/maps/search/?api=1&query=Healthy%20Horizons%20Institute&query_place_id=ChIJd6X4QJVX54YRWK-m2vZEVTA,Educational institution
Haskins Center,,,4500 Mobile Ave,El Paso,Texas,US,,,College,,,,,,,,,,,,,,,,,,,,,,,https://www.google.com/maps/search/?api=1&query=Haskins%20Center&query_place_id=ChIJxVwXJABb54YR8RK97kYIKT4,College
Capelli Beauty and Barber College,4.6,19,5720 Trowbridge Dr Ste a,El Paso,Texas,US,https://capelliedu.com/,(915) 222-8633,Barber school,Beauty school,Educational institution,Technical school,,,,,,,,,,,,,,,,,,,,https://www.google.com/maps/search/?api=1&query=Capelli%20Beauty%20and%20Barber%20College&query_place_id=ChIJF8DZc2Kd2EwRpxnzAX4QOxQ,Barber school
Yellow Ribbon Scholars 2,,,5011 Alabama St Ste E & F,El Paso,Texas,US,,(915) 257-1589,Preschool,,,,,,,,,,,,,,,,,,,,,,,https://www.google.com/maps/search/?api=1&query=Yellow%20Ribbon%20Scholars%202&query_place_id=ChIJ6d4r4alX54YRBGruuIF5Frw,Preschool
El Paso Isd,,,3700 Thomason Ave,El Paso,Texas,US,,(214) 214-3100,School district office,,,,,,,,,,,,,,,,,,,,,,,https://www.google.com/maps/search/?api=1&query=El%20Paso%20Isd&query_place_id=ChIJ__8PAE9X54YRBGm97M59YrI,School district office
Chapin A-building,4.5,2,7000 Dyer St,El Paso,Texas,US,,,Educational institution,,,,,,,,,,,,,,,,,,,,,,,https://www.google.com/maps/search/?api=1&query=Chapin%20A-building&query_place_id=ChIJKUBVcgBX54YRbyQC1n_Flgw,Educational institution
Family Child Care Fort Bliss,,,,El Paso,Texas,US,,,Military school,,,,,,,,,,,,,,,,,,,,,,,https://www.google.com/maps/search/?api=1&query=Family%20Child%20Care%20Fort%20Bliss&query_place_id=ChIJxa-4hMlQ54YRhTrpqHfr2vw,Military school
Chapin D-building,5,1,7000 Dyer St,El Paso,Texas,US,,,Educational institution,,,,,,,,,,,,,,,,,,,,,,,https://www.google.com/maps/search/?api=1&query=Chapin%20D-building&query_place_id=ChIJA75QJwBX54YR5bXx8PQXqFQ,Educational institution
Chapin C-building,5,1,7000 Dyer St,El Paso,Texas,US,,,Educational institution,,,,,,,,,,,,,,,,,,,,,,,https://www.google.com/maps/search/?api=1&query=Chapin%20C-building&query_place_id=ChIJfzN6CQBX54YRpNTpNcMuT6s,Educational institution
Chapin JROTC Building,5,1,4220 Ellerthorpe Ave,El Paso,Texas,US,,,School center,,,,,,,,,,,,,,,,,,,,,,,https://www.google.com/maps/search/?api=1&query=Chapin%20JROTC%20Building&query_place_id=ChIJs9DYDgBX54YRqvkyyBFN-RY,School center
Chapin Fine Arts Building,5,2,7000 Dyer St,El Paso,Texas,US,,,School center,,,,,,,,,,,,,,,,,,,,,,,https://www.google.com/maps/search/?api=1&query=Chapin%20Fine%20Arts%20Building&query_place_id=ChIJCXmNZgBX54YRYFQ66XX6rd8,School center
The Y Child Development Center,,,,El Paso,Texas,US,,,Preschool,,,,,,,,,,,,,,,,,,,,,,,https://www.google.com/maps/search/?api=1&query=The%20Y%20Child%20Development%20Center&query_place_id=ChIJWf1z61NX54YRDGgg7afGW7I,Preschool
RSTI - Refrigeration Service Technologies Institute,,,4504 Tetons Dr,El Paso,Texas,US,,(915) 500-4450,Educational institution,,,,,,,,,,,,,,,,,,,,,,,https://www.google.com/maps/search/?api=1&query=RSTI%20-%20Refrigeration%20Service%20Technologies%20Institute&query_place_id=ChIJdTHvMNFR54YRVohsLPwmjHI,Educational institution
Logan SAC,,,3505 Ellerthorpe Ave,El Paso,Texas,US,,,After school program,,,,,,,,,,,,,,,,,,,,,,,https://www.google.com/maps/search/?api=1&query=Logan%20SAC&query_place_id=ChIJ0YrfeTdX54YRYRXHq_Q9Njk,After school program
AOA BJJ Academy,4.9,59,4601 Hondo Pass Dr Ste i,El Paso,Texas,US,https://www.aoacommunity.com/,,Martial arts school,Fitness center,Sports club,,,,,,,,,,,,,,,,,,,,,https://www.google.com/maps/search/?api=1&query=AOA%20BJJ%20Academy&query_place_id=ChIJkQ8pwE9R54YRj9U4pRNglXc,Martial arts school
Alicia R. Chacón International school,,,920 Burgundy Dr,El Paso,Texas,US,https://www.yisd.net/aliciarchacon,(915) 434-9200,Elementary school,,,,,,,,,,,,,,,,,,,,,,,https://www.google.com/maps/search/?api=1&query=Alicia%20R.%20Chac%C3%B3n%20International%20school&query_place_id=ChIJOTEHwPhC54YRQvl8y_nQBU4,Elementary school
SISD Technology Services Center,4,1,12440 Rojas Dr Suite B,El Paso,Texas,US,https://www.sisd.net/page/technology-services,(915) 937-1111,School district office,,,,,,,,,,,,,,,,,,,,,,,https://www.google.com/maps/search/?api=1&query=SISD%20Technology%20Services%20Center&query_place_id=ChIJ00t3ZTBD54YRpnWr_WBFUpc,School district office
Keystone Christian School East,,,1335 Henry Brennan Dr,El Paso,Texas,US,https://keystonechristianschools.org/,(915) 229-0123,General education school,,,,,,,,,,,,,,,,,,,,,,,https://www.google.com/maps/search/?api=1&query=Keystone%20Christian%20School%20East&query_place_id=ChIJ51CB3DFD54YRGA4MzZx4zAc,General education school
Play Skool Learning Center,3.9,8,8424 N Loop Dr,El Paso,Texas,US,,(915) 633-9443,Preschool,Child care agency,Day care center,,,,,,,,,,,,,,,,,,,,,https://www.google.com/maps/search/?api=1&query=Play%20Skool%20Learning%20Center&query_place_id=ChIJ_8Cg9EdD54YR_UZErZpmvCM,Preschool
El Evangelio Eterno El Paso,5,2,1128 Lomaland Dr,El Paso,Texas,US,,(915) 286-1358,Church,,,,,,,,,,,,,,,,,,,,,,,https://www.google.com/maps/search/?api=1&query=El%20Evangelio%20Eterno%20El%20Paso&query_place_id=ChIJtdQnTflD54YRRStOBmwria0,Church
Wesly Iglesia Methodist,5,1,8001 N Loop Dr,El Paso,Texas,US,,,Methodist church,,,,,,,,,,,,,,,,,,,,,,,https://www.google.com/maps/search/?api=1&query=Wesly%20Iglesia%20Methodist&query_place_id=ChIJEd-Sk61c54YRHA4fYLfZubo,Methodist church
Ministerios Zion,5,2,7716 Alameda Ave,El Paso,Texas,US,,(915) 774-0647,Church,,,,,,,,,,,,,,,,,,,,,,,https://www.google.com/maps/search/?api=1&query=Ministerios%20Zion&query_place_id=ChIJLWxvuKNc54YRzDyUAqCAF7c,Church
Mission El Paso Community Development Center,5,5,8040 N Loop Dr,El Paso,Texas,US,https://missionelpaso.org/,,Church of the Nazarene,,,,,,,,,,,,,,,,,,,,,,,https://www.google.com/maps/search/?api=1&query=Mission%20El%20Paso%20Community%20Development%20Center&query_place_id=ChIJCddbDSRd54YR5DOD5rUbOBk,Church of the Nazarene
Aladdin Daycare Center,,,,El Paso,Texas,US,https://aladdindaycareep.com/,,After school program,,,,,,,,,,,,,,,,,,,,,,,https://www.google.com/maps/search/?api=1&query=Aladdin%20Daycare%20Center&query_place_id=ChIJiXVaiexC54YRsLgIfx0pxMw,After school program
A&A Advanced Hair Academy,,,1029 N Zaragoza Rd,El Paso,Texas,US,http://aahairacademy.com/,(915) 858-1771,Beauty school,,,,,,,,,,,,,,,,,,,,,,,https://www.google.com/maps/search/?api=1&query=A%26A%20Advanced%20Hair%20Academy&query_place_id=ChIJuTwj_A9D54YRKAFWdH4_u3c,Beauty school
CDL TRAINING (ALAMO TRUCK DRIVER TRAINING),4.8,5,615 N Zaragoza Rd,El Paso,Texas,US,,(915) 702-0100,Driving school,,,,,,,,,,,,,,,,,,,,,,,https://www.google.com/maps/search/?api=1&query=CDL%20TRAINING%20(ALAMO%20TRUCK%20DRIVER%20TRAINING)&query_place_id=ChIJp63g_JRD54YRfJ5BHwh0kPI,Driving school
Prime Time CDL,4.8,60,615 N Zaragoza Rd #66,El Paso,Texas,US,http://primetimetechnicalinstitute.com/,(915) 314-2626,Truck driving school,,,,,,,,,,,,,,,,,,,,,,,https://www.google.com/maps/search/?api=1&query=Prime%20Time%20CDL&query_place_id=ChIJ8UI89VlD54YRAsRTXFIS4VA,Truck driving school
SISD Department of Transportation,2.8,31,12460 Rojas Dr,El Paso,Texas,US,https://www.sisd.net/page/transportation,(915) 937-0600,School bus service,School administration office,,,,,,,,,,,,,,,,,,,,,,https://www.google.com/maps/search/?api=1&query=SISD%20Department%20of%20Transportation&query_place_id=ChIJHR3g7DZC54YRdo6We8HDnfE,School bus service
Nazarene Border Initiative,5,1,7737 Wenda Dr,El Paso,Texas,US,http://nazareneborderinitiative.org/,(915) 562-6300,Church of the Nazarene,Mission,,,,,,,,,,,,,,,,,,,,,,https://www.google.com/maps/search/?api=1&query=Nazarene%20Border%20Initiative&query_place_id=ChIJ5cfLISld54YRF64wrF1AItI,Church of the Nazarene
Iglesia Cristiana Hesed Bondad De Dios,5,1,7728 Alameda Ave,El Paso,Texas,US,https://hesedbondadedios.com/,(915) 538-5901,Church,,,,,,,,,,,,,,,,,,,,,,,https://www.google.com/maps/search/?api=1&query=Iglesia%20Cristiana%20Hesed%20Bondad%20De%20Dios&query_place_id=ChIJQ_HlVwBd54YRStYw7tOWnPk,Church
Iglesia De Dios,5,4,7901 N Loop Dr,El Paso,Texas,US,,(915) 592-6909,Church,,,,,,,,,,,,,,,,,,,,,,,https://www.google.com/maps/search/?api=1&query=Iglesia%20De%20Dios&query_place_id=ChIJ7eoEea5c54YRambBleig9os,Church
Escuela para adultos,,,Padres Dr,El Paso,Texas,US,,,Adult education school,,,,,,,,,,,,,,,,,,,,,,,https://www.google.com/maps/search/?api=1&query=Escuela%20para%20adultos&query_place_id=ChIJ19wOtg9D54YR7ZW1hW3bTK0,Adult education school
Ysleta Middle School,,,8691 Independence Dr,El Paso,Texas,US,http://ysletamiddle.yisd.net/,(915) 434-8200,Middle school,,,,,,,,,,,,,,,,,,,,,,,https://www.google.com/maps/search/?api=1&query=Ysleta%20Middle%20School&query_place_id=ChIJP-czndVC54YRbN2DU2k8VKo,Middle school
Freedom Academy,5,14,4100 Montana Ave B,El Paso,Texas,US,https://rymap.org/business/freedom-academy-bspmt4,(915) 246-1761,Educational institution,,,,,,,,,,,,,,,,,,,,,,,https://www.google.com/maps/search/?api=1&query=Freedom%20Academy&query_place_id=ChIJX0Ann3JZ54YRx4tKVmwdcus,Educational institution
MPIP Department - TTUHSCEP,,,4950 Gtwy Blvd E,El Paso,Texas,US,,,University,,,,,,,,,,,,,,,,,,,,,,,https://www.google.com/maps/search/?api=1&query=MPIP%20Department%20-%20TTUHSCEP&query_place_id=ChIJk4ndXNdb54YRWKsjCque7eI,University
Casa Infantil Montessori,3.7,3,2517 Montana Ave,El Paso,Texas,US,,(915) 500-4116,Montessori preschool,,,,,,,,,,,,,,,,,,,,,,,https://www.google.com/maps/search/?api=1&query=Casa%20Infantil%20Montessori&query_place_id=ChIJa6lYXeZZ54YRQ6r60IHeJPw,Montessori preschool
Cesar Chavez Academy,,,7814 Alameda Ave,El Paso,Texas,US,,(915) 434-9600,Middle school,,,,,,,,,,,,,,,,,,,,,,,https://www.google.com/maps/search/?api=1&query=Cesar%20Chavez%20Academy&query_place_id=ChIJsRubZaNc54YRrPV1Kg6e1P4,Middle school
Ttuhscep Human Resources,,,4950 Gtwy Blvd E,El Paso,Texas,US,https://ttuhscep.edu/hr/,,University,,,,,,,,,,,,,,,,,,,,,,,https://www.google.com/maps/search/?api=1&query=Ttuhscep%20Human%20Resources&query_place_id=ChIJbZLXIABb54YRx6fej-lwuW4,University
El Paso Police Academy,,,2300 Scenic Dr,El Paso,Texas,US,https://www.joineppd.com/academy.php,,Police academy,,,,,,,,,,,,,,,,,,,,,,,https://www.google.com/maps/search/?api=1&query=El%20Paso%20Police%20Academy&query_place_id=ChIJbSQ6H7hZ54YRInKtzdRsW1Y,Police academy
बोंगाईगांव,,,,El Paso,Texas,US,,,Church,,,,,,,,,,,,,,,,,,,,,,,https://www.google.com/maps/search/?api=1&query=%E0%A4%AC%E0%A5%8B%E0%A4%82%E0%A4%97%E0%A4%BE%E0%A4%88%E0%A4%97%E0%A4%BE%E0%A4%82%E0%A4%B5&query_place_id=ChIJK9ijRgBZ54YRtBn6S5ko4PY,Church
Sun City Brazilian Jiu Jitsu,5,6,4106 Montana Ave,El Paso,Texas,US,https://linktr.ee/suncitybjjep,(915) 257-4933,Martial arts school,Coaching center,Fitness center,Wrestling school,,,,,,,,,,,,,,,,,,,,https://www.google.com/maps/search/?api=1&query=Sun%20City%20Brazilian%20Jiu%20Jitsu&query_place_id=ChIJe5Fm4ElZ54YRW5i6EUVH0Pc,Martial arts school
Betesda South Central,5,2,602 Hills St,El Paso,Texas,US,,,Church,,,,,,,,,,,,,,,,,,,,,,,https://www.google.com/maps/search/?api=1&query=Betesda%20South%20Central&query_place_id=ChIJLcnL1fNZ54YRScceGoVONUM,Church
Whiptail Music Studio,4.8,23,2328 Montana Ave,El Paso,Texas,US,https://whiptailmusic.dudasites.com/,(915) 263-3528,Music school,,,,,,,,,,,,,,,,,,,,,,,https://www.google.com/maps/search/?api=1&query=Whiptail%20Music%20Studio&query_place_id=ChIJr_VE-E1Z54YRbZiiMkILxEg,Music school
Ballet Folklorico of El Paso,,,4710 Montana Ave,El Paso,Texas,US,https://ballet-folklorico-of-el-paso.ueniweb.com/,(915) 731-1451,Ballet school,School,,,,,,,,,,,,,,,,,,,,,,https://www.google.com/maps/search/?api=1&query=Ballet%20Folklorico%20of%20El%20Paso&query_place_id=ChIJoZd2Di9a54YRymxUNRf654I,Ballet school
Luna Nómada,5,2,"Inside Dance Designs, 927 Raynolds St",El Paso,Texas,US,http://luna-nomada.com/,(915) 929-8188,Dance school,,,,,,,,,,,,,,,,,,,,,,,https://www.google.com/maps/search/?api=1&query=Luna%20N%C3%B3mada&query_place_id=ChIJXRYZ4edZ54YRrWBAz8U8kcQ,Dance school
YWCA After School Programs,2.8,6,10712 Sam Snead Dr,El Paso,Texas,US,https://www.ywcaelpaso.org/,(915) 593-1289,After school program,Day care center,Summer camp organizer,,,,,,,,,,,,,,,,,,,,,https://www.google.com/maps/search/?api=1&query=YWCA%20After%20School%20Programs&query_place_id=ChIJGTC7wehE54YRQcaBmJVTUY4,After school program
YWCA After School Programs,,,10530 Janway Dr,El Paso,Texas,US,,(915) 472-5882,After school program,,,,,,,,,,,,,,,,,,,,,,,https://www.google.com/maps/search/?api=1&query=YWCA%20After%20School%20Programs&query_place_id=ChIJ6SvLxstE54YR0PODfptlgNE,After school program
Markspelman,,,7125 Industrial Ave,El Paso,Texas,US,,(915) 433-8712,Trade school,,,,,,,,,,,,,,,,,,,,,,,https://www.google.com/maps/search/?api=1&query=Markspelman&query_place_id=ChIJB6pm3BBb54YRWZkf2WtHso0,Trade school
Lone Star Real Estate School,5,19,"Single Story Building, 9440 Viscount Blvd Unit B",El Paso,Texas,US,https://www.lonestarrealestateschool.com/,(915) 209-2001,Real estate school,,,,,,,,,,,,,,,,,,,,,,,https://www.google.com/maps/search/?api=1&query=Lone%20Star%20Real%20Estate%20School&query_place_id=ChIJvf67o1Jb54YRfwMUSbVh6i4,Real estate school
Second Baptist Church,4.9,9,401 S Virginia St,El Paso,Texas,US,,(915) 532-7860,Baptist church,,,,,,,,,,,,,,,,,,,,,,,https://www.google.com/maps/search/?api=1&query=Second%20Baptist%20Church&query_place_id=ChIJL1jDygRZ54YRTe9DKK2NChI,Baptist church
Phlebotomy Training Specialists,4.8,99,4105 Rio Bravo St Ste 105,El Paso,Texas,US,https://www.phlebotomyusa.com/texas/el-paso-phlebotomy-courses/,(888) 531-8378,Vocational school,,,,,,,,,,,,,,,,,,,,,,,https://www.google.com/maps/search/?api=1&query=Phlebotomy%20Training%20Specialists&query_place_id=ChIJ6XmyffRZ54YR-mcdXrVSrpY,Vocational school
World Of Colors Learning Center,3.7,6,Suncrest Dr,El Paso,Texas,US,,(918) 275-3453,Preschool,,,,,,,,,,,,,,,,,,,,,,,https://www.google.com/maps/search/?api=1&query=World%20Of%20Colors%20Learning%20Center&query_place_id=ChIJzYGBzORX54YRH80B0mrG938,Preschool
St Andrews Weekday Children's,4,1,2155 Wedgewood Dr,El Paso,Texas,US,,(915) 593-3043,Preschool,,,,,,,,,,,,,,,,,,,,,,,https://www.google.com/maps/search/?api=1&query=St%20Andrews%20Weekday%20Children's&query_place_id=ChIJmQrhXjJb54YRubB2OBCXBf4,Preschool
Vista Del Sol KinderCare,5,16,11022 Vista del Sol Dr,El Paso,Texas,US,https://www.kindercare.com/our-centers/el-paso/tx/300362?utm_campaign=kc-lg&utm_source=yext&utm_medium=pro&utm_keyword=&utm_platform=&utm_matchtype=&utm_adgroupid=&utm_content=gmb&y_source=1_NTA3MjIxLTcxNS1sb2NhdGlvbi53ZWJzaXRl,(915) 591-7795,Preschool,Day care center,Kindergarten,,,,,,,,,,,,,,,,,,,,,https://www.google.com/maps/search/?api=1&query=Vista%20Del%20Sol%20KinderCare&query_place_id=ChIJ3f1GgLxE54YRhqxxGAt8WOE,Preschool
Sun City Welding Academy,5,151,6940 Commerce Ave,El Paso,Texas,US,http://www.suncitywelding.com/,(915) 888-6082,Trade school,,,,,,,,,,,,,,,,,,,,,,,https://www.google.com/maps/search/?api=1&query=Sun%20City%20Welding%20Academy&query_place_id=ChIJMWDCskdb54YRDHtxns4pAmU,Trade school
3A Research LLC (East location),4.2,10,10400 Vista del Sol Dr #104,El Paso,Texas,US,http://3asites.com/,(915) 598-8888,Research institute,,,,,,,,,,,,,,,,,,,,,,,https://www.google.com/maps/search/?api=1&query=3A%20Research%20LLC%20(East%20location)&query_place_id=ChIJAQCQvUxb54YRtFJ1EznY0h8,Research institute
Wolfpack Training Academy,4.9,9,1147 Larry Mahan Dr # C,El Paso,Texas,US,,(915) 345-2702,Martial arts school,,,,,,,,,,,,,,,,,,,,,,,https://www.google.com/maps/search/?api=1&query=Wolfpack%20Training%20Academy&query_place_id=ChIJdzO8OKNb54YR3JOKP7YfNNk,Martial arts school
YWCA After School Programs,,,5430 Buckley Dr,El Paso,Texas,US,,(915) 472-5914,After school program,,,,,,,,,,,,,,,,,,,,,,,https://www.google.com/maps/search/?api=1&query=YWCA%20After%20School%20Programs&query_place_id=ChIJF_WoxuxX54YR6rN_54Xs120,After school program
Olympus Beauty Academy,,,750 Sunland Park Dr #750,El Paso,Texas,US,https://www.olympusbeauty.com/olympiancosmetology/location-el-paso/,(877) 710-9311,Trade school,,,,,,,,,,,,,,,,,,,,,,,https://www.google.com/maps/search/?api=1&query=Olympus%20Beauty%20Academy&query_place_id=ChIJAQAAfAX43YYRQzBvxUrImdI,Trade school
ITS Academy of Beauty - El Paso,3.7,34,750 Sunland Park Dr,El Paso,Texas,US,https://www.itsbeautyacademy.com/,(915) 779-8000,Beauty school,,,,,,,,,,,,,,,,,,,,,,,https://www.google.com/maps/search/?api=1&query=ITS%20Academy%20of%20Beauty%20-%20El%20Paso&query_place_id=ChIJ1SQhEwX43YYRzA3F2rU7zLg,Beauty school
El Paso Practical,,,4171 N Mesa St,El Paso,Texas,US,,,Barber school,,,,,,,,,,,,,,,,,,,,,,,https://www.google.com/maps/search/?api=1&query=El%20Paso%20Practical&query_place_id=ChIJ065zhz1Y54YRJe6ZNlTqNRA,Barber school
Iglesia Bautista Del Centro,5,8,816 S Florence St,El Paso,Texas,US,,(915) 532-7109,Baptist church,,,,,,,,,,,,,,,,,,,,,,,https://www.google.com/maps/search/?api=1&query=Iglesia%20Bautista%20Del%20Centro&query_place_id=ChIJeUxRkRtZ54YRG-sx0vF_FDo,Baptist church
Holy Family Catholic Church,5,12,900 W Missouri Ave,El Paso,Texas,US,https://www.facebook.com/people/Holy-Family-Catholic-Church/100083153141543/,(915) 532-8462,Church,,,,,,,,,,,,,,,,,,,,,,,https://www.google.com/maps/search/?api=1&query=Holy%20Family%20Catholic%20Church&query_place_id=ChIJ2X_oQYFZ54YR-A7r-FUL6Vw,Church
Texas A&M Transportation Institute,,,4050 Rio Bravo St #212,El Paso,Texas,US,http://tti.tamu.edu/,(915) 532-3759,Research institute,,,,,,,,,,,,,,,,,,,,,,,https://www.google.com/maps/search/?api=1&query=Texas%20A%26M%20Transportation%20Institute&query_place_id=ChIJF4DA0xBY54YRjorloKtEXAY,Research institute
Recording Connection Audio Institute,5,5,120 W Castellano Dr suite a,El Paso,Texas,US,https://recordingconnection.com/school-locations/el-paso/?utm_source=google&utm_medium=organic&utm_campaign=_ml_rc_starcity_el_paso_tx&utm_content=gmb,(915) 257-6850,Music school,Educational institution,Music college,Trade school,Vocational school,,,,,,,,,,,,,,,,,,,https://www.google.com/maps/search/?api=1&query=Recording%20Connection%20Audio%20Institute&query_place_id=ChIJndtK7rdZ54YRAeAtP9Sn1_0,Music school
Milan Institute of Cosmetology - El Paso West,,,750 Sunland Park Dr E-08B,El Paso,Texas,US,https://milaninstitute.edu/locations/el-paso-sunderland-park-texas/,(915) 250-0431,Trade school,,,,,,,,,,,,,,,,,,,,,,,https://www.google.com/maps/search/?api=1&query=Milan%20Institute%20of%20Cosmetology%20-%20El%20Paso%20West&query_place_id=ChIJmQ2xNeb53YYRu92Qu0g5Bw4,Trade school
Sound Stage 9 WEST,5,2,750 Sunland Park Dr,El Paso,Texas,US,http://www.soundstage9.com/,(915) 910-2570,Music school,,,,,,,,,,,,,,,,,,,,,,,https://www.google.com/maps/search/?api=1&query=Sound%20Stage%209%20WEST&query_place_id=ChIJ72cej7z53YYR2o6BcH-H5K4,Music school
El Paso Driving Academy,5,17,10120 Montwood Dr,El Paso,Texas,US,http://www.elpasodriving.com/,(915) 595-9896,Driving school,,,,,,,,,,,,,,,,,,,,,,,https://www.google.com/maps/search/?api=1&query=El%20Paso%20Driving%20Academy&query_place_id=ChIJnXtUsDhb54YR5_Tznn_He0o,Driving school
5 Star Driving School,3,2,1212 N Yarbrough Dr,El Paso,Texas,US,,(915) 598-1898,Driving school,,,,,,,,,,,,,,,,,,,,,,,https://www.google.com/maps/search/?api=1&query=5%20Star%20Driving%20School&query_place_id=ChIJ9ajA964F-hQR-Na2RWpOKuc,Driving school
Dan's Concealed Carry Academy,5,5,1855 Trawood Dr Suite #209,El Paso,Texas,US,,(915) 503-3876,Firearms academy,,,,,,,,,,,,,,,,,,,,,,,https://www.google.com/maps/search/?api=1&query=Dan's%20Concealed%20Carry%20Academy&query_place_id=ChIJy1HvSchE54YRct0UI3iW1cM,Firearms academy
Championship Martial Arts,5,206,2000 Lomaland Dr Bldg 2,El Paso,Texas,US,http://championshipmartialartselpaso.com/,(915) 592-5425,Martial arts school,Jujitsu school,Karate school,Kickboxing school,,,,,,,,,,,,,,,,,,,,https://www.google.com/maps/search/?api=1&query=Championship%20Martial%20Arts&query_place_id=ChIJgcvlsoxE54YRIw29ky7pqJI,Martial arts school
Promesa de Dios,5,1,3125 Rivera Ave,El Paso,Texas,US,,,Church,,,,,,,,,,,,,,,,,,,,,,,https://www.google.com/maps/search/?api=1&query=Promesa%20de%20Dios&query_place_id=ChIJqXJf7XxZ54YRfhYLLNTegr8,Church
Christian Schools of El Paso,3.6,7,10104 Album Ave,El Paso,Texas,US,https://www.christianschoolsofelpaso.org/,(915) 593-5011,Kindergarten,Child care agency,Day care center,Learning center,Nursery school,Preschool,,,,,,,,,,,,,,,,,,https://www.google.com/maps/search/?api=1&query=Christian%20Schools%20of%20El%20Paso&query_place_id=ChIJCZWzIitb54YREjRJbOx5jw4,Kindergarten
United Training,,,1625 Hawkins Blvd Suite 100,El Paso,Texas,US,https://unitedtraining.com/,(915) 225-1515,Computer training school,,,,,,,,,,,,,,,,,,,,,,,https://www.google.com/maps/search/?api=1&query=United%20Training&query_place_id=ChIJTWavdbpb54YRx8zhhANiaAM,Computer training school
YISD Career and Technical Center,,,300 Opportunity Drive,El Paso,Texas,US,,,High school,,,,,,,,,,,,,,,,,,,,,,,https://www.google.com/maps/search/?api=1&query=YISD%20Career%20and%20Technical%20Center&query_place_id=ChIJj7mGAJ9c54YRRChPXihkg84,High school
YISD CTC Automotive Technology,,,302 Vocational Dr,El Paso,Texas,US,,,High school,,,,,,,,,,,,,,,,,,,,,,,https://www.google.com/maps/search/?api=1&query=YISD%20CTC%20Automotive%20Technology&query_place_id=ChIJqxZwNwBd54YRrKQy3vwAJgc,High school
YWCA After School Programs,,,1515 Rebecca Ann Dr,El Paso,Texas,US,https://www.ywcaelpaso.org/after-school-program,,After school program,,,,,,,,,,,,,,,,,,,,,,,https://www.google.com/maps/search/?api=1&query=YWCA%20After%20School%20Programs&query_place_id=ChIJ0XDciYND54YRgUzb0zgtSa4,After school program
"Accelerated Academy | Dental Assisting El Paso, TX",5,10,1713 Weston Brent Ln,El Paso,Texas,US,https://www.acceleratedacademy.us/locations/vista-hill-dental-6d08e709-b88b-47e0-8b2e-63e0d4f0cdf9,(844) 805-3785,Vocational school,,,,,,,,,,,,,,,,,,,,,,,https://www.google.com/maps/search/?api=1&query=Accelerated%20Academy%20%7C%20Dental%20Assisting%20El%20Paso%2C%20TX&query_place_id=ChIJSzKwWp1F54YRtf4rbXgwXw0,Vocational school
Excel Medical Careers Academy Inc.,,,11890 Vista del Sol Dr,El Paso,Texas,US,,(915) 302-4070,Educational institution,,,,,,,,,,,,,,,,,,,,,,,https://www.google.com/maps/search/?api=1&query=Excel%20Medical%20Careers%20Academy%20Inc.&query_place_id=ChIJx8u80i1E54YRoJtHy_ofEaQ,Educational institution
El Paso Driving Academy,4.8,56,550 N Yarbrough Dr #106,El Paso,Texas,US,http://www.elpasodriving.com/,(915) 594-8858,Driving school,,,,,,,,,,,,,,,,,,,,,,,https://www.google.com/maps/search/?api=1&query=El%20Paso%20Driving%20Academy&query_place_id=ChIJecb8mVRD54YRtSn3IEjXk2k,Driving school
Balloons Day Care,,,11107 Montwood Dr,El Paso,Texas,US,,(915) 592-8596,After school program,,,,,,,,,,,,,,,,,,,,,,,https://www.google.com/maps/search/?api=1&query=Balloons%20Day%20Care&query_place_id=ChIJT2TwFO1E54YRwbJkO05iwh4,After school program
El Paso Bat Breakers,5,1,1601 James Chisum Dr,El Paso,Texas,US,https://el-paso-bat-breakers.ueniweb.com/?utm_campaign=gmb,(915) 873-4665,Sports school,,,,,,,,,,,,,,,,,,,,,,,https://www.google.com/maps/search/?api=1&query=El%20Paso%20Bat%20Breakers&query_place_id=ChIJO_lSrKJF54YRRgrpgZtaPBA,Sports school
Apex Karate Academy,4.7,11,11237 Pellicano Dr Suite C,El Paso,Texas,US,http://apexkarateacademy.com/,(915) 331-0673,Karate school,,,,,,,,,,,,,,,,,,,,,,,https://www.google.com/maps/search/?api=1&query=Apex%20Karate%20Academy&query_place_id=ChIJ6xyu_0RF54YRWuOiCiu7lIM,Karate school
El Paso Clinical Trials,5,2,1729 Weston Brent Ln,El Paso,Texas,US,http://www.elpasoclinicaltrials.com/,(915) 247-2309,Research institute,,,,,,,,,,,,,,,,,,,,,,,https://www.google.com/maps/search/?api=1&query=El%20Paso%20Clinical%20Trials&query_place_id=ChIJL4vcMcpF54YR9cU-qoeiI-s,Research institute
Ysleta Pre-K Center,3.9,32,7940 Craddock Ave,El Paso,Texas,US,https://www.yisd.net/ysletaprek,(915) 434-9500,Preschool,Kindergarten,School,,,,,,,,,,,,,,,,,,,,,https://www.google.com/maps/search/?api=1&query=Ysleta%20Pre-K%20Center&query_place_id=ChIJ6wd1bVJb54YRM82erYQ4G90,Preschool
Academy of Barbers iInstitute/EPT,4.3,11,1421 Lee Trevino Dr D7,El Paso,Texas,US,,(915) 920-1157,Barber school,,,,,,,,,,,,,,,,,,,,,,,https://www.google.com/maps/search/?api=1&query=Academy%20of%20Barbers%20iInstitute%2FEPT&query_place_id=ChIJ4woFa5JF54YR7zCnWfd1wOY,Barber school
West Texas Driving Academy,1.8,5,1613 N Zaragoza Rd #111,El Paso,Texas,US,http://www.westtexasdriving.com/,(915) 820-7513,Driving school,,,,,,,,,,,,,,,,,,,,,,,https://www.google.com/maps/search/?api=1&query=West%20Texas%20Driving%20Academy&query_place_id=ChIJ1ZXTk4hD54YRaU7hewb0ZGY,Driving school
The Happy Note,,,11625 Pellicano Dr B,El Paso,Texas,US,,(915) 630-6360,Music school,,,,,,,,,,,,,,,,,,,,,,,https://www.google.com/maps/search/?api=1&query=The%20Happy%20Note&query_place_id=ChIJhac-xXND54YRY3viknR4zyA,Music school
Adverse City,,,11450 James Watt Dr suite b-8,El Paso,Texas,US,,(915) 791-2392,Martial arts school,,,,,,,,,,,,,,,,,,,,,,,https://www.google.com/maps/search/?api=1&query=Adverse%20City&query_place_id=ChIJTymokGND54YRP45l8yk4GQU,Martial arts school
Studio,5,6,1478 George Dieter Dr,El Paso,Texas,US,,,Dance school,Fitness center,,,,,,,,,,,,,,,,,,,,,,https://www.google.com/maps/search/?api=1&query=Studio&query_place_id=ChIJdzhFTnBD54YRzJt2dbhA2QE,Dance school
WARRIORS TAEKWONDO TEAM,5,11,5070 Doniphan Dr Ste A,El Paso,Texas,US,,(915) 975-4717,Taekwondo school,,,,,,,,,,,,,,,,,,,,,,,https://www.google.com/maps/search/?api=1&query=WARRIORS%20TAEKWONDO%20TEAM&query_place_id=ChIJDfmefn753YYR4IHC7VbFFLg,Taekwondo school
Home of the Artist,5,3,369 Shadow Mountain Dr Suite A,El Paso,Texas,US,http://www.homeoftheartist.org/,(915) 881-4007,Music school,,,,,,,,,,,,,,,,,,,,,,,https://www.google.com/maps/search/?api=1&query=Home%20of%20the%20Artist&query_place_id=ChIJAx75F2pX54YRlKQATQ2xdtk,Music school
Recording Connection Audio Institute,5,3,6430 Gtwy Blvd E Ste c,El Paso,Texas,US,https://recordingconnection.com/school-locations/el-paso/?utm_source=google&utm_medium=organic&utm_campaign=_ml_rc_beaconhill_el_paso_tx&utm_content=gmb,(915) 257-5980,Music school,Educational institution,Music college,Trade school,Vocational school,,,,,,,,,,,,,,,,,,,https://www.google.com/maps/search/?api=1&query=Recording%20Connection%20Audio%20Institute&query_place_id=ChIJ7cnkLzhb54YRGPyhIYFMJmM,Music school
Third Generation Martial Arts,,,4950 Hondo Pass Dr Suite D,El Paso,Texas,US,,(915) 751-7165,Martial arts school,,,,,,,,,,,,,,,,,,,,,,,https://www.google.com/maps/search/?api=1&query=Third%20Generation%20Martial%20Arts&query_place_id=ChIJEbgp5GdR54YRyjC8SUIeOKQ,Martial arts school
The general cdl,,,8888 Dyer St Suite 416,El Paso,Texas,US,https://thegeneralcdl.com/,(915) 493-5282,Truck driving school,,,,,,,,,,,,,,,,,,,,,,,https://www.google.com/maps/search/?api=1&query=The%20general%20cdl&query_place_id=ChIJM04guk5R54YRkQEVosKTVcM,Truck driving school
Flowers In the Garden Child Development Center,5,24,3331 Idalia Ave,El Paso,Texas,US,,(575) 323-4443,Preschool,,,,,,,,,,,,,,,,,,,,,,,https://www.google.com/maps/search/?api=1&query=Flowers%20In%20the%20Garden%20Child%20Development%20Center&query_place_id=ChIJBUqVcZVZ54YRTvHEAKWFOm0,Preschool
Driving School C2266,4.7,30,3301 N Piedras St suite a,El Paso,Texas,US,,(915) 566-5707,Driving school,,,,,,,,,,,,,,,,,,,,,,,https://www.google.com/maps/search/?api=1&query=Driving%20School%20C2266&query_place_id=ChIJCWE5kz5b54YRLrJhUU5Rxg0,Driving school
Iglesia Abundancia De Paz,4.7,7,7959 Esther Rd,El Paso,Texas,US,,(915) 888-1259,Church,,,,,,,,,,,,,,,,,,,,,,,https://www.google.com/maps/search/?api=1&query=Iglesia%20Abundancia%20De%20Paz&query_place_id=ChIJAQBcn6xE54YRUI8Sr89ugYs,Church
Iglesia De Dios En Cristo Jesus,5,3,1132 Gloria St,El Paso,Texas,US,,,Apostolic church,,,,,,,,,,,,,,,,,,,,,,,https://www.google.com/maps/search/?api=1&query=Iglesia%20De%20Dios%20En%20Cristo%20Jesus&query_place_id=ChIJoyfCsFdD54YR0VZGUfrXfEE,Apostolic church
Iglesia De Cristo,4.8,5,7958 Esther Rd,El Paso,Texas,US,,(915) 595-3931,Church of Christ,,,,,,,,,,,,,,,,,,,,,,,https://www.google.com/maps/search/?api=1&query=Iglesia%20De%20Cristo&query_place_id=ChIJ7aXyYatE54YR5pyDBUo_dnc,Church of Christ
Iglesia Adventista del Séptimo Día Hispana - El Paso Meraz / El Paso Meraz Spanish Seventh-day Adventist Church,4.8,9,8084 Meraz Ave,El Paso,Texas,US,http://www.adventistdirectory.org/ViewEntity.aspx?EntityID=10655,(915) 595-2550,Seventh-day Adventist church,Church,,,,,,,,,,,,,,,,,,,,,,https://www.google.com/maps/search/?api=1&query=Iglesia%20Adventista%20del%20S%C3%A9ptimo%20D%C3%ADa%20Hispana%20-%20El%20Paso%20Meraz%20%2F%20El%20Paso%20Meraz%20Spanish%20Seventh-day%20Adventist%20Church&query_place_id=ChIJP06FXalE54YRJz9PV7r8vEQ,Seventh-day Adventist church
San Alberto Magno Convent,5,4,634 Hampton Rd,El Paso,Texas,US,,(915) 590-3107,Religious destination,,,,,,,,,,,,,,,,,,,,,,,https://www.google.com/maps/search/?api=1&query=San%20Alberto%20Magno%20Convent&query_place_id=ChIJQc5XeFJD54YRVSw-UuYWHA8,Religious destination
Student Services Center,5,1,"Student Services Center, 886 N Oregon St",El Paso,Texas,US,,,Educational institution,,,,,,,,,,,,,,,,,,,,,,,https://www.google.com/maps/search/?api=1&query=Student%20Services%20Center&query_place_id=ChIJCYoxJ_9Y54YR0W0R6cvmAU4,Educational institution
ingles individual El Paso,4.2,27,221 N Kansas St Suite 700,El Paso,Texas,US,http://inglesindividual.com/el-paso-texas/,(915) 242-2161,English language school,,,,,,,,,,,,,,,,,,,,,,,https://www.google.com/maps/search/?api=1&query=ingles%20individual%20El%20Paso&query_place_id=ChIJjy4dOQJZ54YRxxqwm0kj_xo,English language school
Sanchez Studio,5,12,4671 Montana Ave,El Paso,Texas,US,https://www.thejazzexchange.org/academyprogram,(915) 307-6557,Educational institution,,,,,,,,,,,,,,,,,,,,,,,https://www.google.com/maps/search/?api=1&query=Sanchez%20Studio&query_place_id=ChIJs2aLIt5b54YRaME0m_jl-sQ,Educational institution
"Computer Labs, Inc.",4.3,15,6455 Hiller St Suite 6B,El Paso,Texas,US,http://www.4cpubiz.com/,(915) 591-8899,Computer training school,Educational testing service,Technical school,,,,,,,,,,,,,,,,,,,,,https://www.google.com/maps/search/?api=1&query=Computer%20Labs%2C%20Inc.&query_place_id=ChIJ_1xpgmJD54YR7ooZPeMYKTA,Computer training school
St Paul's Day Care & Preschool,,,7000 Edgemere Blvd,El Paso,Texas,US,,(915) 775-0119,Preschool,After school program,Children's camp,Day care center,,,,,,,,,,,,,,,,,,,,https://www.google.com/maps/search/?api=1&query=St%20Paul's%20Day%20Care%20%26%20Preschool&query_place_id=ChIJrfJmIf9a54YRh7Cb-Jpezm8,Preschool
JJ Aviation,,,6701 Convair Rd,El Paso,Texas,US,,(915) 667-3639,Aviation training institute,,,,,,,,,,,,,,,,,,,,,,,https://www.google.com/maps/search/?api=1&query=JJ%20Aviation&query_place_id=ChIJiURRsrVb54YRaVbPCofzzF0,Aviation training institute
"Math Tutoring in El Paso, Tx",,,1114 E Rio Grande Ave #5,El Paso,Texas,US,https://www.wyzant.com/Tutors/DavidYB,(915) 270-2256,Mathematics school,,,,,,,,,,,,,,,,,,,,,,,https://www.google.com/maps/search/?api=1&query=Math%20Tutoring%20in%20El%20Paso%2C%20Tx&query_place_id=ChIJJejlXBtZ54YRKF9rk0zxAxg,Mathematics school
El Paso Massage Academy,1,1,221 N Kansas St Suite 700 - #5023,El Paso,Texas,US,http://elpasomassageacademy.com/,(512) 987-8870,Trade school,,,,,,,,,,,,,,,,,,,,,,,https://www.google.com/maps/search/?api=1&query=El%20Paso%20Massage%20Academy&query_place_id=ChIJjy96ZldZ54YRwixWQKu4KaM,Trade school
The BOOST Network,,,100 N Stanton St #500,El Paso,Texas,US,https://www.theboostnetwork.org/,(915) 533-2434,After school program,,,,,,,,,,,,,,,,,,,,,,,https://www.google.com/maps/search/?api=1&query=The%20BOOST%20Network&query_place_id=ChIJ1w8XiVZZ54YRlyR9zUuIQZg,After school program
young masters cello studies,,,805 Montana Ave,El Paso,Texas,US,,,Educational institution,,,,,,,,,,,,,,,,,,,,,,,https://www.google.com/maps/search/?api=1&query=young%20masters%20cello%20studies&query_place_id=ChIJoQAAvapZ54YRA18Wk0EPa84,Educational institution
ASC Technical Institute,4.9,121,6401 Convair Rd,El Paso,Texas,US,https://asctechnicalinstitute.com/,(915) 505-6488,Truck driving school,Technical school,,,,,,,,,,,,,,,,,,,,,,https://www.google.com/maps/search/?api=1&query=ASC%20Technical%20Institute&query_place_id=ChIJNX0JQzxb54YROtnzef6qdC0,Truck driving school
Reeves Martial Arts,,,221 N Kansas St Suite 800,El Paso,Texas,US,,(915) 642-0808,Martial arts school,,,,,,,,,,,,,,,,,,,,,,,https://www.google.com/maps/search/?api=1&query=Reeves%20Martial%20Arts&query_place_id=ChIJFyWGX01Z54YRWpPG4xx9wes,Martial arts school
EMS Online Training Plus,1,1,500 W Overland Ave #250,El Paso,Texas,US,http://www.eotp911.com/,(915) 241-1911,Emergency training school,School,,,,,,,,,,,,,,,,,,,,,,https://www.google.com/maps/search/?api=1&query=EMS%20Online%20Training%20Plus&query_place_id=ChIJIbK4r_xY54YRZVb4gETX82U,Emergency training school
Tepeyac Institute,4.8,20,499 St Matthews St Building F,El Paso,Texas,US,http://www.tepeyacinstitute.com/,(915) 872-8420,Religious organization,,,,,,,,,,,,,,,,,,,,,,,https://www.google.com/maps/search/?api=1&query=Tepeyac%20Institute&query_place_id=ChIJ8bQfoElD54YRa8QV5FtEmlg,Religious organization
Academy of Dance,3.2,9,929 Raynolds St,El Paso,Texas,US,https://www.facebook.com/academyofdancedesigns,(915) 276-3353,Dance school,Ballet school,Dance company,,,,,,,,,,,,,,,,,,,,,https://www.google.com/maps/search/?api=1&query=Academy%20of%20Dance&query_place_id=ChIJ90KFGS9a54YRC7vpKyA2ErI,Dance school
Cantareras Ceramic and Jewelry Studio Boutique,5,6,615 Montana Ave Suite A,El Paso,Texas,US,https://cantareras.com/,(915) 626-9566,Handicraft school,,,,,,,,,,,,,,,,,,,,,,,https://www.google.com/maps/search/?api=1&query=Cantareras%20Ceramic%20and%20Jewelry%20Studio%20Boutique&query_place_id=ChIJD7NpZv5Z54YRpjQOB0o369c,Handicraft school
Pro Wrestling Legacy,5,31,1540 E San Antonio Ave,El Paso,Texas,US,http://pwlegacy.com/,(915) 330-5064,Wrestling school,,,,,,,,,,,,,,,,,,,,,,,https://www.google.com/maps/search/?api=1&query=Pro%20Wrestling%20Legacy&query_place_id=ChIJPzkqpTpZ54YRzINYdZStTE8,Wrestling school
Aracely Sotelo LMT,,,1700 N Mesa St,El Paso,Texas,US,,(915) 831-9328,Massage school,Cancer treatment center,Facial spa,Massage therapist,Sports massage therapist,,,,,,,,,,,,,,,,,,,https://www.google.com/maps/search/?api=1&query=Aracely%20Sotelo%20LMT&query_place_id=ChIJFx3yIFdY54YRBK6UWA9efnU,Massage school
Rayito De Sol Daycare & Learning,5,8,2120 Texas Ave,El Paso,Texas,US,https://www.facebook.com/rayito.desol.313924/,(915) 351-0600,After school program,,,,,,,,,,,,,,,,,,,,,,,https://www.google.com/maps/search/?api=1&query=Rayito%20De%20Sol%20Daycare%20%26%20Learning&query_place_id=ChIJYRmHUaBZ54YRg7xNEWpkAOU,After school program
The Children's Garden Day School,5,2,3927 Emory Rd,El Paso,Texas,US,,(915) 219-2365,Preschool,,,,,,,,,,,,,,,,,,,,,,,https://www.google.com/maps/search/?api=1&query=The%20Children's%20Garden%20Day%20School&query_place_id=ChIJWXFJt5v53YYR-XVG_aHbkPk,Preschool
El Paso Ballet Theatre,4.6,21,1060 Doniphan Park Cir,El Paso,Texas,US,http://www.elpasoballettheatre.com/,(915) 760-6062,Ballet school,Dance company,Dance school,,,,,,,,,,,,,,,,,,,,,https://www.google.com/maps/search/?api=1&query=El%20Paso%20Ballet%20Theatre&query_place_id=ChIJy3seoxf43YYRfKCxdiCY4Cc,Ballet school
Nu Generation Advanced Esthetics Academy,5,3,3910 Doniphan Dr Ste D,El Paso,Texas,US,http://www.nugenesthetics.com/,(915) 977-5685,Beauty school,,,,,,,,,,,,,,,,,,,,,,,https://www.google.com/maps/search/?api=1&query=Nu%20Generation%20Advanced%20Esthetics%20Academy&query_place_id=ChIJ9R7jG0X53YYR6KwmYNcmKrA,Beauty school
fundación Madre Nuestra,,,5959 Gateway Blvd W,El Paso,Texas,US,,(915) 727-5916,Language school,,,,,,,,,,,,,,,,,,,,,,,https://www.google.com/maps/search/?api=1&query=fundaci%C3%B3n%20Madre%20Nuestra&query_place_id=ChIJAQCQ9Ula54YROfhtyZxgT38,Language school
Musical Lessons,,,,El Paso,Texas,US,,,Music school,,,,,,,,,,,,,,,,,,,,,,,https://www.google.com/maps/search/?api=1&query=Musical%20Lessons&query_place_id=ChIJD4eplehX54YRrbxDqueNzlk,Music school
915 CDL Training Academy,5,22,7000 Alameda Ave Ste. B,El Paso,Texas,US,,(915) 256-6432,Trade school,,,,,,,,,,,,,,,,,,,,,,,https://www.google.com/maps/search/?api=1&query=915%20CDL%20Training%20Academy&query_place_id=ChIJU9iZsD1b54YR0vquxcLCmx4,Trade school
El Paso Fire Department Training Academy,4.9,15,6800 Delta Dr,El Paso,Texas,US,https://www.elpasotexas.gov/fire-department/employment-opportunities/,(915) 212-0380,Fire fighters academy,,,,,,,,,,,,,,,,,,,,,,,https://www.google.com/maps/search/?api=1&query=El%20Paso%20Fire%20Department%20Training%20Academy&query_place_id=ChIJ372vaaNb54YRdrKPEm9EWrQ,Fire fighters academy
Gracie Barra East El Paso,4.9,24,12025 Rojas Dr H,El Paso,Texas,US,https://graciebarra.com/east-el-paso-tx/,(915) 279-6643,Martial arts school,Fitness center,Gym,,,,,,,,,,,,,,,,,,,,,https://www.google.com/maps/search/?api=1&query=Gracie%20Barra%20East%20El%20Paso&query_place_id=ChIJcXlgFqJD54YRu_1YbTeWQi8,Martial arts school
On Edge Aerial Dance,5,40,11444 Rojas Dr C-5,El Paso,Texas,US,https://www.onedgeaerial.net/,(915) 317-6785,Dance school,,,,,,,,,,,,,,,,,,,,,,,https://www.google.com/maps/search/?api=1&query=On%20Edge%20Aerial%20Dance&query_place_id=ChIJlRMe7-RD54YRYsrGGRXjO5w,Dance school
Feira de ciências da nikolle,,,,El Paso,Texas,US,,,Church,,,,,,,,,,,,,,,,,,,,,,,https://www.google.com/maps/search/?api=1&query=Feira%20de%20ci%C3%AAncias%20da%20nikolle&query_place_id=ChIJ295kJABZ54YROxWjslica0o,Church
Roca & Potencia,5,5,E Delta Dr,El Paso,Texas,US,,,Religious institution,,,,,,,,,,,,,,,,,,,,,,,https://www.google.com/maps/search/?api=1&query=Roca%20%26%20Potencia&query_place_id=ChIJy5E10QRZ54YRhC7Iul7VJkE,Religious institution
El Paso Sector Border Patrol Training Facility,,,3711 Mattox St,El Paso,Texas,US,,,Police academy,,,,,,,,,,,,,,,,,,,,,,,https://www.google.com/maps/search/?api=1&query=El%20Paso%20Sector%20Border%20Patrol%20Training%20Facility&query_place_id=ChIJ64xU98Ja54YRuJTqC29Uumc,Police academy
LSW Wrestling,1,1,3424 Rutherglen St,El Paso,Texas,US,https://lsw-wrestling.ueniweb.com/?utm_campaign=gmb,(915) 222-7411,Sports school,,,,,,,,,,,,,,,,,,,,,,,https://www.google.com/maps/search/?api=1&query=LSW%20Wrestling&query_place_id=ChIJF2M3TWtb54YRJ0rNEXrai3U,Sports school
Harli Lotts,,,,El Paso,Texas,US,,,Church,,,,,,,,,,,,,,,,,,,,,,,https://www.google.com/maps/search/?api=1&query=Harli%20Lotts&query_place_id=ChIJF_bAMbhZ54YRGNpNjZEPyoQ,Church
El Paso Kung Fu,5,88,1491 Lee Trevino Dr Ste J,El Paso,Texas,US,http://www.elpasosansoo.com/,(915) 203-4238,Martial arts school,,,,,,,,,,,,,,,,,,,,,,,https://www.google.com/maps/search/?api=1&query=El%20Paso%20Kung%20Fu&query_place_id=ChIJTdM8l3FD54YRYvkzsonTK0k,Martial arts school
Bel Air Theater,,,724-740 Venado Dr,El Paso,Texas,US,,,High school,,,,,,,,,,,,,,,,,,,,,,,https://www.google.com/maps/search/?api=1&query=Bel%20Air%20Theater&query_place_id=ChIJb1ZAXVNb54YRHjTbhrpM1ds,High school
On Edge Dance Academy,5,7,3019 N Yarbrough Dr suite g,El Paso,Texas,US,https://www.onedgedanceacademy.com/,(915) 238-6048,Dance school,,,,,,,,,,,,,,,,,,,,,,,https://www.google.com/maps/search/?api=1&query=On%20Edge%20Dance%20Academy&query_place_id=ChIJyU2QFEdF54YR_OcWzpjzcxg,Dance school
St. Mark Religious Formation,5,2,11700 Pebble Hills Blvd,El Paso,Texas,US,,(915) 300-2801,Religious organization,,,,,,,,,,,,,,,,,,,,,,,https://www.google.com/maps/search/?api=1&query=St.%20Mark%20Religious%20Formation&query_place_id=ChIJkaLeilJF54YRVszjWF9OaDU,Religious organization
Mi Casita Montessori,5,7,1504 Bill Ogden Dr,El Paso,Texas,US,https://www.micasitamontessoriep.org/,,School house,,,,,,,,,,,,,,,,,,,,,,,https://www.google.com/maps/search/?api=1&query=Mi%20Casita%20Montessori&query_place_id=ChIJy_JNFKpD54YRbZuuF7hkdKc,School house
Snapology El Paso,4.8,18,12285 Pellicano Dr B1,El Paso,Texas,US,https://www.snapology.com/texas-elpaso/,(915) 228-3788,After school program,Children's party service,Summer camp organizer,,,,,,,,,,,,,,,,,,,,,https://www.google.com/maps/search/?api=1&query=Snapology%20El%20Paso&query_place_id=ChIJAQD0co1G54YRIvTpT69sZnc,After school program
D'ansa Jazz Stage,4.3,29,6910 N Mesa St F Suite F,El Paso,Texas,US,http://djselp.com/,(915) 702-0230,Dance school,,,,,,,,,,,,,,,,,,,,,,,https://www.google.com/maps/search/?api=1&query=D'ansa%20Jazz%20Stage&query_place_id=ChIJg6HzWWX43YYRpjuDD6_PEzA,Dance school
Fe * Esperanza * Amor (Casa Tellez),5,2,915 La Paz Dr,El Paso,Texas,US,,,Church,,,,,,,,,,,,,,,,,,,,,,,https://www.google.com/maps/search/?api=1&query=Fe%20*%20Esperanza%20*%20Amor%20(Casa%20Tellez)&query_place_id=ChIJd5Vddhlb54YRGMv-81_8YVc,Church
CelebraZion Centro Cristiano,,,1188 N Yarbrough Dr,El Paso,Texas,US,,(915) 691-0803,Christian church,,,,,,,,,,,,,,,,,,,,,,,https://www.google.com/maps/search/?api=1&query=CelebraZion%20Centro%20Cristiano&query_place_id=ChIJPWikPbJE54YRjtceONGc9lg,Christian church
Epcc Learning Emporium,,,918 N Oregon St,El Paso,Texas,US,,,School center,,,,,,,,,,,,,,,,,,,,,,,https://www.google.com/maps/search/?api=1&query=Epcc%20Learning%20Emporium&query_place_id=ChIJAxbtL_9Y54YReqBhJ5U9igA,School center
Công Giáo VIET Catholic El Paso,,,8011 Williamette Ave,El Paso,Texas,US,https://lavangelpaso.org/,,Religious destination,,,,,,,,,,,,,,,,,,,,,,,https://www.google.com/maps/search/?api=1&query=C%C3%B4ng%20Gi%C3%A1o%20VIET%20Catholic%20El%20Paso&query_place_id=ChIJs4dgnjFd54YRDRiNd5v5DHo,Religious destination
El paso Texas,,,300 N Campbell St,El Paso,Texas,US,https://www.elpasotexas.gov/,(915) 212-0000,Driving school,,,,,,,,,,,,,,,,,,,,,,,https://www.google.com/maps/search/?api=1&query=El%20paso%20Texas&query_place_id=ChIJE3Fqb3pZ54YRfCznz98Yt6U,Driving school
Iglesia De DIOS TODO PODEROSO,5,4,3210 Alameda Ave,El Paso,Texas,US,,,Church,,,,,,,,,,,,,,,,,,,,,,,https://www.google.com/maps/search/?api=1&query=Iglesia%20De%20DIOS%20TODO%20PODEROSO&query_place_id=ChIJ5Rc7sZ1Z54YR-OrbnA6a4WM,Church
Administration Building,1,1,,El Paso,Texas,US,,,School center,,,,,,,,,,,,,,,,,,,,,,,https://www.google.com/maps/search/?api=1&query=Administration%20Building&query_place_id=ChIJ4-4HX1lY54YRQUYrBoJsPFo,School center
Benedict Hall,,,2150 Wiggins Rd,El Paso,Texas,US,,,Educational institution,,,,,,,,,,,,,,,,,,,,,,,https://www.google.com/maps/search/?api=1&query=Benedict%20Hall&query_place_id=ChIJuy671FhY54YRy6D4hajzvYw,Educational institution
The Institute of Oral History,,,1900 Wiggins Rd,El Paso,Texas,US,https://www.utep.edu/liberalarts/oral-history/,(915) 747-5238,Educational institution,,,,,,,,,,,,,,,,,,,,,,,https://www.google.com/maps/search/?api=1&query=The%20Institute%20of%20Oral%20History&query_place_id=ChIJj39GpF5Y54YRf5h1pbynSjw,Educational institution
Citation 1,,,500 W University Ave,El Paso,Texas,US,http://www.utep.edu/,,University,,,,,,,,,,,,,,,,,,,,,,,https://www.google.com/maps/search/?api=1&query=Citation%201&query_place_id=ChIJ89RV5VtY54YR1jSv1qTYxXw,University
"Proactive El Paso,LLC",,,1201 E Schuster Ave Ste 1A,El Paso,Texas,US,https://www.proactivecr.com/,(915) 320-6797,Research institute,,,,,,,,,,,,,,,,,,,,,,,https://www.google.com/maps/search/?api=1&query=Proactive%20El%20Paso%2CLLC&query_place_id=ChIJC5njuo9Z54YR28cy31HalSk,Research institute
"El Paso Medical Research Institute (MedResearch, INC.)",,,1201 E Schuster Ave STE 1A,El Paso,Texas,US,http://www.epmedresearch.com/,(915) 307-4669,Research institute,,,,,,,,,,,,,,,,,,,,,,,https://www.google.com/maps/search/?api=1&query=El%20Paso%20Medical%20Research%20Institute%20(MedResearch%2C%20INC.)&query_place_id=ChIJ8_P0e7FE54YRbTlX12dJRAo,Research institute
Screaming Eagles Martial Arts,4.7,57,750 Sunland Park Dr,El Paso,Texas,US,http://screamingeaglesmartialarts.com/,(915) 820-0739,Martial arts school,,,,,,,,,,,,,,,,,,,,,,,https://www.google.com/maps/search/?api=1&query=Screaming%20Eagles%20Martial%20Arts&query_place_id=ChIJW6KazvxX54YRCVjIZwx7JO4,Martial arts school
Century Dance,,,5806 Alameda Ave,El Paso,Texas,US,,(915) 881-1939,Ballet school,Dance school,,,,,,,,,,,,,,,,,,,,,,https://www.google.com/maps/search/?api=1&query=Century%20Dance&query_place_id=ChIJh1OHO8hb54YR_Fg4SPTY780,Ballet school
The Project Box,,,7062 Alameda Ave,El Paso,Texas,US,,(915) 532-8777,Research institute,,,,,,,,,,,,,,,,,,,,,,,https://www.google.com/maps/search/?api=1&query=The%20Project%20Box&query_place_id=ChIJOTNeRzNb54YR1DgpN_FCx4M,Research institute
HAWKINS DRIVING CENTER,3.7,3,9915 Montana Ave,El Paso,Texas,US,,(915) 772-1997,Driving school,,,,,,,,,,,,,,,,,,,,,,,https://www.google.com/maps/search/?api=1&query=HAWKINS%20DRIVING%20CENTER&query_place_id=ChIJc7w39M1a54YRckH3n87rL9I,Driving school
El Paso Chinese Baptist Church,5,7,2030 Grant Ave,El Paso,Texas,US,,(915) 532-7153,Baptist church,,,,,,,,,,,,,,,,,,,,,,,https://www.google.com/maps/search/?api=1&query=El%20Paso%20Chinese%20Baptist%20Church&query_place_id=ChIJGZvH-KRZ54YRmAOSZhRAVnY,Baptist church
El Paso License to Carry,,,"At a private range in the, Upper Valley Rd",El Paso,Texas,US,https://www.elpasolicensetocarry.com/el-paso-firearms-classes/,(915) 222-1840,Adult education school,,,,,,,,,,,,,,,,,,,,,,,https://www.google.com/maps/search/?api=1&query=El%20Paso%20License%20to%20Carry&query_place_id=ChIJSxAhKXj_3YYRUQMg1WhcCWs,Adult education school
Alchemy Karate Academy,4.5,51,1613 N Zaragoza Rd,El Paso,Texas,US,https://www.alchemykarateacademy.com/,(915) 921-5677,Martial arts school,,,,,,,,,,,,,,,,,,,,,,,https://www.google.com/maps/search/?api=1&query=Alchemy%20Karate%20Academy&query_place_id=ChIJVUvuk4hD54YRa2lJTeqKZp0,Martial arts school
Japan Karate Association-El Paso Llc,5,20,1530 Lomaland Dr,El Paso,Texas,US,,(915) 591-5008,Martial arts school,,,,,,,,,,,,,,,,,,,,,,,https://www.google.com/maps/search/?api=1&query=Japan%20Karate%20Association-El%20Paso%20Llc&query_place_id=ChIJvcVVtbxE54YRsfFU2KSY_pQ,Martial arts school
Dailyn,,,3611 E San Antonio Ave,El Paso,Texas,US,,,Shrine,,,,,,,,,,,,,,,,,,,,,,,https://www.google.com/maps/search/?api=1&query=Dailyn&query_place_id=ChIJl59oCwBZ54YRodbiBS37dpY,Shrine
Iglesia Nueva Jerusalén,,,3710 Alameda Ave,El Paso,Texas,US,,,Church,,,,,,,,,,,,,,,,,,,,,,,https://www.google.com/maps/search/?api=1&query=Iglesia%20Nueva%20Jerusal%C3%A9n&query_place_id=ChIJAzcDFABZ54YR2ubkEuDoncY,Church
Los Guerreros Mural,,,4228 Manzana Ave,El Paso,Texas,US,,,Shrine,,,,,,,,,,,,,,,,,,,,,,,https://www.google.com/maps/search/?api=1&query=Los%20Guerreros%20Mural&query_place_id=ChIJoQMCYwBZ54YRqDWTLx5zu0E,Shrine
TWENTY EIGHT MIXERS private bartender,5,4,4242 Boy Scout Ln,El Paso,Texas,US,https://www.28mixerselpasobartender.com/,(915) 408-7287,Bartending school,Catering food and drink supplier,Event venue,Wedding service,,,,,,,,,,,,,,,,,,,,https://www.google.com/maps/search/?api=1&query=TWENTY%20EIGHT%20MIXERS%20private%20bartender&query_place_id=ChIJKW2Wkvj53YYRK_5IkSQ-z8s,Bartending school
Iglesia La Hora De Salvacion,4.9,16,323 N Carolina Dr,El Paso,Texas,US,,(915) 775-9877,Religious organization,,,,,,,,,,,,,,,,,,,,,,,https://www.google.com/maps/search/?api=1&query=Iglesia%20La%20Hora%20De%20Salvacion&query_place_id=ChIJK4enomBb54YRXaTLvV4wFQM,Religious organization
EP Dance Center of Visual and Performing Arts,5,2,5300 Doniphan Dr #10,El Paso,Texas,US,https://www.epcvpa.com/,(915) 309-4636,Dance school,,,,,,,,,,,,,,,,,,,,,,,https://www.google.com/maps/search/?api=1&query=EP%20Dance%20Center%20of%20Visual%20and%20Performing%20Arts&query_place_id=ChIJv0D_O8n53YYRjtAu8rwQrWc,Dance school
Old Main,5,1,"Old Main, 501 Circle Dr",El Paso,Texas,US,,,Educational institution,,,,,,,,,,,,,,,,,,,,,,,https://www.google.com/maps/search/?api=1&query=Old%20Main&query_place_id=ChIJmb6BqJlZ54YRFOpO1ZNUo8Q,Educational institution
Go West Sliders,5,16,6393 Westside Dr,El Paso,Texas,US,https://www.horseridinglessonsinelpasotx.com/,(915) 494-9000,Horse riding school,,,,,,,,,,,,,,,,,,,,,,,https://www.google.com/maps/search/?api=1&query=Go%20West%20Sliders&query_place_id=ChIJj6P5S6r-3YYRHPAeYT7F1iM,Horse riding school
Latino Alcohol & Health Disparities Research Center,,,"Psychology Department - Attn: Antonio Martinez, 500 W University Avenue",El Paso,TX,US,,(915) 747-7923,Research institute,,,,,,,,,,,,,,,,,,,,,,,https://www.google.com/maps/search/?api=1&query=Latino%20Alcohol%20%26%20Health%20Disparities%20Research%20Center&query_place_id=ChIJ89RV5VtY54YRAC1p3ZWGzxw,Research institute
Iglesia Evangelica de Dios en Cristo Jesus,5,6,2328 Grant Ave,El Paso,Texas,US,,,Apostolic church,,,,,,,,,,,,,,,,,,,,,,,https://www.google.com/maps/search/?api=1&query=Iglesia%20Evangelica%20de%20Dios%20en%20Cristo%20Jesus&query_place_id=ChIJz-AYwolZ54YRDVAloX6V04I,Apostolic church
Iglesia Bautista La Gran Comisión,,,1607 Montana Ave,El Paso,Texas,US,,(915) 256-6676,Baptist church,,,,,,,,,,,,,,,,,,,,,,,https://www.google.com/maps/search/?api=1&query=Iglesia%20Bautista%20La%20Gran%20Comisi%C3%B3n&query_place_id=ChIJR9RpffJZ54YRgc5n9ZPWGHw,Baptist church
Chapel of Our Lady of Light,3.2,5,355 Dolan St,El Paso,Texas,US,https://ourladyofthelight.wixsite.com/website,(915) 532-1757,Catholic church,,,,,,,,,,,,,,,,,,,,,,,https://www.google.com/maps/search/?api=1&query=Chapel%20of%20Our%20Lady%20of%20Light&query_place_id=ChIJFXWAgW1b54YRjytJ_lO9W0s,Catholic church
YISD Transportation,4.2,34,7944 Yermoland Dr,El Paso,Texas,US,http://www.yisd.net/,(915) 434-1740,School bus service,,,,,,,,,,,,,,,,,,,,,,,https://www.google.com/maps/search/?api=1&query=YISD%20Transportation&query_place_id=ChIJUwOd-VRD54YRNZC76gWeSGk,School bus service
10th Planet Jiu Jitsu El Paso,4.9,116,10854 Pellicano Dr,El Paso,Texas,US,https://10thplanetelpaso.com/,(915) 317-2585,Jujitsu school,Gym,Muay Thai boxing gym,Wrestling school,Yoga instructor,,,,,,,,,,,,,,,,,,,https://www.google.com/maps/search/?api=1&query=10th%20Planet%20Jiu%20Jitsu%20El%20Paso&query_place_id=ChIJle3jKJlE54YRJCIZ-_Gi3gY,Jujitsu school
AM Ballroom Dance Studio,4.5,8,750 Sunland Park Dr Ste. L01,El Paso,Texas,US,https://amballroom.com/,(915) 257-8251,Dance school,,,,,,,,,,,,,,,,,,,,,,,https://www.google.com/maps/search/?api=1&query=AM%20Ballroom%20Dance%20Studio&query_place_id=ChIJjd0OKkpX54YR-nHeVIE6CIU,Dance school
El Paso Starlight CDL LLC,5,140,1701 Bassett Ave Ste 116,El Paso,Texas,US,https://www.elpasostarlightcdlllc.com/,(915) 996-5999,Truck driving school,Driving school,,,,,,,,,,,,,,,,,,,,,,https://www.google.com/maps/search/?api=1&query=El%20Paso%20Starlight%20CDL%20LLC&query_place_id=ChIJMaBCUwBZ54YRY_gIaAN-kGc,Truck driving school
Iglesia Yo Soy El Que Soy,4.4,7,400 N Carolina Dr,El Paso,Texas,US,,,Church,,,,,,,,,,,,,,,,,,,,,,,https://www.google.com/maps/search/?api=1&query=Iglesia%20Yo%20Soy%20El%20Que%20Soy&query_place_id=ChIJlX60oy5b54YRqUb9zYvYHJY,Church